schema_version,corpus_release_id,poet_id,poet_name,poem_id,title,relative_path,source_bytes,source_sha256,canonical_text_sha256,unicode_character_count,physical_line_count,nonblank_line_count,inventory_word_estimate,warning_codes
1.0,versemap-reference-d9969e023145ab13,edgar-allan-poe,Edgar Allan Poe,edgar-allan-poe-1185beb31de694bf,A Dream within a Dream,Edgar Allan Poe/A Dream within a Dream.txt,660,e71d9f35bd3f297babd09a09afa072fe5a772872047a51f871b0a97598503553,e71d9f35bd3f297babd09a09afa072fe5a772872047a51f871b0a97598503553,660,25,24,141,
1.0,versemap-reference-d9969e023145ab13,edgar-allan-poe,Edgar Allan Poe,edgar-allan-poe-d996bf649a054bd4,A Dream,Edgar Allan Poe/A Dream.txt,522,6428e801b42f7e7d2a16cadb99ea39c8edb10ace57f22a409285d99e901683d1,6428e801b42f7e7d2a16cadb99ea39c8edb10ace57f22a409285d99e901683d1,522,19,16,96,
1.0,versemap-reference-d9969e023145ab13,edgar-allan-poe,Edgar Allan Poe,edgar-allan-poe-a20bc585e4ec3352,A Pæan,Edgar Allan Poe/A Pæan.txt,1686,938f68567313f1e181b210fa9b6b729e0b467e4d0b46c922e3d61f51c46d27d0,938f68567313f1e181b210fa9b6b729e0b467e4d0b46c922e3d61f51c46d27d0,1685,55,44,257,
1.0,versemap-reference-d9969e023145ab13,edgar-allan-poe,Edgar Allan Poe,edgar-allan-poe-610f374cd5098b6c,A Valentine,Edgar Allan Poe/A Valentine.txt,938,338c3111db543a4bf513f24dfaa69dcab488405987cac656fa0409dae77a2ba4,338c3111db543a4bf513f24dfaa69dcab488405987cac656fa0409dae77a2ba4,938,20,20,161,
1.0,versemap-reference-d9969e023145ab13,edgar-allan-poe,Edgar Allan Poe,edgar-allan-poe-c42ded3b98b6e85e,Al Aaraaf,Edgar Allan Poe/Al Aaraaf.txt,16185,f4a8a90b76a07552ded0a553613a9314750991c405f21f4d8f9e4df43856727b,f4a8a90b76a07552ded0a553613a9314750991c405f21f4d8f9e4df43856727b,16184,447,423,2840,
1.0,versemap-reference-d9969e023145ab13,edgar-allan-poe,Edgar Allan Poe,edgar-allan-poe-2161e646d1ddda05,Alone,Edgar Allan Poe/Alone.txt,789,4b79bae7c3aed22358cb4d38a6c041daff37451a4818e697c743fa04319026ab,4b79bae7c3aed22358cb4d38a6c041daff37451a4818e697c743fa04319026ab,789,26,24,148,
1.0,versemap-reference-d9969e023145ab13,edgar-allan-poe,Edgar Allan Poe,edgar-allan-poe-0cc8c3f928e05dd3,An Enigma,Edgar Allan Poe/An Enigma.txt,630,1d4c6cf7a7481868d864ff90bd48ad9f89f934d10f43ee78b8c6b70377701397,1d4c6cf7a7481868d864ff90bd48ad9f89f934d10f43ee78b8c6b70377701397,630,14,14,100,
1.0,versemap-reference-d9969e023145ab13,edgar-allan-poe,Edgar Allan Poe,edgar-allan-poe-0c5e16ce4dc4efd5,Annabel Lee,Edgar Allan Poe/Annabel Lee.txt,1568,398d2d33f7156310e877cdba2a545ea08f5e5bebf7e7067d3da7903818ef0943,398d2d33f7156310e877cdba2a545ea08f5e5bebf7e7067d3da7903818ef0943,1568,48,42,303,
1.0,versemap-reference-d9969e023145ab13,edgar-allan-poe,Edgar Allan Poe,edgar-allan-poe-b57f5a8db3e83d94,Bridal Ballad,Edgar Allan Poe/Bridal Ballad.txt,897,d5af649ebb872c0546eadf6d5bd0043b1404a94e709eea766c6955d4592fc692,d5af649ebb872c0546eadf6d5bd0043b1404a94e709eea766c6955d4592fc692,897,35,31,179,
1.0,versemap-reference-d9969e023145ab13,edgar-allan-poe,Edgar Allan Poe,edgar-allan-poe-a7360fc2385be60c,Dreamland,Edgar Allan Poe/Dreamland.txt,1886,892c7ca6491c91a72b113cdae2ee9cb547a9a446a54c6efedc32323ebffa4f75,892c7ca6491c91a72b113cdae2ee9cb547a9a446a54c6efedc32323ebffa4f75,1886,63,56,327,
1.0,versemap-reference-d9969e023145ab13,edgar-allan-poe,Edgar Allan Poe,edgar-allan-poe-fa19ae39f8264098,Dreams,Edgar Allan Poe/Dreams.txt,1547,cf3967815bc3521c768c42bbbec96c2511de0e6ae2c7dd8c5e1d256184c9d8af,cf3967815bc3521c768c42bbbec96c2511de0e6ae2c7dd8c5e1d256184c9d8af,1547,38,36,280,
1.0,versemap-reference-d9969e023145ab13,edgar-allan-poe,Edgar Allan Poe,edgar-allan-poe-59574da915b32056,Eldorado,Edgar Allan Poe/Eldorado.txt,543,b74b12a54a16d48903a7c0a1a5fbd69832993cecae8f5f4afe291736fad8f610,b74b12a54a16d48903a7c0a1a5fbd69832993cecae8f5f4afe291736fad8f610,543,26,24,93,
1.0,versemap-reference-d9969e023145ab13,edgar-allan-poe,Edgar Allan Poe,edgar-allan-poe-af926c75f91f79b8,Eulalie,Edgar Allan Poe/Eulalie.txt,916,12cdb68bdef57beab1df9778b30ec1ebf939933a85d85329230008a3f0534ea9,12cdb68bdef57beab1df9778b30ec1ebf939933a85d85329230008a3f0534ea9,915,22,22,133,
1.0,versemap-reference-d9969e023145ab13,edgar-allan-poe,Edgar Allan Poe,edgar-allan-poe-ff40aa9bf59a2f3c,Evening Star,Edgar Allan Poe/Evening Star.txt,573,4e74a3390241b4e9bb520e7cab8218284f2aa119f449a4330616afa197513a18,4e74a3390241b4e9bb520e7cab8218284f2aa119f449a4330616afa197513a18,573,24,23,103,
1.0,versemap-reference-d9969e023145ab13,edgar-allan-poe,Edgar Allan Poe,edgar-allan-poe-5e9678253de409d4,Fairyland,Edgar Allan Poe/Fairyland.txt,1273,6de16cd3ef076b181f7ed40046adb485c31ffbd0910427f25594a2f24c81d469,6de16cd3ef076b181f7ed40046adb485c31ffbd0910427f25594a2f24c81d469,1273,46,46,222,
1.0,versemap-reference-d9969e023145ab13,edgar-allan-poe,Edgar Allan Poe,edgar-allan-poe-f87521c0b4c4d1ec,For Annie,Edgar Allan Poe/For Annie.txt,2489,447c57396c22e78d73d34f1a4b53957d7a69e5270782dde1acee5817a6eb807f,447c57396c22e78d73d34f1a4b53957d7a69e5270782dde1acee5817a6eb807f,2489,116,102,446,
1.0,versemap-reference-d9969e023145ab13,edgar-allan-poe,Edgar Allan Poe,edgar-allan-poe-a3bfb8787d411682,Hymn. Translation from the Greek,Edgar Allan Poe/Hymn. Translation from the Greek.txt,747,f5bf101f19601d77dd5eca2411ab19d01e1239ffafa0ff87f98fe227efe0a694,f5bf101f19601d77dd5eca2411ab19d01e1239ffafa0ff87f98fe227efe0a694,747,19,16,104,
1.0,versemap-reference-d9969e023145ab13,edgar-allan-poe,Edgar Allan Poe,edgar-allan-poe-7734eee7e9ee2245,Hymn,Edgar Allan Poe/Hymn.txt,403,222c269b5cdc0172fe18f2ad8756e474e2bb5b34be2717e0dfd8e80de97254e7,222c269b5cdc0172fe18f2ad8756e474e2bb5b34be2717e0dfd8e80de97254e7,403,12,12,80,
1.0,versemap-reference-d9969e023145ab13,edgar-allan-poe,Edgar Allan Poe,edgar-allan-poe-4e588495123e6f4f,Imitation,Edgar Allan Poe/Imitation.txt,554,f7eeec979aeed4681bd998bc5d15f9a4f8292a8a0ea98fc6beb452291a8bbf63,f7eeec979aeed4681bd998bc5d15f9a4f8292a8a0ea98fc6beb452291a8bbf63,554,20,20,110,
1.0,versemap-reference-d9969e023145ab13,edgar-allan-poe,Edgar Allan Poe,edgar-allan-poe-545eb0e0efb586ba,In Youth I have known one,Edgar Allan Poe/In Youth I have known one.txt,1989,7584c44c774bc6390102d0f782bce6dbb352212d3553ff464f64233eebdda104,7584c44c774bc6390102d0f782bce6dbb352212d3553ff464f64233eebdda104,1989,44,38,307,
1.0,versemap-reference-d9969e023145ab13,edgar-allan-poe,Edgar Allan Poe,edgar-allan-poe-a8dd66265440e15c,Israfel,Edgar Allan Poe/Israfel.txt,1453,e617adc80df1aa90553d66012ad2d0a5e8284d96d701dd4d6efbc1e1bdca3c81,e617adc80df1aa90553d66012ad2d0a5e8284d96d701dd4d6efbc1e1bdca3c81,1453,58,51,252,
1.0,versemap-reference-d9969e023145ab13,edgar-allan-poe,Edgar Allan Poe,edgar-allan-poe-a88c53cea1c54bd9,Lenore,Edgar Allan Poe/Lenore.txt,1629,01c8ac3e59bb6b57234530d3447b5c5914cb57a3bbfe90b893c32dd151c4fe46,01c8ac3e59bb6b57234530d3447b5c5914cb57a3bbfe90b893c32dd151c4fe46,1627,29,26,309,
1.0,versemap-reference-d9969e023145ab13,edgar-allan-poe,Edgar Allan Poe,edgar-allan-poe-c854159c8c4b7c60,Romance,Edgar Allan Poe/Romance.txt,699,ae4dd2c745d95fd150618f75c8e4d11318876aba199ffdab3873055d3b77643a,ae4dd2c745d95fd150618f75c8e4d11318876aba199ffdab3873055d3b77643a,699,22,21,134,
1.0,versemap-reference-d9969e023145ab13,edgar-allan-poe,Edgar Allan Poe,edgar-allan-poe-c99668f6da9528e9,Scenes from Politian,Edgar Allan Poe/Scenes from Politian.txt,34228,7881216ccaf920327c7866f5fde68f7eca5a4d19546c565073608c72b0ab08a4,7881216ccaf920327c7866f5fde68f7eca5a4d19546c565073608c72b0ab08a4,34228,798,641,4411,suspiciously_long
1.0,versemap-reference-d9969e023145ab13,edgar-allan-poe,Edgar Allan Poe,edgar-allan-poe-3468aee0d07edfb5,Silence,Edgar Allan Poe/Silence.txt,678,9d764e86f468a08af7f4668ebba29aadbe25b1106b234975c5a2a2e55c506d21,9d764e86f468a08af7f4668ebba29aadbe25b1106b234975c5a2a2e55c506d21,678,15,15,116,
1.0,versemap-reference-d9969e023145ab13,edgar-allan-poe,Edgar Allan Poe,edgar-allan-poe-75f0ac122bac0efa,Song,Edgar Allan Poe/Song.txt,551,749e5d4069d863d050409d5b0a527d0bfc040d5f031c53da8e306cb01a634b18,749e5d4069d863d050409d5b0a527d0bfc040d5f031c53da8e306cb01a634b18,551,19,16,99,
1.0,versemap-reference-d9969e023145ab13,edgar-allan-poe,Edgar Allan Poe,edgar-allan-poe-858f17437b261025,Spirits of the Dead,Edgar Allan Poe/Spirits of the Dead.txt,940,8ab257211b967fa65d45bc6f7bbfd52fd1619f7a87cc2af8f95644538df6ed16,8ab257211b967fa65d45bc6f7bbfd52fd1619f7a87cc2af8f95644538df6ed16,940,28,28,172,
1.0,versemap-reference-d9969e023145ab13,edgar-allan-poe,Edgar Allan Poe,edgar-allan-poe-144a380f981c92b6,Tamerlane,Edgar Allan Poe/Tamerlane.txt,8309,b1a790ec4dd5fec56a9c255f6e4bc57ded5e3f99c145529af39bd408f722ae26,b1a790ec4dd5fec56a9c255f6e4bc57ded5e3f99c145529af39bd408f722ae26,8308,261,243,1549,
1.0,versemap-reference-d9969e023145ab13,edgar-allan-poe,Edgar Allan Poe,edgar-allan-poe-929e6c70a1536563,The Bells,Edgar Allan Poe/The Bells.txt,3387,bb4c127b2cafc37cdf7deb62f586ca4555330c1bf76dea47e2f0d0b15f74d829,bb4c127b2cafc37cdf7deb62f586ca4555330c1bf76dea47e2f0d0b15f74d829,3384,122,116,606,
1.0,versemap-reference-d9969e023145ab13,edgar-allan-poe,Edgar Allan Poe,edgar-allan-poe-2524fda9bb880756,The City in the Sea,Edgar Allan Poe/The City in the Sea.txt,1861,3189db9f5c9fd01f90eeb0f86735ac96ef6725c29bdeb5a9949d6d63dcbfae25,3189db9f5c9fd01f90eeb0f86735ac96ef6725c29bdeb5a9949d6d63dcbfae25,1861,61,55,319,
1.0,versemap-reference-d9969e023145ab13,edgar-allan-poe,Edgar Allan Poe,edgar-allan-poe-e737027290663525,The Coliseum,Edgar Allan Poe/The Coliseum.txt,1966,c4538a65750e0ee4137f34329730a1ae266125480a7b67b054cbf57450e50559,c4538a65750e0ee4137f34329730a1ae266125480a7b67b054cbf57450e50559,1965,50,46,356,
1.0,versemap-reference-d9969e023145ab13,edgar-allan-poe,Edgar Allan Poe,edgar-allan-poe-f8d018e440431ec1,The Conqueror Worm,Edgar Allan Poe/The Conqueror Worm.txt,1292,a1a2204932af5f55e143dd1e25bb5cef9a5cadafcb3a9bcdfcbb80112fc33a43,a1a2204932af5f55e143dd1e25bb5cef9a5cadafcb3a9bcdfcbb80112fc33a43,1292,44,40,229,
1.0,versemap-reference-d9969e023145ab13,edgar-allan-poe,Edgar Allan Poe,edgar-allan-poe-d0a8660292b5724f,The Forest Reverie,Edgar Allan Poe/The Forest Reverie.txt,1123,5e561de22b5807a33e105f8fedc47f3a0b29756d1d608c15d82498f0260d4ff3,5e561de22b5807a33e105f8fedc47f3a0b29756d1d608c15d82498f0260d4ff3,1123,40,38,184,
1.0,versemap-reference-d9969e023145ab13,edgar-allan-poe,Edgar Allan Poe,edgar-allan-poe-830a489f041feee2,The Happiest Day,Edgar Allan Poe/The Happiest Day.txt,1071,bbdf22bdafa67ff8857aeffa64c4a9bb994aa3fbc7a137305661a52ae499ee72,bbdf22bdafa67ff8857aeffa64c4a9bb994aa3fbc7a137305661a52ae499ee72,1071,29,24,151,
1.0,versemap-reference-d9969e023145ab13,edgar-allan-poe,Edgar Allan Poe,edgar-allan-poe-ffdc4ae9e7e089fc,The Haunted Palace,Edgar Allan Poe/The Haunted Palace.txt,1525,dbc73cb9c6846493557ee5fb6aea6ee737a4dffca3e6f01ac90beaead57299e5,dbc73cb9c6846493557ee5fb6aea6ee737a4dffca3e6f01ac90beaead57299e5,1524,53,48,250,
1.0,versemap-reference-d9969e023145ab13,edgar-allan-poe,Edgar Allan Poe,edgar-allan-poe-ac76d677a8d74f57,The Lake,Edgar Allan Poe/The Lake.txt,746,65f819c8ffddf8458889e60428e72d3a2b4e48c85003654f293c3e3e88c8fc79,65f819c8ffddf8458889e60428e72d3a2b4e48c85003654f293c3e3e88c8fc79,746,26,23,145,
1.0,versemap-reference-d9969e023145ab13,edgar-allan-poe,Edgar Allan Poe,edgar-allan-poe-f6e33dfd3082ca43,The Raven,Edgar Allan Poe/The Raven.txt,6400,e5b6829fb51fc72e42a1b1d7609a2c0e1781352f7cd1b9e0d7b24cffba361eb2,e5b6829fb51fc72e42a1b1d7609a2c0e1781352f7cd1b9e0d7b24cffba361eb2,6398,130,113,1087,
1.0,versemap-reference-d9969e023145ab13,edgar-allan-poe,Edgar Allan Poe,edgar-allan-poe-cebb25aceba4f8eb,The Sleeper,Edgar Allan Poe/The Sleeper.txt,2107,a5962d110fdd2bcd991b833a8252e15fdb3702f26e083d6009b2c0d39652c9a5,a5962d110fdd2bcd991b833a8252e15fdb3702f26e083d6009b2c0d39652c9a5,2107,64,61,376,
1.0,versemap-reference-d9969e023145ab13,edgar-allan-poe,Edgar Allan Poe,edgar-allan-poe-a0c05973d77a5404,The Valley of Unrest,Edgar Allan Poe/The Valley of Unrest.txt,892,3be5eec39a8e5727ba577ab6778c0843255b0947356f1c06a5ff93d67e268c84,3be5eec39a8e5727ba577ab6778c0843255b0947356f1c06a5ff93d67e268c84,892,27,27,155,
1.0,versemap-reference-d9969e023145ab13,edgar-allan-poe,Edgar Allan Poe,edgar-allan-poe-346edbd6f803d5af,The Village Street,Edgar Allan Poe/The Village Street.txt,2375,a1c62468092de65e068a635a2eb10571fe7d011ff314aa0e5d9e28a2d2af0f3b,a1c62468092de65e068a635a2eb10571fe7d011ff314aa0e5d9e28a2d2af0f3b,2375,85,73,381,
1.0,versemap-reference-d9969e023145ab13,edgar-allan-poe,Edgar Allan Poe,edgar-allan-poe-476c215bbd56119c,To F,Edgar Allan Poe/To F.txt,450,c3ee92256b952d22ce1a74e0229e4e70d85d6cecace55f85f2de1071ccfbf773,c3ee92256b952d22ce1a74e0229e4e70d85d6cecace55f85f2de1071ccfbf773,450,15,14,77,
1.0,versemap-reference-d9969e023145ab13,edgar-allan-poe,Edgar Allan Poe,edgar-allan-poe-18fb724d428c7b63,To Frances S. Osgood,Edgar Allan Poe/To Frances S. Osgood.txt,283,283aeacc80f3662529b087d8e5b76018e7862182b5bfc0a83cbdcaa7e421c06a,283aeacc80f3662529b087d8e5b76018e7862182b5bfc0a83cbdcaa7e421c06a,283,8,8,51,
1.0,versemap-reference-d9969e023145ab13,edgar-allan-poe,Edgar Allan Poe,edgar-allan-poe-9c1d23e3dee659cc,"To Helen - Helen, thy beauty is to me","Edgar Allan Poe/To Helen - Helen, thy beauty is to me.txt",492,6f14e9519530dc47a829043acfe2d75b631e92930d7e58b4a2c57e7c135c8ba5,6f14e9519530dc47a829043acfe2d75b631e92930d7e58b4a2c57e7c135c8ba5,492,17,15,87,
1.0,versemap-reference-d9969e023145ab13,edgar-allan-poe,Edgar Allan Poe,edgar-allan-poe-2648f430271bd3be,To Helen - I saw thee once--once only--years ago,Edgar Allan Poe/To Helen - I saw thee once--once only--years ago.txt,2857,7613025a9ee96075292abd4a9b7d171c9c23657d7fc203317204b85671d5e063,7613025a9ee96075292abd4a9b7d171c9c23657d7fc203317204b85671d5e063,2857,70,66,519,
1.0,versemap-reference-d9969e023145ab13,edgar-allan-poe,Edgar Allan Poe,edgar-allan-poe-ad6519ce8cbfa689,To Isadore,Edgar Allan Poe/To Isadore.txt,1936,a202d22bd8f0d29ddeefc6b5dc37688862a28b1828c2951f5b8a38e0a9b1378b,a202d22bd8f0d29ddeefc6b5dc37688862a28b1828c2951f5b8a38e0a9b1378b,1936,55,50,258,
1.0,versemap-reference-d9969e023145ab13,edgar-allan-poe,Edgar Allan Poe,edgar-allan-poe-c461731fa2959425,To Marie Louise (Shew),Edgar Allan Poe/To Marie Louise (Shew).txt,780,6a1158a41889af9e0712c484161a5d61074d36cf1b5e08088641285dd0e4aa45,6a1158a41889af9e0712c484161a5d61074d36cf1b5e08088641285dd0e4aa45,780,18,18,137,
1.0,versemap-reference-d9969e023145ab13,edgar-allan-poe,Edgar Allan Poe,edgar-allan-poe-38748bcd0955dfcf,To my Mother,Edgar Allan Poe/To my Mother.txt,608,eca0403bee0e6c689d3bffd15f9ed8fac8afc82b1a13c18134e343147e884a7e,eca0403bee0e6c689d3bffd15f9ed8fac8afc82b1a13c18134e343147e884a7e,608,14,14,112,
1.0,versemap-reference-d9969e023145ab13,edgar-allan-poe,Edgar Allan Poe,edgar-allan-poe-c42f60d5ae8ab057,To one in Paradise,Edgar Allan Poe/To one in Paradise.txt,1000,9e8d4a33422b37825f738a611fac1bb8fcedaf6ca0ba2abf756c6e1359192ce8,9e8d4a33422b37825f738a611fac1bb8fcedaf6ca0ba2abf756c6e1359192ce8,1000,36,32,179,
1.0,versemap-reference-d9969e023145ab13,edgar-allan-poe,Edgar Allan Poe,edgar-allan-poe-9e7837c638726d1a,To Science,Edgar Allan Poe/To Science.txt,619,c04cf4cd6e9acd63c4a29569a5288ad265db9cbbb7593bb7cfe34f210f45ded7,c04cf4cd6e9acd63c4a29569a5288ad265db9cbbb7593bb7cfe34f210f45ded7,619,14,14,111,
1.0,versemap-reference-d9969e023145ab13,edgar-allan-poe,Edgar Allan Poe,edgar-allan-poe-4fb852609bb509f2,To the River,Edgar Allan Poe/To the River.txt,469,fb0098cbe26b683edee32b1319793e1e896ae29891d11328113facb7e073befc,fb0098cbe26b683edee32b1319793e1e896ae29891d11328113facb7e073befc,469,15,14,76,
1.0,versemap-reference-d9969e023145ab13,edgar-allan-poe,Edgar Allan Poe,edgar-allan-poe-0fa879d5f8d18adc,To the Same,Edgar Allan Poe/To the Same.txt,1219,0648ddad45f5dc381c64b798833801af3602a5702dd3db8b46e6212810e0cf5a,0648ddad45f5dc381c64b798833801af3602a5702dd3db8b46e6212810e0cf5a,1219,29,28,203,
1.0,versemap-reference-d9969e023145ab13,edgar-allan-poe,Edgar Allan Poe,edgar-allan-poe-6a69163fc2894ff4,To Zante,Edgar Allan Poe/To Zante.txt,599,f33262a62780affec71e8130c516e52343ff030a40dfa342eabc95fe6edbc7a5,f33262a62780affec71e8130c516e52343ff030a40dfa342eabc95fe6edbc7a5,599,15,14,101,
1.0,versemap-reference-d9969e023145ab13,edgar-allan-poe,Edgar Allan Poe,edgar-allan-poe-696a78821a70b4e5,To---- (I heed not that my earthly lot),Edgar Allan Poe/To---- (I heed not that my earthly lot).txt,248,8f52bc6a78ca8a5508b625b91c9404d0c175a503508a67e08f1e9dfe8c0cc86d,8f52bc6a78ca8a5508b625b91c9404d0c175a503508a67e08f1e9dfe8c0cc86d,248,8,8,48,
1.0,versemap-reference-d9969e023145ab13,edgar-allan-poe,Edgar Allan Poe,edgar-allan-poe-a3b3711ebfd8201c,"To---- (The bowers whereat, in dreams, I see)","Edgar Allan Poe/To---- (The bowers whereat, in dreams, I see).txt",388,b5a57e1f5b7c49cfb9e12ca5256fdd22d16b68be44f5283f7be6b7d268a27683,b5a57e1f5b7c49cfb9e12ca5256fdd22d16b68be44f5283f7be6b7d268a27683,388,15,12,69,
1.0,versemap-reference-d9969e023145ab13,edgar-allan-poe,Edgar Allan Poe,edgar-allan-poe-11882f72812c89fd,Ulalume,Edgar Allan Poe/Ulalume.txt,3657,492a5c669012d26ee251bfa0eced4e30bf428bd049f402c1d14cb909e5b39c41,492a5c669012d26ee251bfa0eced4e30bf428bd049f402c1d14cb909e5b39c41,3657,102,94,659,
1.0,versemap-reference-d9969e023145ab13,emily-dickinson,Emily Dickinson,emily-dickinson-2c7d922a2f39c2e8,"A Book - He ate and drank the precious words,","Emily Dickinson/A Book - He ate and drank the precious words,.txt",237,601f044730a06aae0ff48237774deab67765b60fa4cb72c9022db6c2d064ca61,601f044730a06aae0ff48237774deab67765b60fa4cb72c9022db6c2d064ca61,237,8,8,46,
1.0,versemap-reference-d9969e023145ab13,emily-dickinson,Emily Dickinson,emily-dickinson-589e2709b3cdea32,A Book - There is no frigate like a book,Emily Dickinson/A Book - There is no frigate like a book.txt,223,16dc0df7bfa1922120565113e12aeacfb47597d99d9ffc6df1ae363aab5562c0,16dc0df7bfa1922120565113e12aeacfb47597d99d9ffc6df1ae363aab5562c0,223,8,8,41,
1.0,versemap-reference-d9969e023145ab13,emily-dickinson,Emily Dickinson,emily-dickinson-6aa584df843ec466,A Country Burial,Emily Dickinson/A Country Burial.txt,196,919140d3eec0d7d92a13440393ae15cd41eef228539cb8aed180dc2bec881789,919140d3eec0d7d92a13440393ae15cd41eef228539cb8aed180dc2bec881789,196,9,8,34,
1.0,versemap-reference-d9969e023145ab13,emily-dickinson,Emily Dickinson,emily-dickinson-8aa196576edc094c,A Day,Emily Dickinson/A Day.txt,481,b3d329a4c3fcb4d63b02af801c00ccdeb680bfe9446cc68f0caab55ee26a289f,b3d329a4c3fcb4d63b02af801c00ccdeb680bfe9446cc68f0caab55ee26a289f,481,21,17,87,
1.0,versemap-reference-d9969e023145ab13,emily-dickinson,Emily Dickinson,emily-dickinson-11c88de4eb44d4cf,A Man,Emily Dickinson/A Man.txt,266,72c6ca71fb9aa6f4e255f1d02f3127ed128d78cdfaa64961d4622fa3eb234da1,72c6ca71fb9aa6f4e255f1d02f3127ed128d78cdfaa64961d4622fa3eb234da1,266,9,8,46,
1.0,versemap-reference-d9969e023145ab13,emily-dickinson,Emily Dickinson,emily-dickinson-673c9847e38511b2,A Portrait,Emily Dickinson/A Portrait.txt,194,a6075928513a664e2d13123624c6f28c92bf4c79e2c3b991fb468b7485fbbcfb,a6075928513a664e2d13123624c6f28c92bf4c79e2c3b991fb468b7485fbbcfb,194,6,6,33,
1.0,versemap-reference-d9969e023145ab13,emily-dickinson,Emily Dickinson,emily-dickinson-a77d24606a0c9301,A Prayer,Emily Dickinson/A Prayer.txt,851,a4874c890637b023160b398b959cf7a8eccfc4d5f4580f6e245b372794318a20,a4874c890637b023160b398b959cf7a8eccfc4d5f4580f6e245b372794318a20,851,34,28,157,
1.0,versemap-reference-d9969e023145ab13,emily-dickinson,Emily Dickinson,emily-dickinson-b84b0cd6e69bc0ce,A Rose,Emily Dickinson/A Rose.txt,141,e47182fdfc76f7bb66032c8ad852c26d22d3dcfb488c42a75528db14f8a4ed7b,e47182fdfc76f7bb66032c8ad852c26d22d3dcfb488c42a75528db14f8a4ed7b,141,6,6,30,
1.0,versemap-reference-d9969e023145ab13,emily-dickinson,Emily Dickinson,emily-dickinson-e8cf259f6711961f,A Service of Song,Emily Dickinson/A Service of Song.txt,385,df70d436142493fc3f0f12a46b89e02302cd337a1e84211ab38d9410afb31d1e,df70d436142493fc3f0f12a46b89e02302cd337a1e84211ab38d9410afb31d1e,385,14,12,71,
1.0,versemap-reference-d9969e023145ab13,emily-dickinson,Emily Dickinson,emily-dickinson-4b8c90023470010c,A Snake,Emily Dickinson/A Snake.txt,233,ca41d1eda9a01fe5adad7c3330ca47d19654cca113a93eebc81acd0f585d3618,ca41d1eda9a01fe5adad7c3330ca47d19654cca113a93eebc81acd0f585d3618,233,8,8,42,
1.0,versemap-reference-d9969e023145ab13,emily-dickinson,Emily Dickinson,emily-dickinson-a130d9fedb7597d8,A Syllable,Emily Dickinson/A Syllable.txt,111,a51d88f10f5f7254fcf4c494765d16d09ffbcf87dcaeb4237940fd9d01c65a44,a51d88f10f5f7254fcf4c494765d16d09ffbcf87dcaeb4237940fd9d01c65a44,111,4,4,17,suspiciously_short
1.0,versemap-reference-d9969e023145ab13,emily-dickinson,Emily Dickinson,emily-dickinson-812cc264f8aadbf6,A Tempest,Emily Dickinson/A Tempest.txt,389,2856759a0813da55bb3ffbca812d107e1b60b99618288024613c4e3fa4aae9a6,2856759a0813da55bb3ffbca812d107e1b60b99618288024613c4e3fa4aae9a6,389,14,12,69,
1.0,versemap-reference-d9969e023145ab13,emily-dickinson,Emily Dickinson,emily-dickinson-11823f449bc1ccdf,A Thunder-Storm,Emily Dickinson/A Thunder-Storm.txt,620,0cd45f8684f33463db72801e206681434ba684fb1ede78ce3273d8d0b0871040,0cd45f8684f33463db72801e206681434ba684fb1ede78ce3273d8d0b0871040,620,24,20,114,
1.0,versemap-reference-d9969e023145ab13,emily-dickinson,Emily Dickinson,emily-dickinson-bdd2f730ba9b1285,A Well,Emily Dickinson/A Well.txt,603,852a2898f9b7c5155b8267f35e52c641eb81189fbfee1cffc736386bbb8c1fda,852a2898f9b7c5155b8267f35e52c641eb81189fbfee1cffc736386bbb8c1fda,603,24,20,112,
1.0,versemap-reference-d9969e023145ab13,emily-dickinson,Emily Dickinson,emily-dickinson-0acf1fdf1bf95215,A Word,Emily Dickinson/A Word.txt,85,c624cd45ae76db0e7448cf6c35bfc67f02133c2cba26bcc19ccbda242ddae588,c624cd45ae76db0e7448cf6c35bfc67f02133c2cba26bcc19ccbda242ddae588,85,6,6,19,suspiciously_short
1.0,versemap-reference-d9969e023145ab13,emily-dickinson,Emily Dickinson,emily-dickinson-1e670742d7e68481,Aftermath,Emily Dickinson/Aftermath.txt,226,20453a01c585443ebde316c7ffb745190a3e290f24d546d937b5af5b39034c98,20453a01c585443ebde316c7ffb745190a3e290f24d546d937b5af5b39034c98,226,9,8,35,
1.0,versemap-reference-d9969e023145ab13,emily-dickinson,Emily Dickinson,emily-dickinson-4de4c97c8cec93b0,Almost,Emily Dickinson/Almost.txt,236,a66f2e09f9488683014497180778fb3641bc5f6634ce3d15820b973c109c9925,a66f2e09f9488683014497180778fb3641bc5f6634ce3d15820b973c109c9925,236,9,9,40,
1.0,versemap-reference-d9969e023145ab13,emily-dickinson,Emily Dickinson,emily-dickinson-78526222a72824c7,Along the Potomac,Emily Dickinson/Along the Potomac.txt,420,76bbe649c3f8e3dc8eaeab5bb29aa849c4a07ae41bf9c55827e803b00f4fbadb,76bbe649c3f8e3dc8eaeab5bb29aa849c4a07ae41bf9c55827e803b00f4fbadb,420,19,16,79,
1.0,versemap-reference-d9969e023145ab13,emily-dickinson,Emily Dickinson,emily-dickinson-a6d7e99ab4fb3c8a,Alpine Glow,Emily Dickinson/Alpine Glow.txt,247,f2cc8d01691fdc3138e93b35c7d430e8c58c600226f3bfc454515ffb55956a0d,f2cc8d01691fdc3138e93b35c7d430e8c58c600226f3bfc454515ffb55956a0d,247,11,10,40,
1.0,versemap-reference-d9969e023145ab13,emily-dickinson,Emily Dickinson,emily-dickinson-d482cfb2f2fedeaf,Apocalypse,Emily Dickinson/Apocalypse.txt,288,084fda989ff52504fbe77a9928e746c7ee5d759c675f621bf59efc055e15a456,084fda989ff52504fbe77a9928e746c7ee5d759c675f621bf59efc055e15a456,288,14,12,53,
1.0,versemap-reference-d9969e023145ab13,emily-dickinson,Emily Dickinson,emily-dickinson-f8f03da0a7243382,Apotheosis,Emily Dickinson/Apotheosis.txt,191,1ca40da878ae18cda0e05621269e1695a68639c8f7f5c0e2758a8c5aae5cfc4c,1ca40da878ae18cda0e05621269e1695a68639c8f7f5c0e2758a8c5aae5cfc4c,191,9,8,32,
1.0,versemap-reference-d9969e023145ab13,emily-dickinson,Emily Dickinson,emily-dickinson-ce3595fd70784505,April,Emily Dickinson/April.txt,495,5efa669a1a0d9d7756af16ad0b1568d4c5457a73192736fd28cc30e34013eb52,5efa669a1a0d9d7756af16ad0b1568d4c5457a73192736fd28cc30e34013eb52,495,16,16,89,
1.0,versemap-reference-d9969e023145ab13,emily-dickinson,Emily Dickinson,emily-dickinson-0b987348c0c46f19,Asleep,Emily Dickinson/Asleep.txt,350,b1fdb87def7f6608e4190de1d38669b8b40955b6fad18b6a36f9a7539921898c,b1fdb87def7f6608e4190de1d38669b8b40955b6fad18b6a36f9a7539921898c,350,14,12,60,
1.0,versemap-reference-d9969e023145ab13,emily-dickinson,Emily Dickinson,emily-dickinson-2e364115b886cf4a,Aspiration,Emily Dickinson/Aspiration.txt,234,34039763d300359c7d09552126655df261bb0186bfad912a0034bca4e1d919d6,34039763d300359c7d09552126655df261bb0186bfad912a0034bca4e1d919d6,234,9,8,47,
1.0,versemap-reference-d9969e023145ab13,emily-dickinson,Emily Dickinson,emily-dickinson-0ffa348ab2bbd37f,Astra Castra,Emily Dickinson/Astra Castra.txt,219,c12e829bc14a83a30046705b69f533fa53191d2f455c5465121c4b7e04388cda,c12e829bc14a83a30046705b69f533fa53191d2f455c5465121c4b7e04388cda,219,9,8,32,
1.0,versemap-reference-d9969e023145ab13,emily-dickinson,Emily Dickinson,emily-dickinson-15184cd37ef90ed2,At Home,Emily Dickinson/At Home.txt,569,d377833813f5b19cfdbdcb7ff31dab0ee2f5d0d28528bfc307c553a55cb3a673,d377833813f5b19cfdbdcb7ff31dab0ee2f5d0d28528bfc307c553a55cb3a673,569,24,20,101,
1.0,versemap-reference-d9969e023145ab13,emily-dickinson,Emily Dickinson,emily-dickinson-6c6f2fad0700caa7,At Length,Emily Dickinson/At Length.txt,431,d27a9504f726ab5fa7354c450fa56eef129b96519a0b61e7b3d07a884416a4a5,d27a9504f726ab5fa7354c450fa56eef129b96519a0b61e7b3d07a884416a4a5,431,19,16,73,
1.0,versemap-reference-d9969e023145ab13,emily-dickinson,Emily Dickinson,emily-dickinson-f9568e2c9180b32d,Aurora,Emily Dickinson/Aurora.txt,503,dd6d4ce130488c4aed351e6ee32fbc64faad350853fe911f3ce6cb8f8cc13b18,dd6d4ce130488c4aed351e6ee32fbc64faad350853fe911f3ce6cb8f8cc13b18,503,20,19,81,
1.0,versemap-reference-d9969e023145ab13,emily-dickinson,Emily Dickinson,emily-dickinson-5506e9e117deb618,Autumn,Emily Dickinson/Autumn.txt,233,c78783c4b9e1f150a10e6b3fe88ba110c9da54655da5ecf1b6d3886c7f798223,c78783c4b9e1f150a10e6b3fe88ba110c9da54655da5ecf1b6d3886c7f798223,233,9,8,44,
1.0,versemap-reference-d9969e023145ab13,emily-dickinson,Emily Dickinson,emily-dickinson-97eee65368e319e8,Beclouded,Emily Dickinson/Beclouded.txt,234,3a4a60bfcf8f6689ce2ec28602f88d15da5e540464c684ab869154ab0ae6ee95,3a4a60bfcf8f6689ce2ec28602f88d15da5e540464c684ab869154ab0ae6ee95,234,9,8,45,
1.0,versemap-reference-d9969e023145ab13,emily-dickinson,Emily Dickinson,emily-dickinson-5fa5118fe7b53e99,Bequest,Emily Dickinson/Bequest.txt,216,c9631c3bf22afbc17570f039f5397f1571e91169e930379134fbf1762da22901,c9631c3bf22afbc17570f039f5397f1571e91169e930379134fbf1762da22901,216,9,8,38,
1.0,versemap-reference-d9969e023145ab13,emily-dickinson,Emily Dickinson,emily-dickinson-282ffe0db6676989,By the Sea,Emily Dickinson/By the Sea.txt,662,f3ce3ea650ef568c5d39a74409a2361e25f162506b7800b71d4266dbc6700f8c,f3ce3ea650ef568c5d39a74409a2361e25f162506b7800b71d4266dbc6700f8c,662,29,24,131,
1.0,versemap-reference-d9969e023145ab13,emily-dickinson,Emily Dickinson,emily-dickinson-93f586bf458d44fd,Called Back,Emily Dickinson/Called Back.txt,528,c570274b703ae14c7f99fe644f115ac63452642b391ce0e045ec34e90127c53b,c570274b703ae14c7f99fe644f115ac63452642b391ce0e045ec34e90127c53b,528,22,19,95,
1.0,versemap-reference-d9969e023145ab13,emily-dickinson,Emily Dickinson,emily-dickinson-9f051110b879c49c,Childish Griefs,Emily Dickinson/Childish Griefs.txt,240,57cc1c650a5adcf61cdc57e48d3bad932b27ab31268bd66706f141fc4d9f0af9,57cc1c650a5adcf61cdc57e48d3bad932b27ab31268bd66706f141fc4d9f0af9,240,9,8,35,
1.0,versemap-reference-d9969e023145ab13,emily-dickinson,Emily Dickinson,emily-dickinson-90a76e6e1da67959,Choice,Emily Dickinson/Choice.txt,355,f1c2887d407c4a9301b29c89134c8897ae29f7c6c02c1a66ec2588c7e1b691e4,f1c2887d407c4a9301b29c89134c8897ae29f7c6c02c1a66ec2588c7e1b691e4,355,14,12,65,
1.0,versemap-reference-d9969e023145ab13,emily-dickinson,Emily Dickinson,emily-dickinson-e71a98b5a894dac3,Cobwebs,Emily Dickinson/Cobwebs.txt,211,83ebea0b9e550f5b4a1bcfb0b30fefbf72e9ec4c4d033cd8b0a4da14a3463661,83ebea0b9e550f5b4a1bcfb0b30fefbf72e9ec4c4d033cd8b0a4da14a3463661,211,9,8,35,
1.0,versemap-reference-d9969e023145ab13,emily-dickinson,Emily Dickinson,emily-dickinson-a6e5b42403c49231,Cocoon,Emily Dickinson/Cocoon.txt,105,6e778e284a78dac35f64b0e8daeee67e2b417a4dacc69b77cee93d207b0a0a83,6e778e284a78dac35f64b0e8daeee67e2b417a4dacc69b77cee93d207b0a0a83,105,5,5,19,suspiciously_short
1.0,versemap-reference-d9969e023145ab13,emily-dickinson,Emily Dickinson,emily-dickinson-03b78a0e9786e2b7,Compensation,Emily Dickinson/Compensation.txt,200,338cd8ee6d6911896c8f1026cef23f9acc91dc0b03c85d522a6d563cb7d98151,338cd8ee6d6911896c8f1026cef23f9acc91dc0b03c85d522a6d563cb7d98151,200,9,8,33,
1.0,versemap-reference-d9969e023145ab13,emily-dickinson,Emily Dickinson,emily-dickinson-be6be922249df9c2,Consecration,Emily Dickinson/Consecration.txt,196,a58c746a8b4494f12473edd2e90cb10df1d400c709299a16016233d76934343d,a58c746a8b4494f12473edd2e90cb10df1d400c709299a16016233d76934343d,196,4,4,38,
1.0,versemap-reference-d9969e023145ab13,emily-dickinson,Emily Dickinson,emily-dickinson-54526415357f21e0,Contrast,Emily Dickinson/Contrast.txt,251,5eec9bf3c730295533a2230cf3c1041fc1961c9a21f71417c695cf164592e762,5eec9bf3c730295533a2230cf3c1041fc1961c9a21f71417c695cf164592e762,251,9,8,42,
1.0,versemap-reference-d9969e023145ab13,emily-dickinson,Emily Dickinson,emily-dickinson-06930dae01ff67bf,Dawn - Not knowing when the dawn will come,Emily Dickinson/Dawn - Not knowing when the dawn will come.txt,116,0e6801860bf237dc78ad8f99a35ac8004b831183c9c2a489a9aa4affb1b5d2bf,0e6801860bf237dc78ad8f99a35ac8004b831183c9c2a489a9aa4affb1b5d2bf,116,4,4,23,
1.0,versemap-reference-d9969e023145ab13,emily-dickinson,Emily Dickinson,emily-dickinson-3132b6595cf0bfe8,"Dawn - When night is almost done,","Emily Dickinson/Dawn - When night is almost done,.txt",223,5623b9a84c0c5dbd5024a45c4ba2a2d7198b08a4ef48b1acced95c6f6402e023,5623b9a84c0c5dbd5024a45c4ba2a2d7198b08a4ef48b1acced95c6f6402e023,223,9,8,43,
1.0,versemap-reference-d9969e023145ab13,emily-dickinson,Emily Dickinson,emily-dickinson-2e623cb4014f3205,Day's Parlor,Emily Dickinson/Day's Parlor.txt,513,649ae201a396178a6ff563fb1a3ac39b85528a9e39931f27919d1d61536cae44,649ae201a396178a6ff563fb1a3ac39b85528a9e39931f27919d1d61536cae44,513,19,16,90,
1.0,versemap-reference-d9969e023145ab13,emily-dickinson,Emily Dickinson,emily-dickinson-e3b399824ae94bb3,Dead,Emily Dickinson/Dead.txt,352,b8ba9a06f76ad88c62865e27588bf6529ce4065d437539dbb7dff911ece18048,b8ba9a06f76ad88c62865e27588bf6529ce4065d437539dbb7dff911ece18048,352,14,12,60,
1.0,versemap-reference-d9969e023145ab13,emily-dickinson,Emily Dickinson,emily-dickinson-487671ae4b0e7c64,Death and Life,Emily Dickinson/Death and Life.txt,207,732013b3332e1f7c138bd6d8b5a58beba09f396d51df0a10f762c8a004fd3426,732013b3332e1f7c138bd6d8b5a58beba09f396d51df0a10f762c8a004fd3426,207,8,8,36,
1.0,versemap-reference-d9969e023145ab13,emily-dickinson,Emily Dickinson,emily-dickinson-281615c6e7c818dd,Death,Emily Dickinson/Death.txt,297,228587fa5196985c46a9c726a61f963c1222b319fdba33598e11b3d2223100f9,228587fa5196985c46a9c726a61f963c1222b319fdba33598e11b3d2223100f9,297,14,12,55,
1.0,versemap-reference-d9969e023145ab13,emily-dickinson,Emily Dickinson,emily-dickinson-e0917a24e42f726e,Deed,Emily Dickinson/Deed.txt,218,bc6f81f23e0f938e8c8c6f2a0395a5c8a166899272f6fd01afeec5d59aa27000,bc6f81f23e0f938e8c8c6f2a0395a5c8a166899272f6fd01afeec5d59aa27000,218,9,8,45,
1.0,versemap-reference-d9969e023145ab13,emily-dickinson,Emily Dickinson,emily-dickinson-51e8cf6cf6e0c04e,Desire,Emily Dickinson/Desire.txt,234,5fbe4b97f0977c143dee4971264f7f5a23e438d411d675adb1b8e32665039652,5fbe4b97f0977c143dee4971264f7f5a23e438d411d675adb1b8e32665039652,234,9,8,34,
1.0,versemap-reference-d9969e023145ab13,emily-dickinson,Emily Dickinson,emily-dickinson-b6e4ca1d59d6cebe,Disenchantment,Emily Dickinson/Disenchantment.txt,235,fcab944cc07f305305cc96948a5bbc6d62e157816ed92235a2378a1e85d959e7,fcab944cc07f305305cc96948a5bbc6d62e157816ed92235a2378a1e85d959e7,235,9,8,44,
1.0,versemap-reference-d9969e023145ab13,emily-dickinson,Emily Dickinson,emily-dickinson-5fc177f066ca946f,Dreams,Emily Dickinson/Dreams.txt,113,2b73fde5bfb1ee3c97ccdfa11c955555ea38f167338b49402b76ea8540a422a0,2b73fde5bfb1ee3c97ccdfa11c955555ea38f167338b49402b76ea8540a422a0,113,4,4,22,
1.0,versemap-reference-d9969e023145ab13,emily-dickinson,Emily Dickinson,emily-dickinson-1271bf9061ea4ba2,Dying - I heard a fly buzz when I died;,Emily Dickinson/Dying - I heard a fly buzz when I died;.txt,513,256fe4cd1f6fed9aad77816935cd0cd7487e8d67569784b576ea0f5d6f65e303,256fe4cd1f6fed9aad77816935cd0cd7487e8d67569784b576ea0f5d6f65e303,513,19,16,92,
1.0,versemap-reference-d9969e023145ab13,emily-dickinson,Emily Dickinson,emily-dickinson-c79c9540156456ad,"Dying - The sun kept setting, setting still;","Emily Dickinson/Dying - The sun kept setting, setting still;.txt",473,650b7b1937e3607d8b4d0cd07ec163b399a38b7c721cc5d14879af813f31b9ff,650b7b1937e3607d8b4d0cd07ec163b399a38b7c721cc5d14879af813f31b9ff,473,19,16,89,
1.0,versemap-reference-d9969e023145ab13,emily-dickinson,Emily Dickinson,emily-dickinson-a4eef731cf2c442f,Emancipation,Emily Dickinson/Emancipation.txt,354,7e40f955667d274d60aa6c81e50ccb2acfad637167c61c13145bb8521c7aeb8b,7e40f955667d274d60aa6c81e50ccb2acfad637167c61c13145bb8521c7aeb8b,354,19,16,63,
1.0,versemap-reference-d9969e023145ab13,emily-dickinson,Emily Dickinson,emily-dickinson-87d7292a022ddbb0,Ending,Emily Dickinson/Ending.txt,206,48024c91a9bad23d325052cc38017f8dc79e65b4ddddc967aeb8f5e1fb1282e5,48024c91a9bad23d325052cc38017f8dc79e65b4ddddc967aeb8f5e1fb1282e5,206,9,8,39,
1.0,versemap-reference-d9969e023145ab13,emily-dickinson,Emily Dickinson,emily-dickinson-5ceffa26d88c6ff2,Enough,Emily Dickinson/Enough.txt,463,35fa358fdb3a7a45d8265b8afeded2a4dab593fbda41b8f8da6f3651ba227f0e,35fa358fdb3a7a45d8265b8afeded2a4dab593fbda41b8f8da6f3651ba227f0e,463,17,16,93,
1.0,versemap-reference-d9969e023145ab13,emily-dickinson,Emily Dickinson,emily-dickinson-d5360e8b7216096b,Epitaph,Emily Dickinson/Epitaph.txt,237,fc47ef05073422f65bda2bc0ed318c1eedd085b17271a3bfc0bb6c28d8ec74fc,fc47ef05073422f65bda2bc0ed318c1eedd085b17271a3bfc0bb6c28d8ec74fc,237,9,8,43,
1.0,versemap-reference-d9969e023145ab13,emily-dickinson,Emily Dickinson,emily-dickinson-1f137ed4a23e1259,Escape,Emily Dickinson/Escape.txt,209,a6c935025394748f1f85dbe34c3584b7ddd0b8f8d480b3492e573b71dd61465c,a6c935025394748f1f85dbe34c3584b7ddd0b8f8d480b3492e573b71dd61465c,209,9,8,37,
1.0,versemap-reference-d9969e023145ab13,emily-dickinson,Emily Dickinson,emily-dickinson-257eed0d0258c197,Eternity,Emily Dickinson/Eternity.txt,256,f88f854f735b96b6800ec1a1f3995412aa60c6220432f3c6ed211a33e1fa35fb,f88f854f735b96b6800ec1a1f3995412aa60c6220432f3c6ed211a33e1fa35fb,256,13,12,43,
1.0,versemap-reference-d9969e023145ab13,emily-dickinson,Emily Dickinson,emily-dickinson-d117355ea40dd397,Evening,Emily Dickinson/Evening.txt,356,b8eec878389e78e50bd853201aa06c0c6c22b08bfaa10744f1d148ff8c0b6dab,b8eec878389e78e50bd853201aa06c0c6c22b08bfaa10744f1d148ff8c0b6dab,356,14,12,67,
1.0,versemap-reference-d9969e023145ab13,emily-dickinson,Emily Dickinson,emily-dickinson-406366736e903411,Exclusion,Emily Dickinson/Exclusion.txt,300,a4d36b5437f5fc22a63db19c3397788cb4085f806fc23b12f24432c826cced39,a4d36b5437f5fc22a63db19c3397788cb4085f806fc23b12f24432c826cced39,300,14,12,53,
1.0,versemap-reference-d9969e023145ab13,emily-dickinson,Emily Dickinson,emily-dickinson-e4263365d3288a95,Experience,Emily Dickinson/Experience.txt,225,b6e03f319b150d8f82ebbb423656aca2c638b7076156511b2e0a66623b298815,b6e03f319b150d8f82ebbb423656aca2c638b7076156511b2e0a66623b298815,225,9,8,42,
1.0,versemap-reference-d9969e023145ab13,emily-dickinson,Emily Dickinson,emily-dickinson-653010bbd4d4bae6,Farewell,Emily Dickinson/Farewell.txt,483,9341ee39203c6d93ac2d1ef7c2bb7b213b8b261d52c1ef43b4998eef4a2a0fb8,9341ee39203c6d93ac2d1ef7c2bb7b213b8b261d52c1ef43b4998eef4a2a0fb8,483,19,16,100,
1.0,versemap-reference-d9969e023145ab13,emily-dickinson,Emily Dickinson,emily-dickinson-aab0c1cd7d16a09b,Fire,Emily Dickinson/Fire.txt,232,cad446f77c1c9f8f361b20c4d5e1233b457de26319fc43519e1aabcc1a894b53,cad446f77c1c9f8f361b20c4d5e1233b457de26319fc43519e1aabcc1a894b53,232,9,8,35,
1.0,versemap-reference-d9969e023145ab13,emily-dickinson,Emily Dickinson,emily-dickinson-c5b48fe678225164,Following,Emily Dickinson/Following.txt,578,89ae85554d03afbc2e0c45de107907ab428c7ba2a33f93917a258735d6b6503a,89ae85554d03afbc2e0c45de107907ab428c7ba2a33f93917a258735d6b6503a,578,24,20,110,
1.0,versemap-reference-d9969e023145ab13,emily-dickinson,Emily Dickinson,emily-dickinson-58d3acefcf8339a0,Forbidden Fruit I,Emily Dickinson/Forbidden Fruit I.txt,119,dad3e7bf8054f01f36eee8accd49a13c9d3da217e0fd394eed9752a136451ad8,dad3e7bf8054f01f36eee8accd49a13c9d3da217e0fd394eed9752a136451ad8,119,4,4,20,
1.0,versemap-reference-d9969e023145ab13,emily-dickinson,Emily Dickinson,emily-dickinson-5917d2465b9b03cd,Forbidden Fruit II,Emily Dickinson/Forbidden Fruit II.txt,237,2a45a333bb8ffe785dcd196b11d244395b7e81c0a14cfecb1976f8ec616a7ca5,2a45a333bb8ffe785dcd196b11d244395b7e81c0a14cfecb1976f8ec616a7ca5,237,9,8,40,
1.0,versemap-reference-d9969e023145ab13,emily-dickinson,Emily Dickinson,emily-dickinson-5ed508d067a54fa5,Forgotten,Emily Dickinson/Forgotten.txt,450,4c96b49140821317440a6955e0d9e6217419fa218bf7e26bd88063a541cba9c9,4c96b49140821317440a6955e0d9e6217419fa218bf7e26bd88063a541cba9c9,450,20,18,74,
1.0,versemap-reference-d9969e023145ab13,emily-dickinson,Emily Dickinson,emily-dickinson-99c0c14bb24dd676,Friends,Emily Dickinson/Friends.txt,134,4136ae6a53d11ee4169e712b0b424c16c9b1e2f34e8191e9e7046a590c0be3ab,4136ae6a53d11ee4169e712b0b424c16c9b1e2f34e8191e9e7046a590c0be3ab,134,7,6,24,
1.0,versemap-reference-d9969e023145ab13,emily-dickinson,Emily Dickinson,emily-dickinson-f29d8953f01ceb77,Fringed Gentian,Emily Dickinson/Fringed Gentian.txt,334,6941257a4b3b089e6548b9d8e84de938873aa6cb20b2015e60b9cc46be434178,6941257a4b3b089e6548b9d8e84de938873aa6cb20b2015e60b9cc46be434178,334,12,12,61,
1.0,versemap-reference-d9969e023145ab13,emily-dickinson,Emily Dickinson,emily-dickinson-4976b1503c58e5ad,From the Chrysalis,Emily Dickinson/From the Chrysalis.txt,326,5e3918968e0f65cb836f0fe94d1fcf75086dc7fbc126b7ac621f190a561d26e7,5e3918968e0f65cb836f0fe94d1fcf75086dc7fbc126b7ac621f190a561d26e7,326,14,12,63,
1.0,versemap-reference-d9969e023145ab13,emily-dickinson,Emily Dickinson,emily-dickinson-a6c6b10fd3dedefc,Ghosts,Emily Dickinson/Ghosts.txt,531,6af4626b778daf4c5d4dfbf4510080c994c113d1accfc051f511c9b378040f3b,6af4626b778daf4c5d4dfbf4510080c994c113d1accfc051f511c9b378040f3b,531,24,20,85,
1.0,versemap-reference-d9969e023145ab13,emily-dickinson,Emily Dickinson,emily-dickinson-b9d95a2c3e937583,Going,Emily Dickinson/Going.txt,677,d5af0384f0be136e5562b8c6904c573d894ff8df00d0871906d694d1da16bcb2,d5af0384f0be136e5562b8c6904c573d894ff8df00d0871906d694d1da16bcb2,677,29,24,124,
1.0,versemap-reference-d9969e023145ab13,emily-dickinson,Emily Dickinson,emily-dickinson-d86ecd8f61cb58e2,Gone,Emily Dickinson/Gone.txt,622,1a257683951097ef1729b6393a896247b9503d7689bd1097f7ab67d77b45cf5d,1a257683951097ef1729b6393a896247b9503d7689bd1097f7ab67d77b45cf5d,622,25,24,108,
1.0,versemap-reference-d9969e023145ab13,emily-dickinson,Emily Dickinson,emily-dickinson-e27f2bb6b6fe9732,Gossip,Emily Dickinson/Gossip.txt,204,88aa1ee4337fe5ade77e79ec6571d20f64ed6c40ef108a21a02c74859bd0fa15,88aa1ee4337fe5ade77e79ec6571d20f64ed6c40ef108a21a02c74859bd0fa15,204,9,8,26,
1.0,versemap-reference-d9969e023145ab13,emily-dickinson,Emily Dickinson,emily-dickinson-e89c78df1a889426,Griefs,Emily Dickinson/Griefs.txt,1103,774a9796f52f9b38d13edd6253c752f9ba021ae08b5292bb013945e693f254c1,774a9796f52f9b38d13edd6253c752f9ba021ae08b5292bb013945e693f254c1,1103,44,36,204,
1.0,versemap-reference-d9969e023145ab13,emily-dickinson,Emily Dickinson,emily-dickinson-28f60eb2633012b9,Hope - Hope is a subtle glutton;,Emily Dickinson/Hope - Hope is a subtle glutton;.txt,216,912411230823adb9d9a05064ee80154ee499a963004dfa91fd6549c7f8e2c39d,912411230823adb9d9a05064ee80154ee499a963004dfa91fd6549c7f8e2c39d,216,9,8,36,
1.0,versemap-reference-d9969e023145ab13,emily-dickinson,Emily Dickinson,emily-dickinson-c097067f10484d48,Hope - Hope is the thing with feathers,Emily Dickinson/Hope - Hope is the thing with feathers.txt,354,2ac229a73085b7c3452fd4d66b6288a666ad8e12ec08d5df24eb431b87127a82,2ac229a73085b7c3452fd4d66b6288a666ad8e12ec08d5df24eb431b87127a82,354,14,12,70,
1.0,versemap-reference-d9969e023145ab13,emily-dickinson,Emily Dickinson,emily-dickinson-42e16061aa3bd513,Hunger,Emily Dickinson/Hunger.txt,590,a0cb05aad2cfd768c01759b84225f693ec5333380412cfdcf56c9e7476d8017e,a0cb05aad2cfd768c01759b84225f693ec5333380412cfdcf56c9e7476d8017e,590,24,20,115,
1.0,versemap-reference-d9969e023145ab13,emily-dickinson,Emily Dickinson,emily-dickinson-db457d45a48f41c5,I Had a Guinea Golden,Emily Dickinson/I Had a Guinea Golden.txt,1205,832f20205f4bf1f2fa52f34d35d1fc6dfd92da634fd198cde85b1e8246000b07,832f20205f4bf1f2fa52f34d35d1fc6dfd92da634fd198cde85b1e8246000b07,1205,44,40,224,
1.0,versemap-reference-d9969e023145ab13,emily-dickinson,Emily Dickinson,emily-dickinson-9f7c007d99addc1b,Immortality,Emily Dickinson/Immortality.txt,220,b1fbd92026a20939cab7ba08b55f719754c45d725a6dcadc6f1c04fd7700d118,b1fbd92026a20939cab7ba08b55f719754c45d725a6dcadc6f1c04fd7700d118,220,9,8,34,
1.0,versemap-reference-d9969e023145ab13,emily-dickinson,Emily Dickinson,emily-dickinson-0a84eb328cf8b25f,In a Library,Emily Dickinson/In a Library.txt,793,e89b306d562938bc0de8038f4fff9c6d4cd4911855d9c56f3f14d7be8d88ba92,e89b306d562938bc0de8038f4fff9c6d4cd4911855d9c56f3f14d7be8d88ba92,793,34,28,140,
1.0,versemap-reference-d9969e023145ab13,emily-dickinson,Emily Dickinson,emily-dickinson-dfef26c1b425a449,In Shadow,Emily Dickinson/In Shadow.txt,840,009134edeef7ef953016c14baec4386984b4ba4553ed3066696afe9a6d422206,009134edeef7ef953016c14baec4386984b4ba4553ed3066696afe9a6d422206,840,34,28,164,
1.0,versemap-reference-d9969e023145ab13,emily-dickinson,Emily Dickinson,emily-dickinson-56d3220bcab2b188,In the Garden,Emily Dickinson/In the Garden.txt,572,52bf32165acaa211113354a5f90f2c887fcb44c13581b719ee41036e8d8d1354,52bf32165acaa211113354a5f90f2c887fcb44c13581b719ee41036e8d8d1354,572,24,20,107,
1.0,versemap-reference-d9969e023145ab13,emily-dickinson,Emily Dickinson,emily-dickinson-58bfe045b374b2e3,In Vain,Emily Dickinson/In Vain.txt,1076,fd878df910f8aa0bbe8e2c2eb6ec34f2b0e81ba4cae99f82988eb3623258c415,fd878df910f8aa0bbe8e2c2eb6ec34f2b0e81ba4cae99f82988eb3623258c415,1076,62,51,204,
1.0,versemap-reference-d9969e023145ab13,emily-dickinson,Emily Dickinson,emily-dickinson-a85f6c3e720b4615,Indian Summer,Emily Dickinson/Indian Summer.txt,550,fbb11a317d7c8d7de706cdb2465dc55eee54604227e2c80ffde9fe75a81dccf8,fbb11a317d7c8d7de706cdb2465dc55eee54604227e2c80ffde9fe75a81dccf8,550,23,18,99,
1.0,versemap-reference-d9969e023145ab13,emily-dickinson,Emily Dickinson,emily-dickinson-70c118a3dbcd4aca,Invisible,Emily Dickinson/Invisible.txt,219,77e1108feb0d93f092b43a837a8f9747f431545cfe74094ad61b82a70dbfb06a,77e1108feb0d93f092b43a837a8f9747f431545cfe74094ad61b82a70dbfb06a,219,9,8,40,
1.0,versemap-reference-d9969e023145ab13,emily-dickinson,Emily Dickinson,emily-dickinson-53690e6ae2c99b81,Joy in Death,Emily Dickinson/Joy in Death.txt,250,6f4f6a19073e51d0e79fe2c93833895c85c1c86d53e766798756731fe5034dda,6f4f6a19073e51d0e79fe2c93833895c85c1c86d53e766798756731fe5034dda,250,9,8,50,
1.0,versemap-reference-d9969e023145ab13,emily-dickinson,Emily Dickinson,emily-dickinson-ac675a463a3cb5a9,Life's Trades,Emily Dickinson/Life's Trades.txt,122,cdc3432ee3d9b259acda42f57381c62dc69945263afa441d4043d37ab04f3fd3,cdc3432ee3d9b259acda42f57381c62dc69945263afa441d4043d37ab04f3fd3,122,4,4,26,
1.0,versemap-reference-d9969e023145ab13,emily-dickinson,Emily Dickinson,emily-dickinson-6d9d34c5845de87f,Longing,Emily Dickinson/Longing.txt,660,5366189be8a811708ccf83b2de9bda09310c88d8dfaa24940d76347438397bb2,5366189be8a811708ccf83b2de9bda09310c88d8dfaa24940d76347438397bb2,660,29,24,117,
1.0,versemap-reference-d9969e023145ab13,emily-dickinson,Emily Dickinson,emily-dickinson-629a948084f11fa5,Lost Faith,Emily Dickinson/Lost Faith.txt,209,4a40007a1bc7fac7e2ff7083b7fb4618922c2c2fe522bbf9262b2a674d5b86f2,4a40007a1bc7fac7e2ff7083b7fb4618922c2c2fe522bbf9262b2a674d5b86f2,209,9,8,32,
1.0,versemap-reference-d9969e023145ab13,emily-dickinson,Emily Dickinson,emily-dickinson-b807d583fecc1375,Lost Joy,Emily Dickinson/Lost Joy.txt,229,ebfef923abfe7554c906d53d9c5872b7a4d783caa68cc4067405bcc804bd2882,ebfef923abfe7554c906d53d9c5872b7a4d783caa68cc4067405bcc804bd2882,229,9,8,40,
1.0,versemap-reference-d9969e023145ab13,emily-dickinson,Emily Dickinson,emily-dickinson-3cfb2831b3b3ae0f,Lost,Emily Dickinson/Lost.txt,219,a6ddf4b6d0593218ec498bcb355f271ef8b1b1a6f1ca4d286fab641f8404b760,a6ddf4b6d0593218ec498bcb355f271ef8b1b1a6f1ca4d286fab641f8404b760,219,9,8,45,
1.0,versemap-reference-d9969e023145ab13,emily-dickinson,Emily Dickinson,emily-dickinson-fed36e36381d161b,Love's Baptism,Emily Dickinson/Love's Baptism.txt,625,b98ba24916ded4326b7bdaca0164076d82bfb2bb09fe4138f5f954a1c236b04e,b98ba24916ded4326b7bdaca0164076d82bfb2bb09fe4138f5f954a1c236b04e,625,21,19,107,
1.0,versemap-reference-d9969e023145ab13,emily-dickinson,Emily Dickinson,emily-dickinson-ed8468ae5085074c,Love's Humility,Emily Dickinson/Love's Humility.txt,327,8e6e072f6dc5d8eadc69e9fef750a3054a543a7b9dbff0a777776bd89da9be74,8e6e072f6dc5d8eadc69e9fef750a3054a543a7b9dbff0a777776bd89da9be74,327,14,12,54,
1.0,versemap-reference-d9969e023145ab13,emily-dickinson,Emily Dickinson,emily-dickinson-daf38d4387f01e9c,Love,Emily Dickinson/Love.txt,99,7b88da605435ce3e6c5eb565afc0d88ea5dd5a2fab1f1365f22ad22402c831f7,7b88da605435ce3e6c5eb565afc0d88ea5dd5a2fab1f1365f22ad22402c831f7,99,4,4,16,suspiciously_short
1.0,versemap-reference-d9969e023145ab13,emily-dickinson,Emily Dickinson,emily-dickinson-6bc4d938f6d27874,Loyalty,Emily Dickinson/Loyalty.txt,319,558f83ff37f07d74d94cd4169613a71a60ff41b9043b5682c4eba632351f076d,558f83ff37f07d74d94cd4169613a71a60ff41b9043b5682c4eba632351f076d,319,9,8,55,
1.0,versemap-reference-d9969e023145ab13,emily-dickinson,Emily Dickinson,emily-dickinson-0d37a2bf58d43e45,March,Emily Dickinson/March.txt,344,5cd71137ecdc751ac4b3d822716fbec1c994b804b53644883233d781493b34ba,5cd71137ecdc751ac4b3d822716fbec1c994b804b53644883233d781493b34ba,344,12,12,65,
1.0,versemap-reference-d9969e023145ab13,emily-dickinson,Emily Dickinson,emily-dickinson-3d58d95aa32f0f22,May-Flower,Emily Dickinson/May-Flower.txt,221,43a0a5329cb20839bb46315e3e4e816f56e50d7611f98d569de3e6aad5eb08a6,43a0a5329cb20839bb46315e3e4e816f56e50d7611f98d569de3e6aad5eb08a6,221,14,12,37,
1.0,versemap-reference-d9969e023145ab13,emily-dickinson,Emily Dickinson,emily-dickinson-276cfcd10c3624ee,Melodies Unheard,Emily Dickinson/Melodies Unheard.txt,591,63d18c11e2c1fd654ba483158d8017b938d0b00abbe5c8c6f47a8d8d874bbadb,63d18c11e2c1fd654ba483158d8017b938d0b00abbe5c8c6f47a8d8d874bbadb,591,20,18,103,
1.0,versemap-reference-d9969e023145ab13,emily-dickinson,Emily Dickinson,emily-dickinson-b45f08dca0d3ab0c,Memorials,Emily Dickinson/Memorials.txt,567,7604a5084d442b61125478371a2a763c7d5b5d1b68d0be440c6ced88da43bdd6,7604a5084d442b61125478371a2a763c7d5b5d1b68d0be440c6ced88da43bdd6,567,24,20,97,
1.0,versemap-reference-d9969e023145ab13,emily-dickinson,Emily Dickinson,emily-dickinson-6d336f50b323ce3b,Mine,Emily Dickinson/Mine.txt,257,4e99f5fe91a30d02af8e595efdf7afef7a9f5045106a82ce511c717aa3b94d8a,4e99f5fe91a30d02af8e595efdf7afef7a9f5045106a82ce511c717aa3b94d8a,257,9,8,45,
1.0,versemap-reference-d9969e023145ab13,emily-dickinson,Emily Dickinson,emily-dickinson-60a617b49d9762bb,Mother Nature,Emily Dickinson/Mother Nature.txt,633,f93b11236bd74be2e35602f93be351bcd9e576da47dba380abfe334934773464,f93b11236bd74be2e35602f93be351bcd9e576da47dba380abfe334934773464,633,29,24,103,
1.0,versemap-reference-d9969e023145ab13,emily-dickinson,Emily Dickinson,emily-dickinson-99053107dd00f5ce,My Country's Wardrobe,Emily Dickinson/My Country's Wardrobe.txt,254,231e974cf4db0c03b554cfe31dc853bd66168931acd805456570178ce3faa3d5,231e974cf4db0c03b554cfe31dc853bd66168931acd805456570178ce3faa3d5,254,9,8,41,
1.0,versemap-reference-d9969e023145ab13,emily-dickinson,Emily Dickinson,emily-dickinson-3a66d9bd79e2990a,My Cricket,Emily Dickinson/My Cricket.txt,400,e23bb5277de310178225e96de2f94c00aed51e82b44a0d15f9bfaf5137f79949,e23bb5277de310178225e96de2f94c00aed51e82b44a0d15f9bfaf5137f79949,400,19,16,65,
1.0,versemap-reference-d9969e023145ab13,emily-dickinson,Emily Dickinson,emily-dickinson-432086dfc768d7bd,My Rose,Emily Dickinson/My Rose.txt,469,c0232cedd702bdcfc83b28ef2679e11c45a9d995ba959bbee015cf01b825a45f,c0232cedd702bdcfc83b28ef2679e11c45a9d995ba959bbee015cf01b825a45f,469,17,17,84,
1.0,versemap-reference-d9969e023145ab13,emily-dickinson,Emily Dickinson,emily-dickinson-21cb50c484708234,Nature's Changes,Emily Dickinson/Nature's Changes.txt,483,36b6723a8a93c5a4d063a5c337fb95e6a70e51e9214e26e341aba021223cde88,36b6723a8a93c5a4d063a5c337fb95e6a70e51e9214e26e341aba021223cde88,483,19,16,79,
1.0,versemap-reference-d9969e023145ab13,emily-dickinson,Emily Dickinson,emily-dickinson-22187eccb84f9845,November,Emily Dickinson/November.txt,444,8445527078b6383253bbf7242de4ff2dac5a4a8da6d87a8f92287f340b717305,8445527078b6383253bbf7242de4ff2dac5a4a8da6d87a8f92287f340b717305,444,19,16,80,
1.0,versemap-reference-d9969e023145ab13,emily-dickinson,Emily Dickinson,emily-dickinson-e6ca2cd97573981e,Numen Lumen,Emily Dickinson/Numen Lumen.txt,446,9ae775ea87ec71b4dd66c3d6bc4964a07693018dcdaca2110b6d73d9e6b913d5,9ae775ea87ec71b4dd66c3d6bc4964a07693018dcdaca2110b6d73d9e6b913d5,446,19,16,79,
1.0,versemap-reference-d9969e023145ab13,emily-dickinson,Emily Dickinson,emily-dickinson-489118840758fe37,Old-Fashioned,Emily Dickinson/Old-Fashioned.txt,834,007a461018be4bb25194ed3246fee7923661de2bbde80092fc59a58d42e9f46f,007a461018be4bb25194ed3246fee7923661de2bbde80092fc59a58d42e9f46f,834,34,28,150,
1.0,versemap-reference-d9969e023145ab13,emily-dickinson,Emily Dickinson,emily-dickinson-f0e5251d9297b1fc,Out of the Morning,Emily Dickinson/Out of the Morning.txt,388,5c70cc32a472422124aefd95eea9d8f55ae6c7a174b02324d9eb721b04b98073,5c70cc32a472422124aefd95eea9d8f55ae6c7a174b02324d9eb721b04b98073,388,14,12,75,
1.0,versemap-reference-d9969e023145ab13,emily-dickinson,Emily Dickinson,emily-dickinson-ce8d3d3176d00003,Parting,Emily Dickinson/Parting.txt,234,d237d537fc394d2403fa0e06266508ade78d4ddca9ae26c62f2969a7fda03fd1,d237d537fc394d2403fa0e06266508ade78d4ddca9ae26c62f2969a7fda03fd1,234,9,8,44,
1.0,versemap-reference-d9969e023145ab13,emily-dickinson,Emily Dickinson,emily-dickinson-02030c4c6cdd4c15,Philosophy,Emily Dickinson/Philosophy.txt,101,22d70337defb7836a3a4898ac0ab1ec95ae618672416d86ad0231c4b4f13f4a7,22d70337defb7836a3a4898ac0ab1ec95ae618672416d86ad0231c4b4f13f4a7,101,4,4,19,suspiciously_short
1.0,versemap-reference-d9969e023145ab13,emily-dickinson,Emily Dickinson,emily-dickinson-0229b8526935f2b6,Playmates,Emily Dickinson/Playmates.txt,228,dd500d2455d6d31a5e801d7c6fa314d3f3e8af132a38fb2d6ca4745b0659ef00,dd500d2455d6d31a5e801d7c6fa314d3f3e8af132a38fb2d6ca4745b0659ef00,228,9,8,36,
1.0,versemap-reference-d9969e023145ab13,emily-dickinson,Emily Dickinson,emily-dickinson-5fde18c71dbaa114,Possession,Emily Dickinson/Possession.txt,207,ec85b69b02b17ba06e1b95de69cc92bfdd25834c19d6e49cee857f5ec9458f1e,ec85b69b02b17ba06e1b95de69cc92bfdd25834c19d6e49cee857f5ec9458f1e,207,9,8,39,
1.0,versemap-reference-d9969e023145ab13,emily-dickinson,Emily Dickinson,emily-dickinson-c15d9940dd636e20,Power,Emily Dickinson/Power.txt,229,379ef0f1786d30c1127e183829eedd5c4c35f2e79461bec1b697da52e44aea16,379ef0f1786d30c1127e183829eedd5c4c35f2e79461bec1b697da52e44aea16,229,9,8,44,
1.0,versemap-reference-d9969e023145ab13,emily-dickinson,Emily Dickinson,emily-dickinson-e80f2ddd04e9dbdf,Prayer,Emily Dickinson/Prayer.txt,202,667d966cf8140fa3e647492033ab1900e626016a54640325d6e9db28d2330916,667d966cf8140fa3e647492033ab1900e626016a54640325d6e9db28d2330916,202,9,8,36,
1.0,versemap-reference-d9969e023145ab13,emily-dickinson,Emily Dickinson,emily-dickinson-c3f48bfc504c08d8,Precedence,Emily Dickinson/Precedence.txt,451,d7e64ebf8da7004d217f75684329c56316d282da172361fee153b3785ea804c1,d7e64ebf8da7004d217f75684329c56316d282da172361fee153b3785ea804c1,451,19,16,79,
1.0,versemap-reference-d9969e023145ab13,emily-dickinson,Emily Dickinson,emily-dickinson-756052e92e37e8f7,Problems,Emily Dickinson/Problems.txt,760,3e9da8bb5ecdefbf3e75f4abb582684c541c3af5dc1ae56fe4bf0d3c55302a2e,3e9da8bb5ecdefbf3e75f4abb582684c541c3af5dc1ae56fe4bf0d3c55302a2e,760,27,24,135,
1.0,versemap-reference-d9969e023145ab13,emily-dickinson,Emily Dickinson,emily-dickinson-e73e622ea1109cc7,Proof,Emily Dickinson/Proof.txt,242,fe27e8cb853c6243f074abd591081bbc766d04e582f30021bb219631e64ffce4,fe27e8cb853c6243f074abd591081bbc766d04e582f30021bb219631e64ffce4,242,14,12,47,
1.0,versemap-reference-d9969e023145ab13,emily-dickinson,Emily Dickinson,emily-dickinson-f76f4edf46e55d35,Psalm of the Day,Emily Dickinson/Psalm of the Day.txt,1035,5305ee4713a87d3a1b7e96a7d1a009918afa178601a40de5f69d8c3784a9ef54,5305ee4713a87d3a1b7e96a7d1a009918afa178601a40de5f69d8c3784a9ef54,1035,43,33,174,
1.0,versemap-reference-d9969e023145ab13,emily-dickinson,Emily Dickinson,emily-dickinson-9012e34600741217,Purple Clover,Emily Dickinson/Purple Clover.txt,872,cae362ca4d882c078c501b79689d85cf1bf34560832ea93d44e7d94cb308d6d4,cae362ca4d882c078c501b79689d85cf1bf34560832ea93d44e7d94cb308d6d4,872,39,32,149,
1.0,versemap-reference-d9969e023145ab13,emily-dickinson,Emily Dickinson,emily-dickinson-91026f4636b5fc14,Real Riches,Emily Dickinson/Real Riches.txt,230,55659a0db0348f7a785a1b9c657fdae3c89be2eac4e2a277bfb1757031c2db18,55659a0db0348f7a785a1b9c657fdae3c89be2eac4e2a277bfb1757031c2db18,230,9,8,44,
1.0,versemap-reference-d9969e023145ab13,emily-dickinson,Emily Dickinson,emily-dickinson-d4504e7cd0354e81,Real,Emily Dickinson/Real.txt,216,d4a00e68a82ff3bc350a720d508399a5d4bb876ea858223441ade0755b19e6bf,d4a00e68a82ff3bc350a720d508399a5d4bb876ea858223441ade0755b19e6bf,216,9,8,41,
1.0,versemap-reference-d9969e023145ab13,emily-dickinson,Emily Dickinson,emily-dickinson-b4706bf6dae0be9c,Refuge,Emily Dickinson/Refuge.txt,262,1409517701bcc8f46ac963411709c54ddb73bb5c81956466efc2dc0e590806b4,1409517701bcc8f46ac963411709c54ddb73bb5c81956466efc2dc0e590806b4,262,8,8,44,
1.0,versemap-reference-d9969e023145ab13,emily-dickinson,Emily Dickinson,emily-dickinson-1eefd6a84466884c,Remembrance,Emily Dickinson/Remembrance.txt,227,74d3e2e50d2eeba9fbaa78beb5afd7f7accc081ab79519206818d587a41367cd,74d3e2e50d2eeba9fbaa78beb5afd7f7accc081ab79519206818d587a41367cd,227,9,8,40,
1.0,versemap-reference-d9969e023145ab13,emily-dickinson,Emily Dickinson,emily-dickinson-90ae744ec509a973,Remorse,Emily Dickinson/Remorse.txt,326,a4da2bf5387b41503cc943e40f6ade3a2ecf15cb2c617133809902b82ad8e9ee,a4da2bf5387b41503cc943e40f6ade3a2ecf15cb2c617133809902b82ad8e9ee,326,14,12,55,
1.0,versemap-reference-d9969e023145ab13,emily-dickinson,Emily Dickinson,emily-dickinson-ac032f49a0f544ae,Renunciation,Emily Dickinson/Renunciation.txt,854,b97753d3d1fd52f5a72e9dc9ee9b7163aff16f2d98486d6426739af6abdbf153,b97753d3d1fd52f5a72e9dc9ee9b7163aff16f2d98486d6426739af6abdbf153,854,34,28,151,
1.0,versemap-reference-d9969e023145ab13,emily-dickinson,Emily Dickinson,emily-dickinson-55b45ca862b36685,Requiem,Emily Dickinson/Requiem.txt,329,e083468430795cb6846986a466abd75c4aea5752ee6a17f910b65fed2bb03925,e083468430795cb6846986a466abd75c4aea5752ee6a17f910b65fed2bb03925,329,14,12,58,
1.0,versemap-reference-d9969e023145ab13,emily-dickinson,Emily Dickinson,emily-dickinson-33402848c9fcf016,Resurgam,Emily Dickinson/Resurgam.txt,190,b3709a1de08a42f551b7fe9fbd7a434d62e76916f2f31dab420cb79a3f54ae88,b3709a1de08a42f551b7fe9fbd7a434d62e76916f2f31dab420cb79a3f54ae88,190,6,6,36,
1.0,versemap-reference-d9969e023145ab13,emily-dickinson,Emily Dickinson,emily-dickinson-a56cebc201120870,Resurrection,Emily Dickinson/Resurrection.txt,428,7638a5f37ebd7be90d29ed9656838db7e364689299772c2e74f7a380807bd4b2,7638a5f37ebd7be90d29ed9656838db7e364689299772c2e74f7a380807bd4b2,428,19,16,75,
1.0,versemap-reference-d9969e023145ab13,emily-dickinson,Emily Dickinson,emily-dickinson-f3a89d1d9db78492,Reticence,Emily Dickinson/Reticence.txt,321,18559d7845c3c1b8018744b2065c8b9f29908673df069fa3d3a66d231dbda9d5,18559d7845c3c1b8018744b2065c8b9f29908673df069fa3d3a66d231dbda9d5,321,14,12,52,
1.0,versemap-reference-d9969e023145ab13,emily-dickinson,Emily Dickinson,emily-dickinson-df967a930db425fe,Retrospect,Emily Dickinson/Retrospect.txt,781,e90031b59d420f6e9e49f21278fc2327fb898da3bd654177a7d02ca98ce2f978,e90031b59d420f6e9e49f21278fc2327fb898da3bd654177a7d02ca98ce2f978,781,29,24,144,
1.0,versemap-reference-d9969e023145ab13,emily-dickinson,Emily Dickinson,emily-dickinson-ff9f7badd84cae19,Returning,Emily Dickinson/Returning.txt,679,3c9775a070615bbfa73688d14ed927aefda2202d1ad3009c3cb35a0ada9932d9,3c9775a070615bbfa73688d14ed927aefda2202d1ad3009c3cb35a0ada9932d9,679,29,24,130,
1.0,versemap-reference-d9969e023145ab13,emily-dickinson,Emily Dickinson,emily-dickinson-7b82b2b125f13641,Rouge et Noir,Emily Dickinson/Rouge et Noir.txt,196,a900f3339c939c9e58ed5086078ac0e774e559edf140fde3f8de57e2a833aced,a900f3339c939c9e58ed5086078ac0e774e559edf140fde3f8de57e2a833aced,196,9,8,35,
1.0,versemap-reference-d9969e023145ab13,emily-dickinson,Emily Dickinson,emily-dickinson-62df830fa3fcbda0,Rouge Gagne,Emily Dickinson/Rouge Gagne.txt,568,c7e9700b60e6eb4de1d8285f0e609149bf16303741e94bde2a42e035706b09c3,c7e9700b60e6eb4de1d8285f0e609149bf16303741e94bde2a42e035706b09c3,568,20,18,111,
1.0,versemap-reference-d9969e023145ab13,emily-dickinson,Emily Dickinson,emily-dickinson-2563064b0d116733,Satisfied,Emily Dickinson/Satisfied.txt,591,00f4a4271e7217071a7e21c8e746c0d8c21cbd8bd40a96724cb7162c52d55910,00f4a4271e7217071a7e21c8e746c0d8c21cbd8bd40a96724cb7162c52d55910,591,24,20,99,
1.0,versemap-reference-d9969e023145ab13,emily-dickinson,Emily Dickinson,emily-dickinson-515791b90cb42be6,Saturday Afternoon,Emily Dickinson/Saturday Afternoon.txt,240,e16938a3775dd44ee6aa63042907296fbc62ef8f61db2d6c8653e1701122115d,e16938a3775dd44ee6aa63042907296fbc62ef8f61db2d6c8653e1701122115d,240,9,8,43,
1.0,versemap-reference-d9969e023145ab13,emily-dickinson,Emily Dickinson,emily-dickinson-ab6bf993b3b20de8,Saved,Emily Dickinson/Saved.txt,459,b9a560c571c1b2168f91bc13f1db86fb08fc7c1f42e9f50419954490e54e7ed5,b9a560c571c1b2168f91bc13f1db86fb08fc7c1f42e9f50419954490e54e7ed5,459,19,16,78,
1.0,versemap-reference-d9969e023145ab13,emily-dickinson,Emily Dickinson,emily-dickinson-febcc7b443766138,Secrets,Emily Dickinson/Secrets.txt,472,15c7e7a11b9e5c9462adafbc5d8d2ef06cfb3f93466a076d41e724a75f978d99,15c7e7a11b9e5c9462adafbc5d8d2ef06cfb3f93466a076d41e724a75f978d99,472,19,16,87,
1.0,versemap-reference-d9969e023145ab13,emily-dickinson,Emily Dickinson,emily-dickinson-9b9a09ccf9787ef9,Setting Sail,Emily Dickinson/Setting Sail.txt,229,60b8fa395f89df95d5eb27f4589dd4882438a3f862fc626c40c9c4c580a02e05,60b8fa395f89df95d5eb27f4589dd4882438a3f862fc626c40c9c4c580a02e05,229,9,8,39,
1.0,versemap-reference-d9969e023145ab13,emily-dickinson,Emily Dickinson,emily-dickinson-f0f80017b3d9359b,Shipwreck,Emily Dickinson/Shipwreck.txt,319,e9b51890d99b5d9bdc1f06b04c9f377e633e91daa34c33a314a503dfd48f17c5,e9b51890d99b5d9bdc1f06b04c9f377e633e91daa34c33a314a503dfd48f17c5,319,15,13,56,
1.0,versemap-reference-d9969e023145ab13,emily-dickinson,Emily Dickinson,emily-dickinson-0ba92ada035189d7,Sight,Emily Dickinson/Sight.txt,612,9bcfd1cff3b6ad84babe9e6f157bdbd2be83a2ab3a3021007666e61dc93b6da5,9bcfd1cff3b6ad84babe9e6f157bdbd2be83a2ab3a3021007666e61dc93b6da5,612,24,20,117,
1.0,versemap-reference-d9969e023145ab13,emily-dickinson,Emily Dickinson,emily-dickinson-c1aae7c1285e774c,Simplicity,Emily Dickinson/Simplicity.txt,283,14d197ba94c4f409544ad3e912c1820375862121f050f9bf995d32bc70f48dab,14d197ba94c4f409544ad3e912c1820375862121f050f9bf995d32bc70f48dab,283,10,10,46,
1.0,versemap-reference-d9969e023145ab13,emily-dickinson,Emily Dickinson,emily-dickinson-c0c5b0de3036cacb,Sleeping,Emily Dickinson/Sleeping.txt,235,78d20711b4c079d2088fe649465584324d1e8c3e62231c7742a170e13e94f9ed,78d20711b4c079d2088fe649465584324d1e8c3e62231c7742a170e13e94f9ed,235,9,8,45,
1.0,versemap-reference-d9969e023145ab13,emily-dickinson,Emily Dickinson,emily-dickinson-9875ff41768e8830,Song,Emily Dickinson/Song.txt,236,0aff15f8c1968590ff564aab85a8d3990d15a1d800bfdf409098a00e0fe741aa,0aff15f8c1968590ff564aab85a8d3990d15a1d800bfdf409098a00e0fe741aa,236,9,8,41,
1.0,versemap-reference-d9969e023145ab13,emily-dickinson,Emily Dickinson,emily-dickinson-2ee4738025179c7f,Storm,Emily Dickinson/Storm.txt,277,9f2c139e41de4e85697a5d555526ca116240f1d0643445c2a926e0779968628b,9f2c139e41de4e85697a5d555526ca116240f1d0643445c2a926e0779968628b,277,9,8,55,
1.0,versemap-reference-d9969e023145ab13,emily-dickinson,Emily Dickinson,emily-dickinson-396bd4f5563711a3,Success,Emily Dickinson/Success.txt,311,c8ccc1dba68b215bd92f68da83aac02d5697498cd4e6a15d1d88f80dfa7868b6,c8ccc1dba68b215bd92f68da83aac02d5697498cd4e6a15d1d88f80dfa7868b6,311,14,12,53,
1.0,versemap-reference-d9969e023145ab13,emily-dickinson,Emily Dickinson,emily-dickinson-fe3df6a4efce36df,Summer Shower,Emily Dickinson/Summer Shower.txt,483,bed7a7d52e5adcbc1c64b05f50ce30e7a434121ee9fa4f5f0404a254eef08ceb,bed7a7d52e5adcbc1c64b05f50ce30e7a434121ee9fa4f5f0404a254eef08ceb,483,19,16,89,
1.0,versemap-reference-d9969e023145ab13,emily-dickinson,Emily Dickinson,emily-dickinson-866033c97d31b537,Summer's Armies,Emily Dickinson/Summer's Armies.txt,735,f259071514c5fd1c1ca206c8b15c0c65f8134c50091d67d16ad386d60df9766d,f259071514c5fd1c1ca206c8b15c0c65f8134c50091d67d16ad386d60df9766d,735,27,24,123,
1.0,versemap-reference-d9969e023145ab13,emily-dickinson,Emily Dickinson,emily-dickinson-38abfff45771ed6f,Summer's Obsequies,Emily Dickinson/Summer's Obsequies.txt,483,07d697497ae8dc5a28145a8726591f74261a3f9d836d900ece317b6e57cfdac4,07d697497ae8dc5a28145a8726591f74261a3f9d836d900ece317b6e57cfdac4,483,23,19,89,
1.0,versemap-reference-d9969e023145ab13,emily-dickinson,Emily Dickinson,emily-dickinson-806eade44d7a4f2d,Sunset - A sloop of amber slips away,Emily Dickinson/Sunset - A sloop of amber slips away.txt,105,a7f86abcb5016ff8551db77cf5f6d620b9b50a2ad3ce62f58f7caebed7b724bf,a7f86abcb5016ff8551db77cf5f6d620b9b50a2ad3ce62f58f7caebed7b724bf,105,4,4,21,
1.0,versemap-reference-d9969e023145ab13,emily-dickinson,Emily Dickinson,emily-dickinson-83e449445ae24dc5,Sunset - Where ships of purple gently toss,Emily Dickinson/Sunset - Where ships of purple gently toss.txt,113,8d0782bff996b2817af19dbeb4fa1dc77b2bc67184b2ade467c3d1ebc60f494c,8d0782bff996b2817af19dbeb4fa1dc77b2bc67184b2ade467c3d1ebc60f494c,113,4,4,19,suspiciously_short
1.0,versemap-reference-d9969e023145ab13,emily-dickinson,Emily Dickinson,emily-dickinson-f9b667dda52fdb88,Superiority to Fate,Emily Dickinson/Superiority to Fate.txt,200,1567941ed74753bf7f6fb96f5b4892f0fff5585ef51faa88bd30477c9af7bd62,1567941ed74753bf7f6fb96f5b4892f0fff5585ef51faa88bd30477c9af7bd62,200,9,8,34,
1.0,versemap-reference-d9969e023145ab13,emily-dickinson,Emily Dickinson,emily-dickinson-7e248bff91446d14,Surrender,Emily Dickinson/Surrender.txt,448,f996b575830eb53702536de9a0d218ea167a601b4bb3df19be1e08b93e6d2356,f996b575830eb53702536de9a0d218ea167a601b4bb3df19be1e08b93e6d2356,448,18,17,85,
1.0,versemap-reference-d9969e023145ab13,emily-dickinson,Emily Dickinson,emily-dickinson-1071d09f1ba17222,Suspense,Emily Dickinson/Suspense.txt,205,99368062b2b1fd72c0921d2f158d395967db22fe85f095f702b2fbd7659a24d4,99368062b2b1fd72c0921d2f158d395967db22fe85f095f702b2fbd7659a24d4,205,9,8,41,
1.0,versemap-reference-d9969e023145ab13,emily-dickinson,Emily Dickinson,emily-dickinson-0aa1d42f959b19be,Thanksgiving Day,Emily Dickinson/Thanksgiving Day.txt,431,f9afc47a859904a3c50958013d3f5aac9983e83a3ef37e856c35b88601010140,f9afc47a859904a3c50958013d3f5aac9983e83a3ef37e856c35b88601010140,431,19,16,72,
1.0,versemap-reference-d9969e023145ab13,emily-dickinson,Emily Dickinson,emily-dickinson-28df672895b0e383,The Balloon,Emily Dickinson/The Balloon.txt,625,da53f5a06243653eac08289174e5f4aa318768f16b269b66e15a8ea53e38f9a4,da53f5a06243653eac08289174e5f4aa318768f16b269b66e15a8ea53e38f9a4,625,24,20,108,
1.0,versemap-reference-d9969e023145ab13,emily-dickinson,Emily Dickinson,emily-dickinson-b792f424a9e507a7,The Bat,Emily Dickinson/The Bat.txt,436,19a49c0c1c29bdb91051af81d59ae5e528fc6c88b6b29a4c80174ea8fdd7c4e1,19a49c0c1c29bdb91051af81d59ae5e528fc6c88b6b29a4c80174ea8fdd7c4e1,436,19,16,63,
1.0,versemap-reference-d9969e023145ab13,emily-dickinson,Emily Dickinson,emily-dickinson-4cf012baa533025c,The Battle-Field,Emily Dickinson/The Battle-Field.txt,268,8d45ae9f3dff2164c11f0f9fb4379037f34bbe50505cbd1d715621b45d77a7e3,8d45ae9f3dff2164c11f0f9fb4379037f34bbe50505cbd1d715621b45d77a7e3,268,9,8,45,
1.0,versemap-reference-d9969e023145ab13,emily-dickinson,Emily Dickinson,emily-dickinson-faf65a00d34b53a9,The Bee,Emily Dickinson/The Bee.txt,434,2308de780222b379535adff2ff6c1ce45a62c8000cd532862b0dea0e8e434010,2308de780222b379535adff2ff6c1ce45a62c8000cd532862b0dea0e8e434010,434,19,16,77,
1.0,versemap-reference-d9969e023145ab13,emily-dickinson,Emily Dickinson,emily-dickinson-7e130b77c59dd078,The Blue Jay,Emily Dickinson/The Blue Jay.txt,628,2875ccda623efe82e4aecafed1e0f286a82c3553af40fbea3abb8ca9da51243e,2875ccda623efe82e4aecafed1e0f286a82c3553af40fbea3abb8ca9da51243e,628,29,24,107,
1.0,versemap-reference-d9969e023145ab13,emily-dickinson,Emily Dickinson,emily-dickinson-5100882a03269a4a,The Bluebird,Emily Dickinson/The Bluebird.txt,396,41822944b4848793e8bf193ce37e2cb1bb2ae6cc2dddc683e223cf3f93bc223a,41822944b4848793e8bf193ce37e2cb1bb2ae6cc2dddc683e223cf3f93bc223a,396,17,16,69,
1.0,versemap-reference-d9969e023145ab13,emily-dickinson,Emily Dickinson,emily-dickinson-d9c6b96108f72f85,The Book of Martyrs,Emily Dickinson/The Book of Martyrs.txt,360,5c24874d370dc25990de10e1f01d09e3fc65cd78380b3efd567005a0f28d001a,5c24874d370dc25990de10e1f01d09e3fc65cd78380b3efd567005a0f28d001a,360,17,16,65,
1.0,versemap-reference-d9969e023145ab13,emily-dickinson,Emily Dickinson,emily-dickinson-960ce292264e0afa,The Brain,Emily Dickinson/The Brain.txt,380,22baf6faa45310dfbf40a25290b1ad0b54ed2d6016e813145fdbe1cdde7c55a8,22baf6faa45310dfbf40a25290b1ad0b54ed2d6016e813145fdbe1cdde7c55a8,380,14,12,72,
1.0,versemap-reference-d9969e023145ab13,emily-dickinson,Emily Dickinson,emily-dickinson-f6f01bfc34ed5f01,The Butterfly's Day,Emily Dickinson/The Butterfly's Day.txt,694,0e2fb617b9cc3c3f08269bbf55650e79356ca95b88f314aaeb64eebb20ba2e77,0e2fb617b9cc3c3f08269bbf55650e79356ca95b88f314aaeb64eebb20ba2e77,694,29,24,110,
1.0,versemap-reference-d9969e023145ab13,emily-dickinson,Emily Dickinson,emily-dickinson-5aa3c6ecbc883845,The Chariot,Emily Dickinson/The Chariot.txt,600,fe0a7bffeb75412b66c7b23b8be485c00555b76b0fb28d5eba11b6b8d9a914f7,fe0a7bffeb75412b66c7b23b8be485c00555b76b0fb28d5eba11b6b8d9a914f7,600,24,20,107,
1.0,versemap-reference-d9969e023145ab13,emily-dickinson,Emily Dickinson,emily-dickinson-ef83d802558a1022,The Coming of Night,Emily Dickinson/The Coming of Night.txt,720,0270625dd8b5d7dbfe061a9d22a46c677a8f3862caf0778f42406f94d16d7444,0270625dd8b5d7dbfe061a9d22a46c677a8f3862caf0778f42406f94d16d7444,720,29,24,129,
1.0,versemap-reference-d9969e023145ab13,emily-dickinson,Emily Dickinson,emily-dickinson-d66dc4de68cc2568,The Contract,Emily Dickinson/The Contract.txt,447,c135eb124017046d51695b15afe25c24de43e94acd38000576a30b62562d1d17,c135eb124017046d51695b15afe25c24de43e94acd38000576a30b62562d1d17,447,19,16,79,
1.0,versemap-reference-d9969e023145ab13,emily-dickinson,Emily Dickinson,emily-dickinson-1616d94258ed8f85,The Duel,Emily Dickinson/The Duel.txt,223,33fcac95a736be260f5914c0337e05ad3ef75d44bba6b2aacbe449612defe8e9,33fcac95a736be260f5914c0337e05ad3ef75d44bba6b2aacbe449612defe8e9,223,9,8,49,
1.0,versemap-reference-d9969e023145ab13,emily-dickinson,Emily Dickinson,emily-dickinson-02178ae17c94f4f5,The First Lesson,Emily Dickinson/The First Lesson.txt,371,012c667dcab7be159274e263821ad9b38cc10e02d0979fc5041b7a67c46f7a40,012c667dcab7be159274e263821ad9b38cc10e02d0979fc5041b7a67c46f7a40,371,13,12,79,
1.0,versemap-reference-d9969e023145ab13,emily-dickinson,Emily Dickinson,emily-dickinson-2bc25f5b0f910621,The Forgotten Grave,Emily Dickinson/The Forgotten Grave.txt,290,4f9a51d3e43a47bf48287ac45ea14cee4c768154775ced18cd3705f3ae2cf6a7,4f9a51d3e43a47bf48287ac45ea14cee4c768154775ced18cd3705f3ae2cf6a7,290,14,12,45,
1.0,versemap-reference-d9969e023145ab13,emily-dickinson,Emily Dickinson,emily-dickinson-636a354c8dc195ac,The Funeral,Emily Dickinson/The Funeral.txt,216,8d949b531e5a53c493f030e089f8714ba3d8cc76a1c75a86fae125df9d08919e,8d949b531e5a53c493f030e089f8714ba3d8cc76a1c75a86fae125df9d08919e,216,9,8,39,
1.0,versemap-reference-d9969e023145ab13,emily-dickinson,Emily Dickinson,emily-dickinson-0e1cea384322a156,The Goal,Emily Dickinson/The Goal.txt,474,9d340162437064b158fc56a26893ed8c48ee5af9fefd16cf2545e34ee2db89aa,9d340162437064b158fc56a26893ed8c48ee5af9fefd16cf2545e34ee2db89aa,474,24,20,79,
1.0,versemap-reference-d9969e023145ab13,emily-dickinson,Emily Dickinson,emily-dickinson-1ce2ad695cdb85d0,The Grass,Emily Dickinson/The Grass.txt,574,68d04ffb6fe3ad5b54eaaccd092747d89979fa3bb3ba9a53461a548d05ee10ca,68d04ffb6fe3ad5b54eaaccd092747d89979fa3bb3ba9a53461a548d05ee10ca,574,24,20,111,
1.0,versemap-reference-d9969e023145ab13,emily-dickinson,Emily Dickinson,emily-dickinson-23349a3439ec1d0a,The Hemlock,Emily Dickinson/The Hemlock.txt,459,b05d7835a3f4677e123e445a9df2e58642ce89e8dc3281ceab68187dca989529,b05d7835a3f4677e123e445a9df2e58642ce89e8dc3281ceab68187dca989529,459,19,16,80,
1.0,versemap-reference-d9969e023145ab13,emily-dickinson,Emily Dickinson,emily-dickinson-5e5ef0cf2689aa56,The Humming-Bird,Emily Dickinson/The Humming-Bird.txt,206,d500368e407f896ab8e643bae5eec11b88171faad8cf80e135982468f25ecf89,d500368e407f896ab8e643bae5eec11b88171faad8cf80e135982468f25ecf89,206,8,8,35,
1.0,versemap-reference-d9969e023145ab13,emily-dickinson,Emily Dickinson,emily-dickinson-5abbb19dba6d2eb4,The Inevitable,Emily Dickinson/The Inevitable.txt,341,d07dd7e6a802569618d08bfb2d88832929afc4d734e9d83a41f80b71e7b1d91f,d07dd7e6a802569618d08bfb2d88832929afc4d734e9d83a41f80b71e7b1d91f,341,12,12,64,
1.0,versemap-reference-d9969e023145ab13,emily-dickinson,Emily Dickinson,emily-dickinson-75fd643892421c4b,The Journey,Emily Dickinson/The Journey.txt,318,15f5067df951f4aa39988ffc42470a336f21cd7eb6115a481544be187a32e323,15f5067df951f4aa39988ffc42470a336f21cd7eb6115a481544be187a32e323,318,14,12,56,
1.0,versemap-reference-d9969e023145ab13,emily-dickinson,Emily Dickinson,emily-dickinson-a0545d0ae6c48d03,The Juggler of Day,Emily Dickinson/The Juggler of Day.txt,293,319ee0cd0ea072c0d42d6ef67532fe2a5f7c9a25c2c56cdc07936a13053ee702,319ee0cd0ea072c0d42d6ef67532fe2a5f7c9a25c2c56cdc07936a13053ee702,293,9,8,54,
1.0,versemap-reference-d9969e023145ab13,emily-dickinson,Emily Dickinson,emily-dickinson-db5c08b7f8a33eb5,The Letter,Emily Dickinson/The Letter.txt,950,c90cf1120a935b19c8441f050ac4ef8807a6f2a2aa1387bf16c2ba98492fe61f,c90cf1120a935b19c8441f050ac4ef8807a6f2a2aa1387bf16c2ba98492fe61f,950,26,24,181,
1.0,versemap-reference-d9969e023145ab13,emily-dickinson,Emily Dickinson,emily-dickinson-442e1dfe8fb1779d,The Lonely House,Emily Dickinson/The Lonely House.txt,944,79bb64d8743836510c6337b65227f282c305fdcb58b4ba2346a02697c61702a1,79bb64d8743836510c6337b65227f282c305fdcb58b4ba2346a02697c61702a1,944,44,40,165,
1.0,versemap-reference-d9969e023145ab13,emily-dickinson,Emily Dickinson,emily-dickinson-b9f1a509e66440a5,The Lost Jewel,Emily Dickinson/The Lost Jewel.txt,215,d3e6b8041405011d03ff35d87c0829f7f3f544c2bbe3bd770c4adf4ce0bb06ab,d3e6b8041405011d03ff35d87c0829f7f3f544c2bbe3bd770c4adf4ce0bb06ab,215,9,8,44,
1.0,versemap-reference-d9969e023145ab13,emily-dickinson,Emily Dickinson,emily-dickinson-677eaf9ae927b033,The Lost Thought,Emily Dickinson/The Lost Thought.txt,249,d495e1067d51206948ad52f95fbc5aee1feb0b9c1bc2fa7bc6795a714b3efa93,d495e1067d51206948ad52f95fbc5aee1feb0b9c1bc2fa7bc6795a714b3efa93,249,9,8,49,
1.0,versemap-reference-d9969e023145ab13,emily-dickinson,Emily Dickinson,emily-dickinson-872677fd7053f1ac,The Lovers,Emily Dickinson/The Lovers.txt,475,1042e2ac28f616097b690417f4ff118803562e3a226104fb6271f1028c1d3fc1,1042e2ac28f616097b690417f4ff118803562e3a226104fb6271f1028c1d3fc1,475,19,16,84,
1.0,versemap-reference-d9969e023145ab13,emily-dickinson,Emily Dickinson,emily-dickinson-02cab3e86a7dd44e,The Martyrs,Emily Dickinson/The Martyrs.txt,340,c08d9d253ea53442c10f0147dc62daabb86019ff37abe04b1c54c101eea93e30,c08d9d253ea53442c10f0147dc62daabb86019ff37abe04b1c54c101eea93e30,340,14,12,53,
1.0,versemap-reference-d9969e023145ab13,emily-dickinson,Emily Dickinson,emily-dickinson-02f449bca0a44cf6,The Master,Emily Dickinson/The Master.txt,362,a8c54f0c10cb66b2c8cd1d8d2f1e0da6cda15d4a626e8fb0b895b8925973fe18,a8c54f0c10cb66b2c8cd1d8d2f1e0da6cda15d4a626e8fb0b895b8925973fe18,362,14,12,59,
1.0,versemap-reference-d9969e023145ab13,emily-dickinson,Emily Dickinson,emily-dickinson-afb37cb9e3a330b9,The Monument,Emily Dickinson/The Monument.txt,254,ea47bfb08d4b78e3467a11811871aa840b016f67113e0fae9d53a50ba2bc08e7,ea47bfb08d4b78e3467a11811871aa840b016f67113e0fae9d53a50ba2bc08e7,254,9,8,44,
1.0,versemap-reference-d9969e023145ab13,emily-dickinson,Emily Dickinson,emily-dickinson-689e0f2c777a0417,The Moon,Emily Dickinson/The Moon.txt,586,2678d18ba5fca2fd8436211604405a3273b9f07b9632fbc287da4ee72d37b49a,2678d18ba5fca2fd8436211604405a3273b9f07b9632fbc287da4ee72d37b49a,586,24,20,109,
1.0,versemap-reference-d9969e023145ab13,emily-dickinson,Emily Dickinson,emily-dickinson-507e3b9ee887915f,The Mountain,Emily Dickinson/The Mountain.txt,223,6d3c88059b8b48226969496901d3ac3afcef24661ec1bad61f69a62519cc1d5d,6d3c88059b8b48226969496901d3ac3afcef24661ec1bad61f69a62519cc1d5d,223,9,8,37,
1.0,versemap-reference-d9969e023145ab13,emily-dickinson,Emily Dickinson,emily-dickinson-ef68674dc820db34,The Mushroom,Emily Dickinson/The Mushroom.txt,531,778cf9b7759c40b9f563e95ac8a2a3ee21f60aea4bf5a8890c15385e50a742db,778cf9b7759c40b9f563e95ac8a2a3ee21f60aea4bf5a8890c15385e50a742db,531,24,20,99,
1.0,versemap-reference-d9969e023145ab13,emily-dickinson,Emily Dickinson,emily-dickinson-aef8845301d5354e,The Mystery of Pain,Emily Dickinson/The Mystery of Pain.txt,218,ddbbfa1bb2b82a914a3bc9e2257a83c2e19d5e95e0f8248be434edd4c2b80881,ddbbfa1bb2b82a914a3bc9e2257a83c2e19d5e95e0f8248be434edd4c2b80881,218,9,8,41,
1.0,versemap-reference-d9969e023145ab13,emily-dickinson,Emily Dickinson,emily-dickinson-0be5a7fe308c8109,The Oriole's Secret,Emily Dickinson/The Oriole's Secret.txt,326,e0b13cf04a7ca1ba2c87c1ba7c225eee4d7e83f26c1dab69fe6a53d2ed327a5a,e0b13cf04a7ca1ba2c87c1ba7c225eee4d7e83f26c1dab69fe6a53d2ed327a5a,326,19,15,68,
1.0,versemap-reference-d9969e023145ab13,emily-dickinson,Emily Dickinson,emily-dickinson-a37f3c597e0f3502,The Oriole,Emily Dickinson/The Oriole.txt,712,d013be3e2efe84a7f783c8e8cfc70464712b19e6670c50b62682e628739cc35c,d013be3e2efe84a7f783c8e8cfc70464712b19e6670c50b62682e628739cc35c,712,34,28,126,
1.0,versemap-reference-d9969e023145ab13,emily-dickinson,Emily Dickinson,emily-dickinson-9ba83221d76017b2,The Outlet,Emily Dickinson/The Outlet.txt,165,f509506e9b5592a5b0a6d777f412b48b909f07b7b456ec29f096b7f54b2f8c3a,f509506e9b5592a5b0a6d777f412b48b909f07b7b456ec29f096b7f54b2f8c3a,165,11,8,29,
1.0,versemap-reference-d9969e023145ab13,emily-dickinson,Emily Dickinson,emily-dickinson-77da5756698214c8,The Past,Emily Dickinson/The Past.txt,194,76db77a8c017b3f71bb5e5e9fe5f8b2ac56a5e85e3b86a605a28fa3fa76eca01,76db77a8c017b3f71bb5e5e9fe5f8b2ac56a5e85e3b86a605a28fa3fa76eca01,194,9,8,36,
1.0,versemap-reference-d9969e023145ab13,emily-dickinson,Emily Dickinson,emily-dickinson-c438628b3f22f5b1,The Preacher,Emily Dickinson/The Preacher.txt,326,26e92cc8eec805eab63112888ac6abcbc1a5a2c94adf2a3e5afe37128019839f,26e92cc8eec805eab63112888ac6abcbc1a5a2c94adf2a3e5afe37128019839f,326,9,8,56,
1.0,versemap-reference-d9969e023145ab13,emily-dickinson,Emily Dickinson,emily-dickinson-d6e3aa2fac152e0b,The Railway Train,Emily Dickinson/The Railway Train.txt,458,42aae33792c8e230037179f453d344e5406b641169d1030edf19196b561f3572,42aae33792c8e230037179f453d344e5406b641169d1030edf19196b561f3572,458,19,16,82,
1.0,versemap-reference-d9969e023145ab13,emily-dickinson,Emily Dickinson,emily-dickinson-bae1dc58b11261dc,The Rat,Emily Dickinson/The Rat.txt,230,a2956747cb53e141867d5d4cb6bebcab6400b4ffab2f40437882276fcae3760f,a2956747cb53e141867d5d4cb6bebcab6400b4ffab2f40437882276fcae3760f,230,14,12,37,
1.0,versemap-reference-d9969e023145ab13,emily-dickinson,Emily Dickinson,emily-dickinson-1b96cd520fe951c4,The Return,Emily Dickinson/The Return.txt,438,aced6854e9641bbbdc0de1f40a0a270264774ae24b24f67c06205fab9c2cf325,aced6854e9641bbbdc0de1f40a0a270264774ae24b24f67c06205fab9c2cf325,438,14,13,79,
1.0,versemap-reference-d9969e023145ab13,emily-dickinson,Emily Dickinson,emily-dickinson-c846abda7b56f94f,The Robin,Emily Dickinson/The Robin.txt,309,72438d4f0daaf624673ac6e9c44b913244555e359d0408d91165b724711582e4,72438d4f0daaf624673ac6e9c44b913244555e359d0408d91165b724711582e4,309,14,12,55,
1.0,versemap-reference-d9969e023145ab13,emily-dickinson,Emily Dickinson,emily-dickinson-3c633d50abce8971,The Sea of Sunset,Emily Dickinson/The Sea of Sunset.txt,284,0f5e0efdd6b21955bc97b3a46fb721df2289e4777d60131fb90aac8d380ee3f0,0f5e0efdd6b21955bc97b3a46fb721df2289e4777d60131fb90aac8d380ee3f0,284,9,8,49,
1.0,versemap-reference-d9969e023145ab13,emily-dickinson,Emily Dickinson,emily-dickinson-dd1ceb1ff288f3a7,The Sea,Emily Dickinson/The Sea.txt,92,cf150387a2282bebb2dee74ced3e62cecc957cc3502cd97d8537db701106247a,cf150387a2282bebb2dee74ced3e62cecc957cc3502cd97d8537db701106247a,92,4,4,17,suspiciously_short
1.0,versemap-reference-d9969e023145ab13,emily-dickinson,Emily Dickinson,emily-dickinson-a00d7196931ba3f8,The Secret,Emily Dickinson/The Secret.txt,250,f578184524c3c23c31cdd938047cf4b4cbdcc7e67443b83193b1427d8de755ff,f578184524c3c23c31cdd938047cf4b4cbdcc7e67443b83193b1427d8de755ff,250,11,9,42,
1.0,versemap-reference-d9969e023145ab13,emily-dickinson,Emily Dickinson,emily-dickinson-3cf6c6cc02e63650,The Shelter,Emily Dickinson/The Shelter.txt,207,10e1fb941731aa12b013096df8a953a6449655d67e8cfe53b47672a7302fb447,10e1fb941731aa12b013096df8a953a6449655d67e8cfe53b47672a7302fb447,207,9,8,35,
1.0,versemap-reference-d9969e023145ab13,emily-dickinson,Emily Dickinson,emily-dickinson-7d2ffaae279c750e,The Show,Emily Dickinson/The Show.txt,107,b0491071e3b44dc694d26e15fe7b106eb262b33daece8daff5f7408f9bd91a01,b0491071e3b44dc694d26e15fe7b106eb262b33daece8daff5f7408f9bd91a01,107,6,6,22,
1.0,versemap-reference-d9969e023145ab13,emily-dickinson,Emily Dickinson,emily-dickinson-50892587283f8ad8,The Sleeping Flowers,Emily Dickinson/The Sleeping Flowers.txt,809,ee9df410153000c459a8e2ec37ec7b975b4230690ab1ce052a32cd8cdae51709,ee9df410153000c459a8e2ec37ec7b975b4230690ab1ce052a32cd8cdae51709,809,34,28,139,
1.0,versemap-reference-d9969e023145ab13,emily-dickinson,Emily Dickinson,emily-dickinson-0c70a46d2a2ecc1e,The Snake,Emily Dickinson/The Snake.txt,647,c35571f927752420a76a5343dcb4b4b9a62d0b320bca55ba511bc8f503d3cabd,c35571f927752420a76a5343dcb4b4b9a62d0b320bca55ba511bc8f503d3cabd,647,29,24,121,
1.0,versemap-reference-d9969e023145ab13,emily-dickinson,Emily Dickinson,emily-dickinson-2e9e74b985929e1d,The Snow,Emily Dickinson/The Snow.txt,556,61c46a0210692fb451f2463cd80a072fdb1b832ed0c49d07298114b9a57ae4d2,61c46a0210692fb451f2463cd80a072fdb1b832ed0c49d07298114b9a57ae4d2,556,24,20,101,
1.0,versemap-reference-d9969e023145ab13,emily-dickinson,Emily Dickinson,emily-dickinson-bba52ac9ca1fc523,The Soul's Storm,Emily Dickinson/The Soul's Storm.txt,353,52896f58ae7f88a72fdcc47c9d433412837c2e35212be6319a2c4bc8b806a0cc,52896f58ae7f88a72fdcc47c9d433412837c2e35212be6319a2c4bc8b806a0cc,353,14,12,66,
1.0,versemap-reference-d9969e023145ab13,emily-dickinson,Emily Dickinson,emily-dickinson-c1163a69412cb415,The Spider,Emily Dickinson/The Spider.txt,175,09d8aa04147280d049cd72e64f057ad945ca0b5abbc603b93b83f6015046ca44,09d8aa04147280d049cd72e64f057ad945ca0b5abbc603b93b83f6015046ca44,175,9,9,32,
1.0,versemap-reference-d9969e023145ab13,emily-dickinson,Emily Dickinson,emily-dickinson-8839c309b6b71454,The Spirit,Emily Dickinson/The Spirit.txt,343,d090c5efc9b82820c5440aad272e7516bc202513ab4b1d95a804283589a37fa4,d090c5efc9b82820c5440aad272e7516bc202513ab4b1d95a804283589a37fa4,343,14,12,64,
1.0,versemap-reference-d9969e023145ab13,emily-dickinson,Emily Dickinson,emily-dickinson-3846b1db93f1e44b,The Storm,Emily Dickinson/The Storm.txt,470,3e76ad57bfdf5712ebd853b2755418536f25518c97df584d75ee9ce505d721cd,3e76ad57bfdf5712ebd853b2755418536f25518c97df584d75ee9ce505d721cd,470,17,17,88,
1.0,versemap-reference-d9969e023145ab13,emily-dickinson,Emily Dickinson,emily-dickinson-7adc619bf51ef7a4,The Sun's Wooing,Emily Dickinson/The Sun's Wooing.txt,469,043836b206cbd6cfdf6915b91dd31c2a5111904b259f9882de0789242f6ed296,043836b206cbd6cfdf6915b91dd31c2a5111904b259f9882de0789242f6ed296,469,19,16,73,
1.0,versemap-reference-d9969e023145ab13,emily-dickinson,Emily Dickinson,emily-dickinson-ab121080ebd3b2c7,The Test,Emily Dickinson/The Test.txt,350,30f5d81570f94f68a9b0e7813b92332cd9269ea72cf00fbbe4e38035b6a6e2e2,30f5d81570f94f68a9b0e7813b92332cd9269ea72cf00fbbe4e38035b6a6e2e2,350,17,16,66,
1.0,versemap-reference-d9969e023145ab13,emily-dickinson,Emily Dickinson,emily-dickinson-ca1876bb54867e1f,The Tulip,Emily Dickinson/The Tulip.txt,140,abbc7b45732e1ab45a04ee88770b3d6434340f58ee96f59622967d2e1e4a9455,abbc7b45732e1ab45a04ee88770b3d6434340f58ee96f59622967d2e1e4a9455,140,6,6,25,
1.0,versemap-reference-d9969e023145ab13,emily-dickinson,Emily Dickinson,emily-dickinson-1240852be5fa5552,The Waking Year,Emily Dickinson/The Waking Year.txt,476,45e9689b2957bbd21b1285b50beb49b63ea291dbd5ff4d5cc1b076cb4f216dcd,45e9689b2957bbd21b1285b50beb49b63ea291dbd5ff4d5cc1b076cb4f216dcd,476,19,16,80,
1.0,versemap-reference-d9969e023145ab13,emily-dickinson,Emily Dickinson,emily-dickinson-3fd17dc0799c8cec,The White Heat,Emily Dickinson/The White Heat.txt,488,09606f3d8f13f9f8abee5d8378a8a7ac9bfd0a967f10450db0cb855761292e8e,09606f3d8f13f9f8abee5d8378a8a7ac9bfd0a967f10450db0cb855761292e8e,488,19,16,77,
1.0,versemap-reference-d9969e023145ab13,emily-dickinson,Emily Dickinson,emily-dickinson-9b34cf300e4acae9,The Wife,Emily Dickinson/The Wife.txt,335,87e802cde6f6ab129402d3fef33a7f3a882337c2ad6d76fded4be8aa8f31621d,87e802cde6f6ab129402d3fef33a7f3a882337c2ad6d76fded4be8aa8f31621d,335,14,12,63,
1.0,versemap-reference-d9969e023145ab13,emily-dickinson,Emily Dickinson,emily-dickinson-a70e4d5dd58eff44,"The Wind - It's like the light, --","Emily Dickinson/The Wind - It's like the light, --.txt",273,7b0631593ec48f6368996e75014d3190423a55a7b2d43601ab0c92a6ac99367e,7b0631593ec48f6368996e75014d3190423a55a7b2d43601ab0c92a6ac99367e,273,14,12,41,
1.0,versemap-reference-d9969e023145ab13,emily-dickinson,Emily Dickinson,emily-dickinson-681cc38dff87c8c0,"The Wind - Of all the sounds despatched abroad,","Emily Dickinson/The Wind - Of all the sounds despatched abroad,.txt",606,e94c013f10bce0af09d826985972e346298e338934ffe51a150e121f34083365,e94c013f10bce0af09d826985972e346298e338934ffe51a150e121f34083365,606,25,21,111,
1.0,versemap-reference-d9969e023145ab13,emily-dickinson,Emily Dickinson,emily-dickinson-128e731256a555c2,The Wind's Visit,Emily Dickinson/The Wind's Visit.txt,541,a0595d6de23be6130e01d10d5204dbeed31c16f9ee036f2e868c8b6e136281d4,a0595d6de23be6130e01d10d5204dbeed31c16f9ee036f2e868c8b6e136281d4,541,24,20,101,
1.0,versemap-reference-d9969e023145ab13,emily-dickinson,Emily Dickinson,emily-dickinson-c46f6c7501ab6daf,The Woodpecker,Emily Dickinson/The Woodpecker.txt,107,2ac5c845dd51be18049823b77183715968f63ba8e298c095fa8c649d389274f0,2ac5c845dd51be18049823b77183715968f63ba8e298c095fa8c649d389274f0,107,4,4,21,
1.0,versemap-reference-d9969e023145ab13,emily-dickinson,Emily Dickinson,emily-dickinson-c7c74e037bb77f10,Thirst,Emily Dickinson/Thirst.txt,226,7fd560d6ce2c84624535199c652182f434e773b8a64ed0926f9a3de286851f3d,7fd560d6ce2c84624535199c652182f434e773b8a64ed0926f9a3de286851f3d,226,9,8,38,
1.0,versemap-reference-d9969e023145ab13,emily-dickinson,Emily Dickinson,emily-dickinson-8a6722cc19f5c633,Till the End,Emily Dickinson/Till the End.txt,577,4a1fc2524bb7d70e8e8583d60f7c367f5bb9e6e88c86af760d97c0585ba01352,4a1fc2524bb7d70e8e8583d60f7c367f5bb9e6e88c86af760d97c0585ba01352,577,19,16,105,
1.0,versemap-reference-d9969e023145ab13,emily-dickinson,Emily Dickinson,emily-dickinson-b20b6f8055503969,Time's Lesson,Emily Dickinson/Time's Lesson.txt,225,f1a37c3028e59dafa1e63ac565d875869227c56d3052ae74f1f87b30a3590616,f1a37c3028e59dafa1e63ac565d875869227c56d3052ae74f1f87b30a3590616,225,9,8,45,
1.0,versemap-reference-d9969e023145ab13,emily-dickinson,Emily Dickinson,emily-dickinson-06c285848e34c69b,To March,Emily Dickinson/To March.txt,743,105e534070c0ed8ba727815f804d08d7f880c25959b64f77026572dc27c18f5c,105e534070c0ed8ba727815f804d08d7f880c25959b64f77026572dc27c18f5c,743,31,29,148,
1.0,versemap-reference-d9969e023145ab13,emily-dickinson,Emily Dickinson,emily-dickinson-06e60cc27b3ee8bc,Too Late,Emily Dickinson/Too Late.txt,580,69cdef5638bc3dd27671787b47d70cf5952f50dde37916e5c1bad5f764ff36b2,69cdef5638bc3dd27671787b47d70cf5952f50dde37916e5c1bad5f764ff36b2,580,20,18,104,
1.0,versemap-reference-d9969e023145ab13,emily-dickinson,Emily Dickinson,emily-dickinson-a0fe2c8ea8f13763,Too Much,Emily Dickinson/Too Much.txt,769,941d8ed72395e01c4cd2bb029a533309cc406db64beb9e30db297bc4dc8d8671,941d8ed72395e01c4cd2bb029a533309cc406db64beb9e30db297bc4dc8d8671,769,27,24,128,
1.0,versemap-reference-d9969e023145ab13,emily-dickinson,Emily Dickinson,emily-dickinson-838f06365920c63f,Transplanted,Emily Dickinson/Transplanted.txt,336,912b40723fa9375c5f94efe2919c42622550eb5a74a8839bd4135c7e014748ea,912b40723fa9375c5f94efe2919c42622550eb5a74a8839bd4135c7e014748ea,336,12,12,57,
1.0,versemap-reference-d9969e023145ab13,emily-dickinson,Emily Dickinson,emily-dickinson-8509a550fc053c67,Triumph,Emily Dickinson/Triumph.txt,459,a9817de6499091be78819ea10e328995dd06c2df7b9f4fffeb3b99a91df1f388,a9817de6499091be78819ea10e328995dd06c2df7b9f4fffeb3b99a91df1f388,459,19,16,77,
1.0,versemap-reference-d9969e023145ab13,emily-dickinson,Emily Dickinson,emily-dickinson-48669fe589e4404c,Triumphant,Emily Dickinson/Triumphant.txt,399,18ace58e0dec2f4285e1e2c25072ec96f2220391d7405e45c29ede5f610737e0,18ace58e0dec2f4285e1e2c25072ec96f2220391d7405e45c29ede5f610737e0,399,19,16,64,
1.0,versemap-reference-d9969e023145ab13,emily-dickinson,Emily Dickinson,emily-dickinson-b1d8c7b725597f36,Troubled About Many Things,Emily Dickinson/Troubled About Many Things.txt,465,077106cadb288816be8a109c758ed2d1c31186d9c02b62b5b45a9b6e79c6e404,077106cadb288816be8a109c758ed2d1c31186d9c02b62b5b45a9b6e79c6e404,465,14,12,80,
1.0,versemap-reference-d9969e023145ab13,emily-dickinson,Emily Dickinson,emily-dickinson-c5e47252e7ac561f,Trying to Forget,Emily Dickinson/Trying to Forget.txt,467,dcefcb8b4b8a27e2ca759a3edfa8ea7626c9e888a3fe1f73d2afd90a300d16c8,dcefcb8b4b8a27e2ca759a3edfa8ea7626c9e888a3fe1f73d2afd90a300d16c8,467,19,16,87,
1.0,versemap-reference-d9969e023145ab13,emily-dickinson,Emily Dickinson,emily-dickinson-623571227a588fab,Two Voyagers,Emily Dickinson/Two Voyagers.txt,341,c0110e5fc57597881e8569d8cce7d28d11f781778e85d2d9d0c2deab34f6f914,c0110e5fc57597881e8569d8cce7d28d11f781778e85d2d9d0c2deab34f6f914,341,14,12,62,
1.0,versemap-reference-d9969e023145ab13,emily-dickinson,Emily Dickinson,emily-dickinson-1fbbca0490a19594,Two Worlds,Emily Dickinson/Two Worlds.txt,338,553c135c47d149b671ffc312b1d89d8073254e1cf950ddd497cf9032d1ddff52,553c135c47d149b671ffc312b1d89d8073254e1cf950ddd497cf9032d1ddff52,338,14,12,57,
1.0,versemap-reference-d9969e023145ab13,emily-dickinson,Emily Dickinson,emily-dickinson-cdda821909f0a707,Unreturning,Emily Dickinson/Unreturning.txt,246,2ec83196bc4f58acef6150fc1bf7adef855c9ade7580786bbf5f43d7b60bce92,2ec83196bc4f58acef6150fc1bf7adef855c9ade7580786bbf5f43d7b60bce92,246,9,8,47,
1.0,versemap-reference-d9969e023145ab13,emily-dickinson,Emily Dickinson,emily-dickinson-7812f945a1ae80d4,Untitled - 'T WAS later when the summer went,Emily Dickinson/Untitled - 'T WAS later when the summer went.txt,237,6245256a7ac37c8767f87f46696598c7f01daf5bda3478a02bccae77d3e4162c,6245256a7ac37c8767f87f46696598c7f01daf5bda3478a02bccae77d3e4162c,237,9,8,43,
1.0,versemap-reference-d9969e023145ab13,emily-dickinson,Emily Dickinson,emily-dickinson-4104c2b9f1657a13,Untitled - A charm invests a face,Emily Dickinson/Untitled - A charm invests a face.txt,209,eaef32c94cd670bc8783a255388e6d34090014d39fc1e781ce3ebc85abd0b84e,eaef32c94cd670bc8783a255388e6d34090014d39fc1e781ce3ebc85abd0b84e,209,9,8,36,
1.0,versemap-reference-d9969e023145ab13,emily-dickinson,Emily Dickinson,emily-dickinson-0553898f014ca051,Untitled - A clock stopped -- not the mantel's;,Emily Dickinson/Untitled - A clock stopped -- not the mantel's;.txt,466,f79dd6c67d490e4b526f99dc4933b6165f8fe28665d6946a128ea23dbf8e3311,f79dd6c67d490e4b526f99dc4933b6165f8fe28665d6946a128ea23dbf8e3311,466,19,16,75,
1.0,versemap-reference-d9969e023145ab13,emily-dickinson,Emily Dickinson,emily-dickinson-2e37276be78081cc,Untitled - A death-blow is a life-blow to some,Emily Dickinson/Untitled - A death-blow is a life-blow to some.txt,146,dfcfb3df9c9f2a12f690d2d4ab0c228d515011eee8c92c50da1b85bca3e79fe8,dfcfb3df9c9f2a12f690d2d4ab0c228d515011eee8c92c50da1b85bca3e79fe8,146,4,4,27,
1.0,versemap-reference-d9969e023145ab13,emily-dickinson,Emily Dickinson,emily-dickinson-aab983a7a76b1832,Untitled - A dew sufficed itself,Emily Dickinson/Untitled - A dew sufficed itself.txt,303,35c3786262e64aa227571622c41bc0cf9a61eb0fbe4320dc82ae0c622b48ce1a,35c3786262e64aa227571622c41bc0cf9a61eb0fbe4320dc82ae0c622b48ce1a,303,14,12,55,
1.0,versemap-reference-d9969e023145ab13,emily-dickinson,Emily Dickinson,emily-dickinson-dc2e5520d6efccb0,Untitled - A light exists in spring,Emily Dickinson/Untitled - A light exists in spring.txt,516,7ade651ff0a27cfe04501bd74a6e015d14166c3ab54cc0643c2d61209cc027ff,7ade651ff0a27cfe04501bd74a6e015d14166c3ab54cc0643c2d61209cc027ff,516,24,20,88,
1.0,versemap-reference-d9969e023145ab13,emily-dickinson,Emily Dickinson,emily-dickinson-542ba36abe0dafe4,"Untitled - A little road not made of man,","Emily Dickinson/Untitled - A little road not made of man,.txt",211,e74d29ff3c933510cc0cfe40093b5ab082e3cf0ce8bd123c01a5fdecdb16618c,e74d29ff3c933510cc0cfe40093b5ab082e3cf0ce8bd123c01a5fdecdb16618c,211,9,8,42,
1.0,versemap-reference-d9969e023145ab13,emily-dickinson,Emily Dickinson,emily-dickinson-ba8c25d3c76aa48b,"Untitled - A modest lot, a fame petite,","Emily Dickinson/Untitled - A modest lot, a fame petite,.txt",197,681f016300aa0cb2a4a1498beebe7df2851aca898ac7df207eebe7ffcf7cc056,681f016300aa0cb2a4a1498beebe7df2851aca898ac7df207eebe7ffcf7cc056,197,6,6,34,
1.0,versemap-reference-d9969e023145ab13,emily-dickinson,Emily Dickinson,emily-dickinson-e27c9bc248202ba8,"Untitled - A murmur in the trees to note,","Emily Dickinson/Untitled - A murmur in the trees to note,.txt",607,d032b50dc377533f5afec376a0d85637b5d4e1dc3d9b4f0fac34d5d4b5056ef3,d032b50dc377533f5afec376a0d85637b5d4e1dc3d9b4f0fac34d5d4b5056ef3,607,24,20,116,
1.0,versemap-reference-d9969e023145ab13,emily-dickinson,Emily Dickinson,emily-dickinson-e40b8096a81dc302,"Untitled - A poor torn heart, a tattered heart,","Emily Dickinson/Untitled - A poor torn heart, a tattered heart,.txt",465,65054c885f26fa686301944a3aaad2933058ac0d8046cd74c8572c2ad7b88e8b,65054c885f26fa686301944a3aaad2933058ac0d8046cd74c8572c2ad7b88e8b,465,17,16,81,
1.0,versemap-reference-d9969e023145ab13,emily-dickinson,Emily Dickinson,emily-dickinson-1d732b3e919b0dfb,Untitled - A shady friend for torrid days,Emily Dickinson/Untitled - A shady friend for torrid days.txt,327,3ac65d0e100af8c3e727753476a9056147a274f3202aa729f9327b01ea6b4ac4,3ac65d0e100af8c3e727753476a9056147a274f3202aa729f9327b01ea6b4ac4,327,14,12,58,
1.0,versemap-reference-d9969e023145ab13,emily-dickinson,Emily Dickinson,emily-dickinson-f94edb832366da20,Untitled - A sickness of this world it most occasions,Emily Dickinson/Untitled - A sickness of this world it most occasions.txt,206,0ddada951555c60b0ab4e5b8dcd90503cc6197327157ddeb23f1c7eab83d198b,0ddada951555c60b0ab4e5b8dcd90503cc6197327157ddeb23f1c7eab83d198b,206,9,8,33,
1.0,versemap-reference-d9969e023145ab13,emily-dickinson,Emily Dickinson,emily-dickinson-0ea204822126b136,Untitled - A thought went up my mind to-day,Emily Dickinson/Untitled - A thought went up my mind to-day.txt,355,38d4adc55974ec4088d547bdcec6bd22621823bc7318a7a92c113b866521a9fc,38d4adc55974ec4088d547bdcec6bd22621823bc7318a7a92c113b866521a9fc,355,14,12,75,
1.0,versemap-reference-d9969e023145ab13,emily-dickinson,Emily Dickinson,emily-dickinson-a736fdac4b8f6735,Untitled - A throe upon the features,Emily Dickinson/Untitled - A throe upon the features.txt,202,c69f807b59087e86fc425e0b3f43745e59a577f614d6787966693303fd78292b,c69f807b59087e86fc425e0b3f43745e59a577f614d6787966693303fd78292b,202,9,8,35,
1.0,versemap-reference-d9969e023145ab13,emily-dickinson,Emily Dickinson,emily-dickinson-017fd60b15e12ae0,Untitled - A toad can die of light!,Emily Dickinson/Untitled - A toad can die of light!.txt,167,aa5ab5b38646fd5bdb20a58a6c24dc09ca88f4c0ebf216434dd8858411a7a661,aa5ab5b38646fd5bdb20a58a6c24dc09ca88f4c0ebf216434dd8858411a7a661,167,8,8,31,
1.0,versemap-reference-d9969e023145ab13,emily-dickinson,Emily Dickinson,emily-dickinson-b6dc1cce5bdb76a6,"Untitled - A train went through a burial gate,","Emily Dickinson/Untitled - A train went through a burial gate,.txt",266,f535e8a44faf410694cc3435e6c85e3fca9d26ff46019837b56fa08bcebbd12f,f535e8a44faf410694cc3435e6c85e3fca9d26ff46019837b56fa08bcebbd12f,266,9,8,49,
1.0,versemap-reference-d9969e023145ab13,emily-dickinson,Emily Dickinson,emily-dickinson-e629810ba7dd171a,"Untitled - A wounded deer leaps highest,","Emily Dickinson/Untitled - A wounded deer leaps highest,.txt",349,4051a2b93c2a4b7e33fe7c329df2346d1bc51ad9e3a3c29a746ad0d53f9912ff,4051a2b93c2a4b7e33fe7c329df2346d1bc51ad9e3a3c29a746ad0d53f9912ff,349,14,12,63,
1.0,versemap-reference-d9969e023145ab13,emily-dickinson,Emily Dickinson,emily-dickinson-351256b70303c2c3,Untitled - Adrift! A little boat adrift!,Emily Dickinson/Untitled - Adrift! A little boat adrift!.txt,402,15923a6b1bd756478b7a28df8f3e2f8e3a46d1873c03cfee02e6a8230b906e72,15923a6b1bd756478b7a28df8f3e2f8e3a46d1873c03cfee02e6a8230b906e72,402,15,13,70,
1.0,versemap-reference-d9969e023145ab13,emily-dickinson,Emily Dickinson,emily-dickinson-c99493c0bb16343b,Untitled - Afraid Of whom am I afraid,Emily Dickinson/Untitled - Afraid Of whom am I afraid.txt,323,13e17a0b4bda50b92da89185ee42ebab86d0988eac2329f01a323275b4966d6b,13e17a0b4bda50b92da89185ee42ebab86d0988eac2329f01a323275b4966d6b,323,14,12,61,
1.0,versemap-reference-d9969e023145ab13,emily-dickinson,Emily Dickinson,emily-dickinson-f1615bf5f41d0ade,Untitled - Alter When the hills do,Emily Dickinson/Untitled - Alter When the hills do.txt,176,9649c9104cb5c413b3dfeaf263f6fbda95b454c299fc9d458b5882344e02d79c,9649c9104cb5c413b3dfeaf263f6fbda95b454c299fc9d458b5882344e02d79c,176,9,8,34,
1.0,versemap-reference-d9969e023145ab13,emily-dickinson,Emily Dickinson,emily-dickinson-5a327828f18e5a97,Untitled - Angels in the early morning,Emily Dickinson/Untitled - Angels in the early morning.txt,256,a3d20b4eaec60aa7fbc9a868ad0865505ed40dd8715436d179c711838a1e2834,a3d20b4eaec60aa7fbc9a868ad0865505ed40dd8715436d179c711838a1e2834,256,9,8,43,
1.0,versemap-reference-d9969e023145ab13,emily-dickinson,Emily Dickinson,emily-dickinson-5f113615fbbcbe88,"Untitled - As by the dead we love to sit,","Emily Dickinson/Untitled - As by the dead we love to sit,.txt",213,30a7e2969979e8db6077efb4830dc707d7d6ecdb9ea75491c8257558816a7fc1,30a7e2969979e8db6077efb4830dc707d7d6ecdb9ea75491c8257558816a7fc1,213,9,8,40,
1.0,versemap-reference-d9969e023145ab13,emily-dickinson,Emily Dickinson,emily-dickinson-bd18127dbf5cec93,"Untitled - As children bid the guest good-night,","Emily Dickinson/Untitled - As children bid the guest good-night,.txt",248,d9c5767b6dc019513551c28eba7470b7a8966f2f54273c431e2d17d7edf89cac,d9c5767b6dc019513551c28eba7470b7a8966f2f54273c431e2d17d7edf89cac,248,9,8,43,
1.0,versemap-reference-d9969e023145ab13,emily-dickinson,Emily Dickinson,emily-dickinson-70a3b519e0566517,Untitled - As imperceptibly as grief,Emily Dickinson/Untitled - As imperceptibly as grief.txt,428,cacb456b8d334a545ae7a0c16b72c7921942794504b60e152fbb3fb0fc13307d,cacb456b8d334a545ae7a0c16b72c7921942794504b60e152fbb3fb0fc13307d,428,19,16,69,
1.0,versemap-reference-d9969e023145ab13,emily-dickinson,Emily Dickinson,emily-dickinson-b82b57768685fa30,Untitled - At half-past three a single bird,Emily Dickinson/Untitled - At half-past three a single bird.txt,320,5b9127bc7fa787259e48b98ead729c7fbcb294a0bec57d73177646820ad94103,5b9127bc7fa787259e48b98ead729c7fbcb294a0bec57d73177646820ad94103,320,14,12,51,
1.0,versemap-reference-d9969e023145ab13,emily-dickinson,Emily Dickinson,emily-dickinson-dc96cf29a4773077,"Untitled - At least to pray is left, is left","Emily Dickinson/Untitled - At least to pray is left, is left.txt",239,65c953b37c5c71e57cf9519866c0c0913b9b5d8bcdbe8acdea566b086e580064,65c953b37c5c71e57cf9519866c0c0913b9b5d8bcdbe8acdea566b086e580064,239,9,8,46,
1.0,versemap-reference-d9969e023145ab13,emily-dickinson,Emily Dickinson,emily-dickinson-d107889283d84bca,"Untitled - Before the ice is in the pools,","Emily Dickinson/Untitled - Before the ice is in the pools,.txt",415,1a0b875ba47682b94757295878b2f7d55fef3722ab492849e3fccf0968b114d3,1a0b875ba47682b94757295878b2f7d55fef3722ab492849e3fccf0968b114d3,415,19,16,76,
1.0,versemap-reference-d9969e023145ab13,emily-dickinson,Emily Dickinson,emily-dickinson-603bd527e4f1a5a3,"Untitled - Belshazzar had a letter, --","Emily Dickinson/Untitled - Belshazzar had a letter, --.txt",195,021be06a917818677dfaec10113d741bf8c75612dc184919ce90f6a2de414340,021be06a917818677dfaec10113d741bf8c75612dc184919ce90f6a2de414340,195,8,8,31,
1.0,versemap-reference-d9969e023145ab13,emily-dickinson,Emily Dickinson,emily-dickinson-b55677373129adc5,"Untitled - Bless God, he went as soldiers,","Emily Dickinson/Untitled - Bless God, he went as soldiers,.txt",240,879ff65bd584d2c85e50f6d88cd77f248a028f3375b160001ffee74c725b1f21,879ff65bd584d2c85e50f6d88cd77f248a028f3375b160001ffee74c725b1f21,240,9,8,44,
1.0,versemap-reference-d9969e023145ab13,emily-dickinson,Emily Dickinson,emily-dickinson-41de96bbf58c53b8,"Untitled - Could I but ride indefinite,","Emily Dickinson/Untitled - Could I but ride indefinite,.txt",501,200c06978ab52d34ff129b9707630bbbca7c7ba1cf502dec84960e3534054953,200c06978ab52d34ff129b9707630bbbca7c7ba1cf502dec84960e3534054953,501,21,18,96,
1.0,versemap-reference-d9969e023145ab13,emily-dickinson,Emily Dickinson,emily-dickinson-463983a7bda7eeb9,Untitled - Death is a dialogue between,Emily Dickinson/Untitled - Death is a dialogue between.txt,235,eccec52c653f791060116efeb20df71488f34d87cc3a754a534de2fb129c8981,eccec52c653f791060116efeb20df71488f34d87cc3a754a534de2fb129c8981,235,9,8,40,
1.0,versemap-reference-d9969e023145ab13,emily-dickinson,Emily Dickinson,emily-dickinson-47b86cb26f8d3c1c,Untitled - Delight becomes pictorial,Emily Dickinson/Untitled - Delight becomes pictorial.txt,213,dd53d6c056aa0c921aaac0e84c6d72c64afe5ee5cebc48184df46c21ffc66e2a,dd53d6c056aa0c921aaac0e84c6d72c64afe5ee5cebc48184df46c21ffc66e2a,213,9,8,34,
1.0,versemap-reference-d9969e023145ab13,emily-dickinson,Emily Dickinson,emily-dickinson-d68b2fdb99c57b28,Untitled - Drowning is not so pitiful,Emily Dickinson/Untitled - Drowning is not so pitiful.txt,338,0169bde29c60f48bc7e2ec8ec214fd607fb8026b55f28f2640b797c20573f955,0169bde29c60f48bc7e2ec8ec214fd607fb8026b55f28f2640b797c20573f955,338,12,12,61,
1.0,versemap-reference-d9969e023145ab13,emily-dickinson,Emily Dickinson,emily-dickinson-dc4c0ad35ddf0fda,Untitled - Each that we lose takes part of us;,Emily Dickinson/Untitled - Each that we lose takes part of us;.txt,131,56aba70bebd2976edf2956b42cfabbdc0567b5c1844de929486373d1793918df,56aba70bebd2976edf2956b42cfabbdc0567b5c1844de929486373d1793918df,131,4,4,24,
1.0,versemap-reference-d9969e023145ab13,emily-dickinson,Emily Dickinson,emily-dickinson-20935ebdf23e56df,Untitled - Essential oils are wrung,Emily Dickinson/Untitled - Essential oils are wrung.txt,217,a1aa81f1783064ddcc6fdd5cc362c7f1035e9610fe1dff1e5259f4b4c5571815,a1aa81f1783064ddcc6fdd5cc362c7f1035e9610fe1dff1e5259f4b4c5571815,217,9,8,39,
1.0,versemap-reference-d9969e023145ab13,emily-dickinson,Emily Dickinson,emily-dickinson-69c9f4ce02876f4f,"Untitled - Except the heaven had come so near,","Emily Dickinson/Untitled - Except the heaven had come so near,.txt",244,786ffc6444d3e6c51645316c7235a1392eb3f62e5ed4255ef9f902aea16ad3f4,786ffc6444d3e6c51645316c7235a1392eb3f62e5ed4255ef9f902aea16ad3f4,244,9,8,50,
1.0,versemap-reference-d9969e023145ab13,emily-dickinson,Emily Dickinson,emily-dickinson-8599532a265797c4,"Untitled - Except to heaven, she is nought;","Emily Dickinson/Untitled - Except to heaven, she is nought;.txt",347,3785bc88524c19c5232f9286a789f2050868082a4c8828773751a1dfd1253e6c,3785bc88524c19c5232f9286a789f2050868082a4c8828773751a1dfd1253e6c,347,14,12,58,
1.0,versemap-reference-d9969e023145ab13,emily-dickinson,Emily Dickinson,emily-dickinson-5b2d7942c3882a18,Untitled - Experiment to me,Emily Dickinson/Untitled - Experiment to me.txt,178,d47f8bc19144902e438e7b42a6a8b9c0f0d3f15d3cc5ac1ce4ddc27823f418db,d47f8bc19144902e438e7b42a6a8b9c0f0d3f15d3cc5ac1ce4ddc27823f418db,178,9,8,34,
1.0,versemap-reference-d9969e023145ab13,emily-dickinson,Emily Dickinson,emily-dickinson-be619cfee0dfe99e,Untitled - Faith is a fine invention,Emily Dickinson/Untitled - Faith is a fine invention.txt,94,49a87093ea78d200d2289b2ed836a9743785aca99618370500470c9864b3f0b2,49a87093ea78d200d2289b2ed836a9743785aca99618370500470c9864b3f0b2,94,4,4,16,suspiciously_short
1.0,versemap-reference-d9969e023145ab13,emily-dickinson,Emily Dickinson,emily-dickinson-f04c1dc1be7ee43a,Untitled - Far from love the Heavenly Father,Emily Dickinson/Untitled - Far from love the Heavenly Father.txt,229,2934675e41ac9ca7d560461867289420a1aaa45802d1b68ccd7c828aadc14696,2934675e41ac9ca7d560461867289420a1aaa45802d1b68ccd7c828aadc14696,229,9,8,39,
1.0,versemap-reference-d9969e023145ab13,emily-dickinson,Emily Dickinson,emily-dickinson-e239a727df6f03dc,"Untitled - Father, I bring thee not myself, --","Emily Dickinson/Untitled - Father, I bring thee not myself, --.txt",253,b3e3c2359abfd0c5e680991012aa0f62fc5b948eee3d91f00b0751879f3b62ac,b3e3c2359abfd0c5e680991012aa0f62fc5b948eee3d91f00b0751879f3b62ac,253,9,8,47,
1.0,versemap-reference-d9969e023145ab13,emily-dickinson,Emily Dickinson,emily-dickinson-28fe580a9fd76e34,"Untitled - Few get enough, -- enough is one;","Emily Dickinson/Untitled - Few get enough, -- enough is one;.txt",118,559720d9fcfff3a30abe305493ce362bac380a372eeef9aaa50af399b7342c08,559720d9fcfff3a30abe305493ce362bac380a372eeef9aaa50af399b7342c08,118,4,4,21,
1.0,versemap-reference-d9969e023145ab13,emily-dickinson,Emily Dickinson,emily-dickinson-0dab574cc32591c8,"Untitled - Frequently the woods are pink,","Emily Dickinson/Untitled - Frequently the woods are pink,.txt",285,44e7219ac496fb0b1cb3f753f43d0bf609696512c8e654cc758057580f81e139,44e7219ac496fb0b1cb3f753f43d0bf609696512c8e654cc758057580f81e139,285,14,12,52,
1.0,versemap-reference-d9969e023145ab13,emily-dickinson,Emily Dickinson,emily-dickinson-9725a725ca257f9f,"Untitled - Given in marriage unto thee,","Emily Dickinson/Untitled - Given in marriage unto thee,.txt",225,34b6a9df424aba46180accf6aeb8a8cbc9134353df2ae88b77d357b751366910,34b6a9df424aba46180accf6aeb8a8cbc9134353df2ae88b77d357b751366910,225,9,8,37,
1.0,versemap-reference-d9969e023145ab13,emily-dickinson,Emily Dickinson,emily-dickinson-4631f17b8371ecb3,Untitled - Glee! The great storm is over!,Emily Dickinson/Untitled - Glee! The great storm is over!.txt,498,a3292abdf41aea8212e42d2cdb9b269541a77f544fc76df5dfc605a3d4ab6ad9,a3292abdf41aea8212e42d2cdb9b269541a77f544fc76df5dfc605a3d4ab6ad9,498,19,16,85,
1.0,versemap-reference-d9969e023145ab13,emily-dickinson,Emily Dickinson,emily-dickinson-2715a68176ac0af8,Untitled - Going to heaven!,Emily Dickinson/Untitled - Going to heaven!.txt,727,859e550095512c0d60fd2474a4996ce82671f36b59bd2e914608dd74b2dc0852,859e550095512c0d60fd2474a4996ce82671f36b59bd2e914608dd74b2dc0852,727,30,27,150,
1.0,versemap-reference-d9969e023145ab13,emily-dickinson,Emily Dickinson,emily-dickinson-cd44afa32a1a71f6,Untitled - Good night! which put the candle out,Emily Dickinson/Untitled - Good night! which put the candle out.txt,384,5b0779d04d443f543e98ccb4b9eadf6469209461a2658b070bc2265c728f44d7,5b0779d04d443f543e98ccb4b9eadf6469209461a2658b070bc2265c728f44d7,384,13,12,66,
1.0,versemap-reference-d9969e023145ab13,emily-dickinson,Emily Dickinson,emily-dickinson-ef628ef8f69d94f4,"Untitled - Have you got a brook in your little heart,","Emily Dickinson/Untitled - Have you got a brook in your little heart,.txt",526,d9395889e61decf30d6098337153241f7a77cb982e55c33354273347d111ab2b,d9395889e61decf30d6098337153241f7a77cb982e55c33354273347d111ab2b,526,19,16,97,
1.0,versemap-reference-d9969e023145ab13,emily-dickinson,Emily Dickinson,emily-dickinson-2663cd5d395fb04d,"Untitled - He put the belt around my life, --","Emily Dickinson/Untitled - He put the belt around my life, --.txt",456,9debcef41f08f2cf8064f9d549bbb9015a0d5c361b225c67639864f8552b88bf,9debcef41f08f2cf8064f9d549bbb9015a0d5c361b225c67639864f8552b88bf,456,17,16,84,
1.0,versemap-reference-d9969e023145ab13,emily-dickinson,Emily Dickinson,emily-dickinson-ce07eb65a18f8ff0,"Untitled - He touched me, so I live to know","Emily Dickinson/Untitled - He touched me, so I live to know.txt",369,be90e4e02121dd970565140e7caed6a0d9084dd2e9d0c9c6793f8b5a34cfd027,be90e4e02121dd970565140e7caed6a0d9084dd2e9d0c9c6793f8b5a34cfd027,369,13,12,69,
1.0,versemap-reference-d9969e023145ab13,emily-dickinson,Emily Dickinson,emily-dickinson-bab8b889f6c65dd1,"Untitled - Heart not so heavy as mine,","Emily Dickinson/Untitled - Heart not so heavy as mine,.txt",519,59b8d63293a8f9797c5564e6204d220a89b568727b2ee128c3b74cb2f12917a6,59b8d63293a8f9797c5564e6204d220a89b568727b2ee128c3b74cb2f12917a6,519,24,20,95,
1.0,versemap-reference-d9969e023145ab13,emily-dickinson,Emily Dickinson,emily-dickinson-fda127d1b319bdb7,"Untitled - Heart, we will forget him!","Emily Dickinson/Untitled - Heart, we will forget him!.txt",233,508108e23b834aab263baccd016f62fb12c431cb96fb027f9ba4be07fc46e525,508108e23b834aab263baccd016f62fb12c431cb96fb027f9ba4be07fc46e525,233,9,8,43,
1.0,versemap-reference-d9969e023145ab13,emily-dickinson,Emily Dickinson,emily-dickinson-3d8935a34e71782e,Untitled - High from the earth I heard a bird;,Emily Dickinson/Untitled - High from the earth I heard a bird;.txt,521,3602cd8cd2266cd99d78d485a961e9841731264ccf38eaa4198596ba291d7ae3,3602cd8cd2266cd99d78d485a961e9841731264ccf38eaa4198596ba291d7ae3,521,20,20,89,
1.0,versemap-reference-d9969e023145ab13,emily-dickinson,Emily Dickinson,emily-dickinson-80da550b854b9acc,"Untitled - How dare the robins sing,","Emily Dickinson/Untitled - How dare the robins sing,.txt",439,484d327a2b310db1af0d03910299dde53c9424f67eb015e3fb5d4b4f567cfd82,484d327a2b310db1af0d03910299dde53c9424f67eb015e3fb5d4b4f567cfd82,439,16,16,76,
1.0,versemap-reference-d9969e023145ab13,emily-dickinson,Emily Dickinson,emily-dickinson-6965226643dc5360,"Untitled - How still the bells in steeples stand,","Emily Dickinson/Untitled - How still the bells in steeples stand,.txt",123,2c96df68ec516e5e7199d1fbcd32ac8abde64b14f501befd8df88dc3723309a6,2c96df68ec516e5e7199d1fbcd32ac8abde64b14f501befd8df88dc3723309a6,123,4,4,21,
1.0,versemap-reference-d9969e023145ab13,emily-dickinson,Emily Dickinson,emily-dickinson-13ccbbe6d3474d3e,"Untitled - I asked no other thing,","Emily Dickinson/Untitled - I asked no other thing,.txt",213,48bf9a0e2245e19ac5e99102d8417ae7222b01a459005253726e120efe41bcad,48bf9a0e2245e19ac5e99102d8417ae7222b01a459005253726e120efe41bcad,213,9,8,39,
1.0,versemap-reference-d9969e023145ab13,emily-dickinson,Emily Dickinson,emily-dickinson-bcec7e5f5447ea6c,"Untitled - I breathed enough to learn the trick,","Emily Dickinson/Untitled - I breathed enough to learn the trick,.txt",255,f5f6e1795c76a8f9980c98907eca4e0dc4dcb70a5294c1eae6131434b069408d,f5f6e1795c76a8f9980c98907eca4e0dc4dcb70a5294c1eae6131434b069408d,255,9,8,44,
1.0,versemap-reference-d9969e023145ab13,emily-dickinson,Emily Dickinson,emily-dickinson-e76cd0271cb43fb8,Untitled - I bring an unaccustomed wine,Emily Dickinson/Untitled - I bring an unaccustomed wine.txt,643,727fb811a97dae0ce766633aa29305f05f6268d4d99b189ad2668babff89b03f,727fb811a97dae0ce766633aa29305f05f6268d4d99b189ad2668babff89b03f,643,27,21,123,
1.0,versemap-reference-d9969e023145ab13,emily-dickinson,Emily Dickinson,emily-dickinson-c01a2fc4888adc14,"Untitled - I died for beauty, but was scarce","Emily Dickinson/Untitled - I died for beauty, but was scarce.txt",366,fbba4c34ee1cbb2f054325e69b34b231979bd24d03fb515e498dcca7c952b1cb,fbba4c34ee1cbb2f054325e69b34b231979bd24d03fb515e498dcca7c952b1cb,366,14,12,70,
1.0,versemap-reference-d9969e023145ab13,emily-dickinson,Emily Dickinson,emily-dickinson-59554b801d7254c2,"Untitled - I felt a funeral in my brain,","Emily Dickinson/Untitled - I felt a funeral in my brain,.txt",501,1026d724a27b6c45c2ae7362fd44389ad4a8af8e794a213a4811f759cf29d907,1026d724a27b6c45c2ae7362fd44389ad4a8af8e794a213a4811f759cf29d907,501,19,16,92,
1.0,versemap-reference-d9969e023145ab13,emily-dickinson,Emily Dickinson,emily-dickinson-09bf473c3f085f5d,Untitled - I found the phrase to every thought,Emily Dickinson/Untitled - I found the phrase to every thought.txt,228,1fd064bdc68a64f6dbfbd9b712208158568681c7bee3ac4933ba5864b8926c20,1fd064bdc68a64f6dbfbd9b712208158568681c7bee3ac4933ba5864b8926c20,228,9,8,46,
1.0,versemap-reference-d9969e023145ab13,emily-dickinson,Emily Dickinson,emily-dickinson-7ed059608b720eec,"Untitled - I gained it so,","Emily Dickinson/Untitled - I gained it so,.txt",362,8fbabf2e15d110681ffbe4d0256f158241b25fb03e641937967eee4e2f5ec37e,8fbabf2e15d110681ffbe4d0256f158241b25fb03e641937967eee4e2f5ec37e,362,16,15,66,
1.0,versemap-reference-d9969e023145ab13,emily-dickinson,Emily Dickinson,emily-dickinson-af8d1ad16a1dd621,"Untitled - I had no time to hate, because","Emily Dickinson/Untitled - I had no time to hate, because.txt",226,5516b01ed19b7fec23ce4dd1e55060cd4b56c4efccb852c40d33f4c8f256eb5f,5516b01ed19b7fec23ce4dd1e55060cd4b56c4efccb852c40d33f4c8f256eb5f,226,9,8,46,
1.0,versemap-reference-d9969e023145ab13,emily-dickinson,Emily Dickinson,emily-dickinson-50ea08415bddac43,Untitled - I have a king who does not speak;,Emily Dickinson/Untitled - I have a king who does not speak;.txt,559,936463204815b5071e54b2227648972f7ca88fddf61e75355e0285f27b9595f7,936463204815b5071e54b2227648972f7ca88fddf61e75355e0285f27b9595f7,559,20,18,110,
1.0,versemap-reference-d9969e023145ab13,emily-dickinson,Emily Dickinson,emily-dickinson-8e2685d77d8211bd,"Untitled - I have no life but this,","Emily Dickinson/Untitled - I have no life but this,.txt",178,63721f1fc05f2da5e6eb976073ad951c72ffc7b134308a48030a970f8e7fc313,63721f1fc05f2da5e6eb976073ad951c72ffc7b134308a48030a970f8e7fc313,178,9,8,35,
1.0,versemap-reference-d9969e023145ab13,emily-dickinson,Emily Dickinson,emily-dickinson-3b9eb9ec028b51f6,"Untitled - I have not told my garden yet,","Emily Dickinson/Untitled - I have not told my garden yet,.txt",451,4e69499669cc77d279723bca4fe9a1d19ed9f5dbf1c7b246694d95bc061a42cc,4e69499669cc77d279723bca4fe9a1d19ed9f5dbf1c7b246694d95bc061a42cc,451,19,16,92,
1.0,versemap-reference-d9969e023145ab13,emily-dickinson,Emily Dickinson,emily-dickinson-7f5e78d999b7ab5f,Untitled - I know a place where summer strives,Emily Dickinson/Untitled - I know a place where summer strives.txt,368,0412b62df68a4af2480050a9dd2e6ccae59050138c259d932b96c8aaa156d8bc,0412b62df68a4af2480050a9dd2e6ccae59050138c259d932b96c8aaa156d8bc,368,14,12,66,
1.0,versemap-reference-d9969e023145ab13,emily-dickinson,Emily Dickinson,emily-dickinson-e4b846c26eb238f8,Untitled - I know that he exists,Emily Dickinson/Untitled - I know that he exists.txt,351,392b8323c7938de851d9a0390c73d9345a3d9b22f694fc1e959cb21a141ada49,392b8323c7938de851d9a0390c73d9345a3d9b22f694fc1e959cb21a141ada49,351,19,16,66,
1.0,versemap-reference-d9969e023145ab13,emily-dickinson,Emily Dickinson,emily-dickinson-1c0ac051f57f2204,Untitled - I lived on dread; to those who know,Emily Dickinson/Untitled - I lived on dread; to those who know.txt,225,ff0e1bb50c1527c1009b5c0742bfc8c19e3241af9440c938b490ab1091ea28fe,ff0e1bb50c1527c1009b5c0742bfc8c19e3241af9440c938b490ab1091ea28fe,225,9,8,43,
1.0,versemap-reference-d9969e023145ab13,emily-dickinson,Emily Dickinson,emily-dickinson-4545f415a6bccdd8,"Untitled - I many times thought peace had come,","Emily Dickinson/Untitled - I many times thought peace had come,.txt",235,d7f182e678d1ffcbae9d3e13bd2c08f1f435f194a99c57330b44b7951791a15f,d7f182e678d1ffcbae9d3e13bd2c08f1f435f194a99c57330b44b7951791a15f,235,9,8,44,
1.0,versemap-reference-d9969e023145ab13,emily-dickinson,Emily Dickinson,emily-dickinson-6076bf716003e738,Untitled - I meant to find her when I came;,Emily Dickinson/Untitled - I meant to find her when I came;.txt,356,e8442aea3e415afdf07241dbb418faf4129518e4015fe2d1fcd2345ba2eea948,e8442aea3e415afdf07241dbb418faf4129518e4015fe2d1fcd2345ba2eea948,356,14,12,70,
1.0,versemap-reference-d9969e023145ab13,emily-dickinson,Emily Dickinson,emily-dickinson-97506dfae483b7a8,"Untitled - I never lost as much but twice,","Emily Dickinson/Untitled - I never lost as much but twice,.txt",203,fbc3f9c4278ca40c55ebcf9cd793e5aa3d17d1cdd680209f78b97565675f602f,fbc3f9c4278ca40c55ebcf9cd793e5aa3d17d1cdd680209f78b97565675f602f,203,9,8,38,
1.0,versemap-reference-d9969e023145ab13,emily-dickinson,Emily Dickinson,emily-dickinson-4e9e8c06ab495f36,"Untitled - I never saw a moor,","Emily Dickinson/Untitled - I never saw a moor,.txt",205,0d2ecd92e8a948a622d14584eb210b17b3c8566c487f6d03759c189957cffbe4,0d2ecd92e8a948a622d14584eb210b17b3c8566c487f6d03759c189957cffbe4,205,9,8,45,
1.0,versemap-reference-d9969e023145ab13,emily-dickinson,Emily Dickinson,emily-dickinson-5cac4715964de302,"Untitled - I noticed people disappeared,","Emily Dickinson/Untitled - I noticed people disappeared,.txt",233,0671309ca114a9803f46a04181ceb1490816fc27e75ba0dfaef84b992fb49a91,0671309ca114a9803f46a04181ceb1490816fc27e75ba0dfaef84b992fb49a91,233,9,8,38,
1.0,versemap-reference-d9969e023145ab13,emily-dickinson,Emily Dickinson,emily-dickinson-622c7928ade6444b,"Untitled - I read my sentence steadily,","Emily Dickinson/Untitled - I read my sentence steadily,.txt",442,7bdbb95ca46029946e4d0a01e0a518d3ab022b988a6bcdae2156f051ba8d286b,7bdbb95ca46029946e4d0a01e0a518d3ab022b988a6bcdae2156f051ba8d286b,442,19,16,83,
1.0,versemap-reference-d9969e023145ab13,emily-dickinson,Emily Dickinson,emily-dickinson-e42845ea45382445,"Untitled - I reason, earth is short,","Emily Dickinson/Untitled - I reason, earth is short,.txt",256,b3e22b9b0931efc3291020df2ba5605bab7c67106d7a5030c13bc8aeca2d8548,b3e22b9b0931efc3291020df2ba5605bab7c67106d7a5030c13bc8aeca2d8548,256,14,12,48,
1.0,versemap-reference-d9969e023145ab13,emily-dickinson,Emily Dickinson,emily-dickinson-8bb57fba0c7b0d5b,"Untitled - I shall know why, when time is over,","Emily Dickinson/Untitled - I shall know why, when time is over,.txt",290,7ec6e9e13c737c427c4f740977c0b2071344de813c39f233670087cb35ab7c9f,7ec6e9e13c737c427c4f740977c0b2071344de813c39f233670087cb35ab7c9f,290,9,8,57,
1.0,versemap-reference-d9969e023145ab13,emily-dickinson,Emily Dickinson,emily-dickinson-9ec36e16c1671c6d,"Untitled - I taste a liquor never brewed,","Emily Dickinson/Untitled - I taste a liquor never brewed,.txt",476,ac90d3b67caa66c992c08d67c3c735ccd998676aaa97df25d6840c57d6363aba,ac90d3b67caa66c992c08d67c3c735ccd998676aaa97df25d6840c57d6363aba,476,19,16,83,
1.0,versemap-reference-d9969e023145ab13,emily-dickinson,Emily Dickinson,emily-dickinson-f1fe8bbec5531a29,Untitled - I think just how my shape will rise,Emily Dickinson/Untitled - I think just how my shape will rise.txt,508,ce2c225f2fd261be331a865b3fa63420926c6ac1abc38bdd7e03803c57185d04,ce2c225f2fd261be331a865b3fa63420926c6ac1abc38bdd7e03803c57185d04,508,19,16,94,
1.0,versemap-reference-d9969e023145ab13,emily-dickinson,Emily Dickinson,emily-dickinson-a823fb4ce5bd7648,"Untitled - I went to heaven, --","Emily Dickinson/Untitled - I went to heaven, --.txt",287,5f1961be9ed1ec2daa2e7a78129bf0700c6b957b39b83033f44d4bdad692d276,5f1961be9ed1ec2daa2e7a78129bf0700c6b957b39b83033f44d4bdad692d276,287,16,16,52,
1.0,versemap-reference-d9969e023145ab13,emily-dickinson,Emily Dickinson,emily-dickinson-e8cca3781c069e29,"Untitled - I went to thank her,","Emily Dickinson/Untitled - I went to thank her,.txt",256,27f3e270b6198a44255e307c1a86d94c2fb94ded84ae054018bbd2a96afd4077,27f3e270b6198a44255e307c1a86d94c2fb94ded84ae054018bbd2a96afd4077,256,11,10,51,
1.0,versemap-reference-d9969e023145ab13,emily-dickinson,Emily Dickinson,emily-dickinson-0cf25c50be6f3fcb,"Untitled - I wish I knew that woman's name,","Emily Dickinson/Untitled - I wish I knew that woman's name,.txt",248,458d611867febee160185ca4e925f319e0530066f88162072bc59e697d08ffb6,458d611867febee160185ca4e925f319e0530066f88162072bc59e697d08ffb6,248,9,8,48,
1.0,versemap-reference-d9969e023145ab13,emily-dickinson,Emily Dickinson,emily-dickinson-8579637b573b51c4,Untitled - I wonder if the sepulchre,Emily Dickinson/Untitled - I wonder if the sepulchre.txt,118,78e83f6615c6065931659cee5f6be84e972d52eb372a18b96605ecad06e2276e,78e83f6615c6065931659cee5f6be84e972d52eb372a18b96605ecad06e2276e,118,4,4,24,
1.0,versemap-reference-d9969e023145ab13,emily-dickinson,Emily Dickinson,emily-dickinson-17531b0d9361bc5a,"Untitled - I worked for chaff, and earning wheat","Emily Dickinson/Untitled - I worked for chaff, and earning wheat.txt",252,9ee9248b00e7b1b7158bdd6c281582028542d665dd119c5ee2a5e27f1f13af9f,9ee9248b00e7b1b7158bdd6c281582028542d665dd119c5ee2a5e27f1f13af9f,252,9,8,41,
1.0,versemap-reference-d9969e023145ab13,emily-dickinson,Emily Dickinson,emily-dickinson-f0ad55eabc72d03c,Untitled - I'm nobody! Who are you,Emily Dickinson/Untitled - I'm nobody! Who are you.txt,225,b10455024c3eb541a5894b5efc777d488f458a2f5a29a13cfa287af851252b7f,b10455024c3eb541a5894b5efc777d488f458a2f5a29a13cfa287af851252b7f,225,9,8,45,
1.0,versemap-reference-d9969e023145ab13,emily-dickinson,Emily Dickinson,emily-dickinson-eadf2ee6f78ca501,Untitled - I've got an arrow here;,Emily Dickinson/Untitled - I've got an arrow here;.txt,194,cab9fb8a1c096dc3483d905145e1048a8bd14e3376436e90d7e24e0cc39ca2df,cab9fb8a1c096dc3483d905145e1048a8bd14e3376436e90d7e24e0cc39ca2df,194,8,7,36,
1.0,versemap-reference-d9969e023145ab13,emily-dickinson,Emily Dickinson,emily-dickinson-b8a45d2ed67aea2c,Untitled - I've seen a dying eye,Emily Dickinson/Untitled - I've seen a dying eye.txt,225,2130f750ec2a3b41b7fe4b56134d074ebf9f7a077fc7d87aaf2364067b1040ea,2130f750ec2a3b41b7fe4b56134d074ebf9f7a077fc7d87aaf2364067b1040ea,225,8,8,42,
1.0,versemap-reference-d9969e023145ab13,emily-dickinson,Emily Dickinson,emily-dickinson-5bc28955e7d70fa8,"Untitled - If anybody's friend be dead,","Emily Dickinson/Untitled - If anybody's friend be dead,.txt",728,502dbd7f9ab95c836555b0012e112a32c2004deaeb832694e032e8cb22892f30,502dbd7f9ab95c836555b0012e112a32c2004deaeb832694e032e8cb22892f30,728,29,24,136,
1.0,versemap-reference-d9969e023145ab13,emily-dickinson,Emily Dickinson,emily-dickinson-40c468b0fbc150f1,"Untitled - If I can stop one heart from breaking,","Emily Dickinson/Untitled - If I can stop one heart from breaking,.txt",192,4bb4b960f1b58d2466af222415bc1682ab3d7e3816ca9fcb4f179c118032ed8b,4bb4b960f1b58d2466af222415bc1682ab3d7e3816ca9fcb4f179c118032ed8b,192,7,7,41,
1.0,versemap-reference-d9969e023145ab13,emily-dickinson,Emily Dickinson,emily-dickinson-b03ac78f865c8bcc,Untitled - If I may have it when it's dead,Emily Dickinson/Untitled - If I may have it when it's dead.txt,384,9ab91d68c4a271f51e5da18c84f49b0e1a0b146d39665c314884542f20ac037a,9ab91d68c4a271f51e5da18c84f49b0e1a0b146d39665c314884542f20ac037a,384,14,12,79,
1.0,versemap-reference-d9969e023145ab13,emily-dickinson,Emily Dickinson,emily-dickinson-59c1f75333ed8410,"Untitled - If I should die,","Emily Dickinson/Untitled - If I should die,.txt",479,9178f70368ac47a906ef16a5fd815ba22d184e35847346fa5fa8e530aacc0a89,9178f70368ac47a906ef16a5fd815ba22d184e35847346fa5fa8e530aacc0a89,479,18,18,86,
1.0,versemap-reference-d9969e023145ab13,emily-dickinson,Emily Dickinson,emily-dickinson-e8860b9387ab4042,Untitled - If I shouldn't be alive,Emily Dickinson/Untitled - If I shouldn't be alive.txt,182,f95ca25af69632ae19ca5fb5de8ebbcbb753226b576c60560c4cd15339e6a57c,f95ca25af69632ae19ca5fb5de8ebbcbb753226b576c60560c4cd15339e6a57c,182,9,8,35,
1.0,versemap-reference-d9969e023145ab13,emily-dickinson,Emily Dickinson,emily-dickinson-b3b3896f2c4d950f,"Untitled - If the foolish call them 'flowers,'","Emily Dickinson/Untitled - If the foolish call them 'flowers,'.txt",571,8ecd7682ccfe59872c9b73301fff5616542e809df9e07cffc9b0a067a0cc5289,8ecd7682ccfe59872c9b73301fff5616542e809df9e07cffc9b0a067a0cc5289,570,24,20,91,
1.0,versemap-reference-d9969e023145ab13,emily-dickinson,Emily Dickinson,emily-dickinson-5cd6c8caa0394fa0,"Untitled - If you were coming in the fall,","Emily Dickinson/Untitled - If you were coming in the fall,.txt",605,70cc0c8f98605225c81c4a5b924af9b9b58106ffd7514ab7daaf8a87d52ede5b,70cc0c8f98605225c81c4a5b924af9b9b58106ffd7514ab7daaf8a87d52ede5b,605,24,20,116,
1.0,versemap-reference-d9969e023145ab13,emily-dickinson,Emily Dickinson,emily-dickinson-e8b67529a3aa2643,Untitled - Immortal is an ample word,Emily Dickinson/Untitled - Immortal is an ample word.txt,225,56e66ced07b569ccfca9bb5c57493a4049c0a38df0ba5daddf6ca3694a48b96f,56e66ced07b569ccfca9bb5c57493a4049c0a38df0ba5daddf6ca3694a48b96f,225,9,8,42,
1.0,versemap-reference-d9969e023145ab13,emily-dickinson,Emily Dickinson,emily-dickinson-e180bfe0f69aae97,"Untitled - In lands I never saw, they say,","Emily Dickinson/Untitled - In lands I never saw, they say,.txt",237,be3f91e484d1a6baac8229412f22a6bab29cd4ad3fe1220fbd6aafdce0b4580f,be3f91e484d1a6baac8229412f22a6bab29cd4ad3fe1220fbd6aafdce0b4580f,237,9,8,42,
1.0,versemap-reference-d9969e023145ab13,emily-dickinson,Emily Dickinson,emily-dickinson-35a8a335d51e1bd8,"Untitled - Is bliss, then, such abyss","Emily Dickinson/Untitled - Is bliss, then, such abyss.txt",247,2a70f8024721a0be3e2e936b89d7f3e43f1e8df6209bf79d57d8cd7bd566e1c2,2a70f8024721a0be3e2e936b89d7f3e43f1e8df6209bf79d57d8cd7bd566e1c2,247,13,11,52,
1.0,versemap-reference-d9969e023145ab13,emily-dickinson,Emily Dickinson,emily-dickinson-14b4dff83b4a5d7a,Untitled - Is Heaven a physician,Emily Dickinson/Untitled - Is Heaven a physician.txt,193,5ffe84e6ff9b09c1a0d252d84a9b1face031d119d8c70814b532a0059f030ed9,5ffe84e6ff9b09c1a0d252d84a9b1face031d119d8c70814b532a0059f030ed9,193,9,8,34,
1.0,versemap-reference-d9969e023145ab13,emily-dickinson,Emily Dickinson,emily-dickinson-37a7a1acd1fd7a97,"Untitled - It can't be summer, -- that got through;","Emily Dickinson/Untitled - It can't be summer, -- that got through;.txt",269,b8aa030b68629ff72bfe2e2d64e93e7cb9a589716accacea8d031ffe391bbef8,b8aa030b68629ff72bfe2e2d64e93e7cb9a589716accacea8d031ffe391bbef8,269,9,8,49,
1.0,versemap-reference-d9969e023145ab13,emily-dickinson,Emily Dickinson,emily-dickinson-732eeab7d923fef1,"Untitled - It was not death, for I stood up,","Emily Dickinson/Untitled - It was not death, for I stood up,.txt",727,08e427d99aa356639253cab96b486539a2900be059fc483c2f6f7d9f95c568ed,08e427d99aa356639253cab96b486539a2900be059fc483c2f6f7d9f95c568ed,727,29,24,137,
1.0,versemap-reference-d9969e023145ab13,emily-dickinson,Emily Dickinson,emily-dickinson-9d3ed576bd86f2c8,"Untitled - It was too late for man,","Emily Dickinson/Untitled - It was too late for man,.txt",215,aedfdb3c2042070d5c5b1ef4c31200f436c7c3f42201c647d5b24c7f4f6252ff,aedfdb3c2042070d5c5b1ef4c31200f436c7c3f42201c647d5b24c7f4f6252ff,215,9,8,39,
1.0,versemap-reference-d9969e023145ab13,emily-dickinson,Emily Dickinson,emily-dickinson-d0b2578783d56b10,"Untitled - It's all I have to bring to-day,","Emily Dickinson/Untitled - It's all I have to bring to-day,.txt",269,19ed3789dc18942113b1d52a89179b31913bc3bab91dd4a88a287ac3cdfa5bf6,19ed3789dc18942113b1d52a89179b31913bc3bab91dd4a88a287ac3cdfa5bf6,269,8,8,51,
1.0,versemap-reference-d9969e023145ab13,emily-dickinson,Emily Dickinson,emily-dickinson-62b105ef60391964,Untitled - Lay this laurel on the one,Emily Dickinson/Untitled - Lay this laurel on the one.txt,119,d7200179eb457ba9c8d9e167cd5d73923b126ddb963ef049ab841bfe38ea87ce,d7200179eb457ba9c8d9e167cd5d73923b126ddb963ef049ab841bfe38ea87ce,119,4,4,21,
1.0,versemap-reference-d9969e023145ab13,emily-dickinson,Emily Dickinson,emily-dickinson-1fb258d055564ea2,"Untitled - Let down the bars, O Death!","Emily Dickinson/Untitled - Let down the bars, O Death!.txt",225,4e6b8b7b71463eedf17d7742c3b06f2e4eb70c16144ba37df8730d044d572180,4e6b8b7b71463eedf17d7742c3b06f2e4eb70c16144ba37df8730d044d572180,225,9,8,41,
1.0,versemap-reference-d9969e023145ab13,emily-dickinson,Emily Dickinson,emily-dickinson-4d19a0473154c3c6,"Untitled - Life, and Death, and Giants","Emily Dickinson/Untitled - Life, and Death, and Giants.txt",184,1b4f218af07ee7e6ce108174edcc8278daf80126f3e971e486349fcac4a69c3f,1b4f218af07ee7e6ce108174edcc8278daf80126f3e971e486349fcac4a69c3f,184,7,7,31,
1.0,versemap-reference-d9969e023145ab13,emily-dickinson,Emily Dickinson,emily-dickinson-f2e3b95190cf0a2d,Untitled - Like mighty footlights burned the red,Emily Dickinson/Untitled - Like mighty footlights burned the red.txt,230,d85dd0a72977faf438a25eb695067835de946f3544cc5ad6671a6a0da97daba0,d85dd0a72977faf438a25eb695067835de946f3544cc5ad6671a6a0da97daba0,230,9,8,38,
1.0,versemap-reference-d9969e023145ab13,emily-dickinson,Emily Dickinson,emily-dickinson-83c276b96caa71cc,"Untitled - Look back on time with kindly eyes,","Emily Dickinson/Untitled - Look back on time with kindly eyes,.txt",122,2155620b3be844be1bc43ab81fef36e3d1e6b6bc50cde041171fcbbbbae60955,2155620b3be844be1bc43ab81fef36e3d1e6b6bc50cde041171fcbbbbae60955,122,4,4,22,
1.0,versemap-reference-d9969e023145ab13,emily-dickinson,Emily Dickinson,emily-dickinson-4b21f9f5b6e7797a,Untitled - Me! Come! My dazzled face,Emily Dickinson/Untitled - Me! Come! My dazzled face.txt,242,a0f2f6351b0c704daef85e7918f2da6e90c1a3b02c6717116753141434283c3d,a0f2f6351b0c704daef85e7918f2da6e90c1a3b02c6717116753141434283c3d,242,14,10,44,
1.0,versemap-reference-d9969e023145ab13,emily-dickinson,Emily Dickinson,emily-dickinson-3109fa86ddfd4c72,"Untitled - Morning is the place for dew,","Emily Dickinson/Untitled - Morning is the place for dew,.txt",111,c501d8e7f10c8b833bb50f099784811a80a875db06f33a2b909da4b6bad42aaa,c501d8e7f10c8b833bb50f099784811a80a875db06f33a2b909da4b6bad42aaa,111,4,4,20,
1.0,versemap-reference-d9969e023145ab13,emily-dickinson,Emily Dickinson,emily-dickinson-deb88528d7f985b3,Untitled - Morns like these we parted;,Emily Dickinson/Untitled - Morns like these we parted;.txt,299,af0923cc59f44e6df5b6e170877bc9172af8ddf861f609d0d4548d7fdb176fea,af0923cc59f44e6df5b6e170877bc9172af8ddf861f609d0d4548d7fdb176fea,299,14,12,53,
1.0,versemap-reference-d9969e023145ab13,emily-dickinson,Emily Dickinson,emily-dickinson-b1647de964e7e5b8,Untitled - Much madness is divinest sense,Emily Dickinson/Untitled - Much madness is divinest sense.txt,223,a251e100ddf78d5c1691629f97e1f9a86b978f0131f08f23b1f2df3e5c860db2,a251e100ddf78d5c1691629f97e1f9a86b978f0131f08f23b1f2df3e5c860db2,223,8,8,37,
1.0,versemap-reference-d9969e023145ab13,emily-dickinson,Emily Dickinson,emily-dickinson-ed0ecf4b879828ee,Untitled - My nosegays are for captives;,Emily Dickinson/Untitled - My nosegays are for captives;.txt,229,83e63c584ff42f6aeb246f727a62174f5c94a71ffa3193623e588f23b6d90594,83e63c584ff42f6aeb246f727a62174f5c94a71ffa3193623e588f23b6d90594,229,9,8,36,
1.0,versemap-reference-d9969e023145ab13,emily-dickinson,Emily Dickinson,emily-dickinson-acbfff4a45cd7ef3,Untitled - Nature rarer uses yellow,Emily Dickinson/Untitled - Nature rarer uses yellow.txt,211,82bff7c7364d089ef5dfc6d4ad8c9b720e3441cd9be0e3c0ff5eeea31205be71,82bff7c7364d089ef5dfc6d4ad8c9b720e3441cd9be0e3c0ff5eeea31205be71,211,9,8,33,
1.0,versemap-reference-d9969e023145ab13,emily-dickinson,Emily Dickinson,emily-dickinson-13d70c8d55246224,"Untitled - New feet within my garden go,","Emily Dickinson/Untitled - New feet within my garden go,.txt",229,d204d9be19d254a9f86636b5bc4373fe7b1b074baac4755bcc5c4d8c7762b25c,d204d9be19d254a9f86636b5bc4373fe7b1b074baac4755bcc5c4d8c7762b25c,229,9,8,40,
1.0,versemap-reference-d9969e023145ab13,emily-dickinson,Emily Dickinson,emily-dickinson-8496a51839c73bf8,Untitled - Not any higher stands the grave,Emily Dickinson/Untitled - Not any higher stands the grave.txt,236,e1eabb126d6dd0a54e05c07cadc7b0c6cf7ec71b526672841fe7123ee1a806bf,e1eabb126d6dd0a54e05c07cadc7b0c6cf7ec71b526672841fe7123ee1a806bf,236,9,8,39,
1.0,versemap-reference-d9969e023145ab13,emily-dickinson,Emily Dickinson,emily-dickinson-7e95548157ff9adc,"Untitled - Not with a club the heart is broken,","Emily Dickinson/Untitled - Not with a club the heart is broken,.txt",295,b6b0565bb965389e92babd54e3f62552d6cc3da75a3369e64979b2c6535c5f3f,b6b0565bb965389e92babd54e3f62552d6cc3da75a3369e64979b2c6535c5f3f,295,14,12,55,
1.0,versemap-reference-d9969e023145ab13,emily-dickinson,Emily Dickinson,emily-dickinson-3989f816e354dc2d,Untitled - On the bleakness of my lot,Emily Dickinson/Untitled - On the bleakness of my lot.txt,213,5529b630c5bdf732c2fea06f25d7d306e9f8d5197683eebb9da2a05edab8c5d6,5529b630c5bdf732c2fea06f25d7d306e9f8d5197683eebb9da2a05edab8c5d6,213,9,8,40,
1.0,versemap-reference-d9969e023145ab13,emily-dickinson,Emily Dickinson,emily-dickinson-0e150f35b20bf53e,"Untitled - On this long storm the rainbow rose,","Emily Dickinson/Untitled - On this long storm the rainbow rose,.txt",357,566f46b1f13521f048f33ed5df4e14c3aa7ae3bdc8d6e0c69280a028c9c1fea3,566f46b1f13521f048f33ed5df4e14c3aa7ae3bdc8d6e0c69280a028c9c1fea3,357,14,12,60,
1.0,versemap-reference-d9969e023145ab13,emily-dickinson,Emily Dickinson,emily-dickinson-e897b5ae3126dc03,"Untitled - One dignity delays for all,","Emily Dickinson/Untitled - One dignity delays for all,.txt",433,fb06a2142f145d434cd23aa40ba1af14990c0714cc69fa0833d2e67a9ab9a77c,fb06a2142f145d434cd23aa40ba1af14990c0714cc69fa0833d2e67a9ab9a77c,433,19,16,73,
1.0,versemap-reference-d9969e023145ab13,emily-dickinson,Emily Dickinson,emily-dickinson-26c79370eeee6834,"Untitled - Our share of night to bear,","Emily Dickinson/Untitled - Our share of night to bear,.txt",204,4ded5f52609a488c67137457ab8e1e159b18d8fd2cdf5d0bd244db43fecf0593,4ded5f52609a488c67137457ab8e1e159b18d8fd2cdf5d0bd244db43fecf0593,204,9,8,40,
1.0,versemap-reference-d9969e023145ab13,emily-dickinson,Emily Dickinson,emily-dickinson-fac4b96b6ed5c759,Untitled - Perhaps you'd like to buy a flower,Emily Dickinson/Untitled - Perhaps you'd like to buy a flower.txt,277,6638c959f9a153edf409196342576bb33668467363e44473778a14c27057b346,6638c959f9a153edf409196342576bb33668467363e44473778a14c27057b346,277,12,10,52,
1.0,versemap-reference-d9969e023145ab13,emily-dickinson,Emily Dickinson,emily-dickinson-39aa6385ca52482e,Untitled - Pompless no life can pass away;,Emily Dickinson/Untitled - Pompless no life can pass away;.txt,227,a1c318b091e5d4ab3b2265ac96fbf0f2d12f9c70cc05c1fb0026f84039c98eae,a1c318b091e5d4ab3b2265ac96fbf0f2d12f9c70cc05c1fb0026f84039c98eae,227,8,8,37,
1.0,versemap-reference-d9969e023145ab13,emily-dickinson,Emily Dickinson,emily-dickinson-9f82e836f5f759e6,Untitled - Poor little heart!,Emily Dickinson/Untitled - Poor little heart!.txt,322,5e4f7f14059345bee4014e5374b93de7b847616ae80d8f90e95ba8dca15b2ab9,5e4f7f14059345bee4014e5374b93de7b847616ae80d8f90e95ba8dca15b2ab9,322,15,12,50,
1.0,versemap-reference-d9969e023145ab13,emily-dickinson,Emily Dickinson,emily-dickinson-6c73148f971dded3,Untitled - Portraits are to daily faces,Emily Dickinson/Untitled - Portraits are to daily faces.txt,94,0809dcf031c1328fc1e84fec82b2d0e1b89b88231c7c6309ba4c2cf5cf34a120,0809dcf031c1328fc1e84fec82b2d0e1b89b88231c7c6309ba4c2cf5cf34a120,94,4,4,18,suspiciously_short
1.0,versemap-reference-d9969e023145ab13,emily-dickinson,Emily Dickinson,emily-dickinson-6024ae5a291a0cfe,Untitled - Presentiment is that long shadow on the lawn,Emily Dickinson/Untitled - Presentiment is that long shadow on the lawn.txt,140,851b5ee003da310a2620ecdc2a21cf0421fc55872a0fd90119c944be6e0c31a1,851b5ee003da310a2620ecdc2a21cf0421fc55872a0fd90119c944be6e0c31a1,140,4,4,25,
1.0,versemap-reference-d9969e023145ab13,emily-dickinson,Emily Dickinson,emily-dickinson-5ac09b6f25b0ddbb,"Untitled - Safe in their alabaster chambers,","Emily Dickinson/Untitled - Safe in their alabaster chambers,.txt",485,b6b4bb1e0bdda6465f2b211e6d862759d873ec347491490edadb506111003a0b,b6b4bb1e0bdda6465f2b211e6d862759d873ec347491490edadb506111003a0b,485,14,12,83,
1.0,versemap-reference-d9969e023145ab13,emily-dickinson,Emily Dickinson,emily-dickinson-38fb7f973afdc475,"Untitled - She sweeps with many-colored brooms,","Emily Dickinson/Untitled - She sweeps with many-colored brooms,.txt",384,e3e86431b15944dce4d412e300fd1c2a8e6d6877cb0f81c316c670748d3b65e7,e3e86431b15944dce4d412e300fd1c2a8e6d6877cb0f81c316c670748d3b65e7,384,14,12,68,
1.0,versemap-reference-d9969e023145ab13,emily-dickinson,Emily Dickinson,emily-dickinson-dcc0c6f83e8cef91,Untitled - She went as quiet as the dew,Emily Dickinson/Untitled - She went as quiet as the dew.txt,217,c5d104b3bf345fe7cd0597f74d3c78e221c637baad7baa6dc653dd3db4be52c0,c5d104b3bf345fe7cd0597f74d3c78e221c637baad7baa6dc653dd3db4be52c0,217,9,8,42,
1.0,versemap-reference-d9969e023145ab13,emily-dickinson,Emily Dickinson,emily-dickinson-652e1c7599fe766f,"Untitled - Sleep is supposed to be,","Emily Dickinson/Untitled - Sleep is supposed to be,.txt",366,377fea5ba5a40541949acf32c3190706494040fe8cb5026535de37dc8ca993cf,377fea5ba5a40541949acf32c3190706494040fe8cb5026535de37dc8ca993cf,366,19,15,70,
1.0,versemap-reference-d9969e023145ab13,emily-dickinson,Emily Dickinson,emily-dickinson-b948d76b31b0320f,"Untitled - So bashful when I spied her,","Emily Dickinson/Untitled - So bashful when I spied her,.txt",331,f4e454e92c6a3406b17b9eccedb14814c32f0ff67a2f3c42e72c5689870613a9,f4e454e92c6a3406b17b9eccedb14814c32f0ff67a2f3c42e72c5689870613a9,331,14,12,59,
1.0,versemap-reference-d9969e023145ab13,emily-dickinson,Emily Dickinson,emily-dickinson-abdd845a26ad04ea,Untitled - So proud she was to die,Emily Dickinson/Untitled - So proud she was to die.txt,214,769f1a035a4ecc83474468c3cd18e21aabcf30b688fa5ed1f71a61321134df15,769f1a035a4ecc83474468c3cd18e21aabcf30b688fa5ed1f71a61321134df15,214,9,8,38,
1.0,versemap-reference-d9969e023145ab13,emily-dickinson,Emily Dickinson,emily-dickinson-8ad913db8b5088ff,"Untitled - Some, too fragile for winter winds,","Emily Dickinson/Untitled - Some, too fragile for winter winds,.txt",397,db3ab3cc79f168a276c9afbfe54cc5259d14557e381d8972e5c05ade4a7531f1,db3ab3cc79f168a276c9afbfe54cc5259d14557e381d8972e5c05ade4a7531f1,397,14,12,66,
1.0,versemap-reference-d9969e023145ab13,emily-dickinson,Emily Dickinson,emily-dickinson-ce6d10f340ff8d9e,Untitled - Superfluous were the sun,Emily Dickinson/Untitled - Superfluous were the sun.txt,328,fd4c3bf2b0d3c9f621dbe1d94ece4296cc0b8090b00dfde7120b67a167048c2b,fd4c3bf2b0d3c9f621dbe1d94ece4296cc0b8090b00dfde7120b67a167048c2b,328,14,12,54,
1.0,versemap-reference-d9969e023145ab13,emily-dickinson,Emily Dickinson,emily-dickinson-ffc9e83506645614,Untitled - Surgeons must be very careful,Emily Dickinson/Untitled - Surgeons must be very careful.txt,116,9a6fee29e4b8dd8cced69625b7270d4313aff627b5c8238210c9b902a5c91e6c,9a6fee29e4b8dd8cced69625b7270d4313aff627b5c8238210c9b902a5c91e6c,116,4,4,18,suspiciously_short
1.0,versemap-reference-d9969e023145ab13,emily-dickinson,Emily Dickinson,emily-dickinson-acc98bc9ac26bdf4,Untitled - Sweet hours have perished here;,Emily Dickinson/Untitled - Sweet hours have perished here;.txt,127,3447e1cdfef563a69a635f2a9b79dd99c91a497d5ad8fda4ed3ca86574370c4e,3447e1cdfef563a69a635f2a9b79dd99c91a497d5ad8fda4ed3ca86574370c4e,127,4,4,21,
1.0,versemap-reference-d9969e023145ab13,emily-dickinson,Emily Dickinson,emily-dickinson-960781b464694e99,Untitled - Talk with prudence to a beggar,Emily Dickinson/Untitled - Talk with prudence to a beggar.txt,245,c1ef3005630391af8e9bd13c82d68746dd1865a76c076edb3653dac88c391139,c1ef3005630391af8e9bd13c82d68746dd1865a76c076edb3653dac88c391139,245,9,8,41,
1.0,versemap-reference-d9969e023145ab13,emily-dickinson,Emily Dickinson,emily-dickinson-31601649c40cd971,Untitled - That such have died enables us,Emily Dickinson/Untitled - That such have died enables us.txt,110,966f66713cd286811fc36a94a5621e5d4b66c36c711671b51b4a0dcc4d3bae50,966f66713cd286811fc36a94a5621e5d4b66c36c711671b51b4a0dcc4d3bae50,110,4,4,17,suspiciously_short
1.0,versemap-reference-d9969e023145ab13,emily-dickinson,Emily Dickinson,emily-dickinson-770aaa409f5aebf0,"Untitled - The bee is not afraid of me,","Emily Dickinson/Untitled - The bee is not afraid of me,.txt",234,698621451cd2f0bef6489bd30405af26ece7a896e321ef502b3967c3d0cf4a6a,698621451cd2f0bef6489bd30405af26ece7a896e321ef502b3967c3d0cf4a6a,234,9,8,41,
1.0,versemap-reference-d9969e023145ab13,emily-dickinson,Emily Dickinson,emily-dickinson-ede05e301ea16938,Untitled - The bone that has no marrow;,Emily Dickinson/Untitled - The bone that has no marrow;.txt,315,44e13bc45c5a61671bce86992871da46e6f264b8b04271c47910d5169bcc9fc5,44e13bc45c5a61671bce86992871da46e6f264b8b04271c47910d5169bcc9fc5,315,14,12,52,
1.0,versemap-reference-d9969e023145ab13,emily-dickinson,Emily Dickinson,emily-dickinson-f1cc8751644e0b18,Untitled - The brain within its groove,Emily Dickinson/Untitled - The brain within its groove.txt,221,cbd7bd06e9bcb2bc533368e53aad3b0ec8542ad1d3db2cda51a53a1ffcc511cb,cbd7bd06e9bcb2bc533368e53aad3b0ec8542ad1d3db2cda51a53a1ffcc511cb,221,8,8,41,
1.0,versemap-reference-d9969e023145ab13,emily-dickinson,Emily Dickinson,emily-dickinson-1f4e4a62e3da37a1,Untitled - The bustle in a house,Emily Dickinson/Untitled - The bustle in a house.txt,193,1c0b56ce3b4943c614fd63b531f09c18735ffead8e315b9c308d0dc9c493a94e,1c0b56ce3b4943c614fd63b531f09c18735ffead8e315b9c308d0dc9c493a94e,193,9,8,34,
1.0,versemap-reference-d9969e023145ab13,emily-dickinson,Emily Dickinson,emily-dickinson-d14d60ae7168a1c9,"Untitled - The butterfly's assumption-gown,","Emily Dickinson/Untitled - The butterfly's assumption-gown,.txt",178,768276ffdb0b558121fb27417375757d7ffddfce93e256c7148535f8a9a4b9ed,768276ffdb0b558121fb27417375757d7ffddfce93e256c7148535f8a9a4b9ed,178,7,6,26,
1.0,versemap-reference-d9969e023145ab13,emily-dickinson,Emily Dickinson,emily-dickinson-a164555aa2bf5a6e,"Untitled - The daisy follows soft the sun,","Emily Dickinson/Untitled - The daisy follows soft the sun,.txt",389,0be708b07e20020a99e3c6969646caae78ec6619a9191139922b35593920b047,0be708b07e20020a99e3c6969646caae78ec6619a9191139922b35593920b047,389,13,12,65,
1.0,versemap-reference-d9969e023145ab13,emily-dickinson,Emily Dickinson,emily-dickinson-9dc076bcf9fdd2ee,Untitled - The distance that the dead have gone,Emily Dickinson/Untitled - The distance that the dead have gone.txt,249,836953a6d9faf2719f14eca30292253502025b081f2807704c3abf9e76e84b46,836953a6d9faf2719f14eca30292253502025b081f2807704c3abf9e76e84b46,249,9,8,43,
1.0,versemap-reference-d9969e023145ab13,emily-dickinson,Emily Dickinson,emily-dickinson-4eecf6294315f101,"Untitled - The dying need but little, dear, --","Emily Dickinson/Untitled - The dying need but little, dear, --.txt",231,1547a34f717e265e8dca368313719b11936571e7bfaf46389a83f6ee9f99f6b3,1547a34f717e265e8dca368313719b11936571e7bfaf46389a83f6ee9f99f6b3,231,9,8,39,
1.0,versemap-reference-d9969e023145ab13,emily-dickinson,Emily Dickinson,emily-dickinson-faa45deb2d715e94,Untitled - The farthest thunder that I heard,Emily Dickinson/Untitled - The farthest thunder that I heard.txt,576,ca220024cf65ef9c7cba03d477761c18bba89b0a6e93113c2e29934f29858857,ca220024cf65ef9c7cba03d477761c18bba89b0a6e93113c2e29934f29858857,576,20,20,97,
1.0,versemap-reference-d9969e023145ab13,emily-dickinson,Emily Dickinson,emily-dickinson-cd21cfe24bf77930,"Untitled - The grave my little cottage is,","Emily Dickinson/Untitled - The grave my little cottage is,.txt",215,b69ee639e11163c5e12ffc083fa3a60d431d66481ef704d22be9a231ea1eff83,b69ee639e11163c5e12ffc083fa3a60d431d66481ef704d22be9a231ea1eff83,215,9,8,37,
1.0,versemap-reference-d9969e023145ab13,emily-dickinson,Emily Dickinson,emily-dickinson-6f5561f560a4a151,"Untitled - The heart asks pleasure first,","Emily Dickinson/Untitled - The heart asks pleasure first,.txt",215,66e325351cfa0b2a796c89e65cef3aafc8502ab27cc3dc11417fde0598ea4497,66e325351cfa0b2a796c89e65cef3aafc8502ab27cc3dc11417fde0598ea4497,215,9,8,39,
1.0,versemap-reference-d9969e023145ab13,emily-dickinson,Emily Dickinson,emily-dickinson-fa0bab2f73857954,"Untitled - The last night that she lived,","Emily Dickinson/Untitled - The last night that she lived,.txt",657,c6fa29bc3eb80011f24cdf0c3ca55105a6e966ab8eedaebd5fee606eca517162,c6fa29bc3eb80011f24cdf0c3ca55105a6e966ab8eedaebd5fee606eca517162,657,29,24,117,
1.0,versemap-reference-d9969e023145ab13,emily-dickinson,Emily Dickinson,emily-dickinson-0b73b50aeed805a3,"Untitled - The moon is distant from the sea,","Emily Dickinson/Untitled - The moon is distant from the sea,.txt",342,1872e8866c2740c96e94b6b0a4fa0fa0c8873f07972b8195fbbe65a268688996,1872e8866c2740c96e94b6b0a4fa0fa0c8873f07972b8195fbbe65a268688996,342,14,12,65,
1.0,versemap-reference-d9969e023145ab13,emily-dickinson,Emily Dickinson,emily-dickinson-a00feee7e09c267d,"Untitled - The nearest dream recedes, unrealized","Emily Dickinson/Untitled - The nearest dream recedes, unrealized.txt",435,f6b3f6b2cd27dbe4894fbe9933a861b97f780d78d1b8773fd3d7ff0bd910d2ec,f6b3f6b2cd27dbe4894fbe9933a861b97f780d78d1b8773fd3d7ff0bd910d2ec,435,15,14,61,
1.0,versemap-reference-d9969e023145ab13,emily-dickinson,Emily Dickinson,emily-dickinson-db05605d5bef1a55,Untitled - The one that could repeat the summer day,Emily Dickinson/Untitled - The one that could repeat the summer day.txt,284,c25d6405fce3667d15af65298dc9a899d64f428de22db2a5f9d726be49a16ad2,c25d6405fce3667d15af65298dc9a899d64f428de22db2a5f9d726be49a16ad2,284,9,9,49,
1.0,versemap-reference-d9969e023145ab13,emily-dickinson,Emily Dickinson,emily-dickinson-54cd098b24e9c35d,Untitled - The only ghost I ever saw,Emily Dickinson/Untitled - The only ghost I ever saw.txt,452,89c85e294523ca47e6258296528b3a9bb863d6c3c29ec788b4449df6014f2a55,89c85e294523ca47e6258296528b3a9bb863d6c3c29ec788b4449df6014f2a55,452,17,16,79,
1.0,versemap-reference-d9969e023145ab13,emily-dickinson,Emily Dickinson,emily-dickinson-feb0c54a0b9fd0f5,Untitled - The pedigree of honey,Emily Dickinson/Untitled - The pedigree of honey.txt,91,67139f5c8bcf5f868317a95fd84f1cbb16f99e6b1b26583a95d8529b0975ef9c,67139f5c8bcf5f868317a95fd84f1cbb16f99e6b1b26583a95d8529b0975ef9c,91,4,4,17,suspiciously_short
1.0,versemap-reference-d9969e023145ab13,emily-dickinson,Emily Dickinson,emily-dickinson-71700de63d6e0675,"Untitled - The soul should always stand ajar,","Emily Dickinson/Untitled - The soul should always stand ajar,.txt",246,a988445ce9153c2615f519af0929217056b1409470d17c1cf84970d43a4d2c62,a988445ce9153c2615f519af0929217056b1409470d17c1cf84970d43a4d2c62,246,9,8,44,
1.0,versemap-reference-d9969e023145ab13,emily-dickinson,Emily Dickinson,emily-dickinson-9f2333516e1b1bb5,Untitled - The soul unto itself,Emily Dickinson/Untitled - The soul unto itself.txt,205,6f006132e6a428842b02efbd2c6315294009ebb367682f0c4aa0b6bfb4fb2eac,6f006132e6a428842b02efbd2c6315294009ebb367682f0c4aa0b6bfb4fb2eac,205,9,8,37,
1.0,versemap-reference-d9969e023145ab13,emily-dickinson,Emily Dickinson,emily-dickinson-6b04d4d8f9906670,"Untitled - The stimulus, beyond the grave","Emily Dickinson/Untitled - The stimulus, beyond the grave.txt",109,b57e19b344bebbf601cda87f4443f44837097b6add98e302094ea20bd760e400,b57e19b344bebbf601cda87f4443f44837097b6add98e302094ea20bd760e400,109,4,4,16,suspiciously_short
1.0,versemap-reference-d9969e023145ab13,emily-dickinson,Emily Dickinson,emily-dickinson-3b87a03f1ed003cc,Untitled - The thought beneath so slight a film,Emily Dickinson/Untitled - The thought beneath so slight a film.txt,120,7dc5ad4fdcc33f6b1d6546d7695f0db6d62c1aad353d154caa6524504cfa2951,7dc5ad4fdcc33f6b1d6546d7695f0db6d62c1aad353d154caa6524504cfa2951,120,4,4,21,
1.0,versemap-reference-d9969e023145ab13,emily-dickinson,Emily Dickinson,emily-dickinson-9086a681fb8fcb96,Untitled - The way I read a letter 's this,Emily Dickinson/Untitled - The way I read a letter 's this.txt,474,5bb5e6f4443d25686a996c79b64cd13d4e5666c335e573fdfe8e1fc465796c7b,5bb5e6f4443d25686a996c79b64cd13d4e5666c335e573fdfe8e1fc465796c7b,474,19,16,93,
1.0,versemap-reference-d9969e023145ab13,emily-dickinson,Emily Dickinson,emily-dickinson-7e59a704d9feb311,"Untitled - Their height in heaven comforts not,","Emily Dickinson/Untitled - Their height in heaven comforts not,.txt",454,b3253d10a1755b69b943c621dc534123acd89a5f671c38061de7d9530bfbec67,b3253d10a1755b69b943c621dc534123acd89a5f671c38061de7d9530bfbec67,454,19,16,82,
1.0,versemap-reference-d9969e023145ab13,emily-dickinson,Emily Dickinson,emily-dickinson-ac04c99b7915d016,Untitled - There is a shame of nobleness,Emily Dickinson/Untitled - There is a shame of nobleness.txt,233,605640f3fe24259704bb16249045cabb598d47d6dab8b595cd2c31d528ad0d1f,605640f3fe24259704bb16249045cabb598d47d6dab8b595cd2c31d528ad0d1f,233,9,8,40,
1.0,versemap-reference-d9969e023145ab13,emily-dickinson,Emily Dickinson,emily-dickinson-6b3ea40c9474b07f,"Untitled - There's a certain slant of light,","Emily Dickinson/Untitled - There's a certain slant of light,.txt",431,c19e56e04d10c0bfeace69e5fa67fc969acde57c99d7ef9a78a20e141b57a1f7,c19e56e04d10c0bfeace69e5fa67fc969acde57c99d7ef9a78a20e141b57a1f7,431,19,16,75,
1.0,versemap-reference-d9969e023145ab13,emily-dickinson,Emily Dickinson,emily-dickinson-31721d179cb240b6,Untitled - There's been a death in the opposite house,Emily Dickinson/Untitled - There's been a death in the opposite house.txt,708,230667adebecb761e69bf297843071cc4dd9f6775339c2608e58fe00de5d633d,230667adebecb761e69bf297843071cc4dd9f6775339c2608e58fe00de5d633d,708,29,24,129,
1.0,versemap-reference-d9969e023145ab13,emily-dickinson,Emily Dickinson,emily-dickinson-996331ad3ded5040,"Untitled - They say that 'time assuages,' --","Emily Dickinson/Untitled - They say that 'time assuages,' --.txt",221,86b3b34ed05efc9d698a3629f0016504abd207b3f307d117811dbaefc0c479d8,86b3b34ed05efc9d698a3629f0016504abd207b3f307d117811dbaefc0c479d8,221,9,8,39,
1.0,versemap-reference-d9969e023145ab13,emily-dickinson,Emily Dickinson,emily-dickinson-353ebbde4788c74e,"Untitled - They won't frown always, -- some sweet day","Emily Dickinson/Untitled - They won't frown always, -- some sweet day.txt",265,417b64f519f0b0db1d80ea1534a3a17483f759d63ac48f560ef5d6910a293195,417b64f519f0b0db1d80ea1534a3a17483f759d63ac48f560ef5d6910a293195,265,9,8,48,
1.0,versemap-reference-d9969e023145ab13,emily-dickinson,Emily Dickinson,emily-dickinson-af060d911547e6b9,"Untitled - This is my letter to the world,","Emily Dickinson/Untitled - This is my letter to the world,.txt",232,76cb535ce6516a2500732407857e5ffc8cc88f0cda09914974346c22e4400ed9,76cb535ce6516a2500732407857e5ffc8cc88f0cda09914974346c22e4400ed9,232,9,8,40,
1.0,versemap-reference-d9969e023145ab13,emily-dickinson,Emily Dickinson,emily-dickinson-0d48282afddc8212,"Untitled - This merit hath the worst, --","Emily Dickinson/Untitled - This merit hath the worst, --.txt",224,4ce76d5b757f1113f78f7824a0e80c6484b571f922262edc141256dff70abe91,4ce76d5b757f1113f78f7824a0e80c6484b571f922262edc141256dff70abe91,224,9,8,39,
1.0,versemap-reference-d9969e023145ab13,emily-dickinson,Emily Dickinson,emily-dickinson-5ada0d22f1ef57ad,"Untitled - This was in the white of the year,","Emily Dickinson/Untitled - This was in the white of the year,.txt",245,8601d15c78a95baccf7779577bd2f333510eb65693d2eeab0533508aeb65a51d,8601d15c78a95baccf7779577bd2f333510eb65693d2eeab0533508aeb65a51d,245,9,8,45,
1.0,versemap-reference-d9969e023145ab13,emily-dickinson,Emily Dickinson,emily-dickinson-6d63cf4deec69424,Untitled - This world is not conclusion;,Emily Dickinson/Untitled - This world is not conclusion;.txt,321,e7332c6985ae78e5618cf163ebd823478f05be8e528ab05bf453c15b827590ce,e7332c6985ae78e5618cf163ebd823478f05be8e528ab05bf453c15b827590ce,321,12,12,51,
1.0,versemap-reference-d9969e023145ab13,emily-dickinson,Emily Dickinson,emily-dickinson-7a69b78267e026af,"Untitled - Three weeks passed since I had seen her, --","Emily Dickinson/Untitled - Three weeks passed since I had seen her, --.txt",338,2440faf052d83d5a5a5ee2dddf45f620e1cbc22ba6c4cbd20c0cb48e87983017,2440faf052d83d5a5a5ee2dddf45f620e1cbc22ba6c4cbd20c0cb48e87983017,338,14,12,58,
1.0,versemap-reference-d9969e023145ab13,emily-dickinson,Emily Dickinson,emily-dickinson-fefb8a56c4066815,"Untitled - To fight aloud is very brave,","Emily Dickinson/Untitled - To fight aloud is very brave,.txt",330,769f720e1ac49fbc122a0d07d50288fd4970bcbac2a24af4e2ca652e4c7dea1c,769f720e1ac49fbc122a0d07d50288fd4970bcbac2a24af4e2ca652e4c7dea1c,330,14,12,60,
1.0,versemap-reference-d9969e023145ab13,emily-dickinson,Emily Dickinson,emily-dickinson-7571162c6419ae7c,"Untitled - To hang our head ostensibly,","Emily Dickinson/Untitled - To hang our head ostensibly,.txt",222,c39993ee6746137ee3b8c420032ac05c013e2f2197e5a689492b728093c9f714,c39993ee6746137ee3b8c420032ac05c013e2f2197e5a689492b728093c9f714,222,9,8,39,
1.0,versemap-reference-d9969e023145ab13,emily-dickinson,Emily Dickinson,emily-dickinson-ca9d0ffbe4a375bf,Untitled - To help our bleaker parts,Emily Dickinson/Untitled - To help our bleaker parts.txt,120,95843c33f981fc3603e2e7507b4488bc5d197b89917754583d4e3f414a2689b6,95843c33f981fc3603e2e7507b4488bc5d197b89917754583d4e3f414a2689b6,120,4,4,21,
1.0,versemap-reference-d9969e023145ab13,emily-dickinson,Emily Dickinson,emily-dickinson-1f6f9464de5e1e07,Untitled - To know just how he suffered would be dear;,Emily Dickinson/Untitled - To know just how he suffered would be dear;.txt,825,9f2b39ef738ab489d19faaaebd5914e9886e2e05bf998aaed22e5235cd5bd5a7,9f2b39ef738ab489d19faaaebd5914e9886e2e05bf998aaed22e5235cd5bd5a7,825,31,26,157,
1.0,versemap-reference-d9969e023145ab13,emily-dickinson,Emily Dickinson,emily-dickinson-76affdda67bcb317,"Untitled - To learn the transport by the pain,","Emily Dickinson/Untitled - To learn the transport by the pain,.txt",453,8440cd6c6717c45c375e91a9e51e3b69d38b3cdfa7d27e9b8b0e3497599f66d0,8440cd6c6717c45c375e91a9e51e3b69d38b3cdfa7d27e9b8b0e3497599f66d0,453,19,16,76,
1.0,versemap-reference-d9969e023145ab13,emily-dickinson,Emily Dickinson,emily-dickinson-638a42bbcb8acb89,"Untitled - To lose thee, sweeter than to gain","Emily Dickinson/Untitled - To lose thee, sweeter than to gain.txt",242,bbb9c96280a105abac1db6c6d31cefb987fb67a7bf98816ac831f71dbaeef676,bbb9c96280a105abac1db6c6d31cefb987fb67a7bf98816ac831f71dbaeef676,242,9,8,45,
1.0,versemap-reference-d9969e023145ab13,emily-dickinson,Emily Dickinson,emily-dickinson-8c5fab918178081a,"Untitled - To make a prairie it takes a clover and one bee, --","Emily Dickinson/Untitled - To make a prairie it takes a clover and one bee, --.txt",129,297c9ec83aab0e9b9652cd2600af80bad54c740a3e05d71209c144ee831054f6,297c9ec83aab0e9b9652cd2600af80bad54c740a3e05d71209c144ee831054f6,129,5,5,27,
1.0,versemap-reference-d9969e023145ab13,emily-dickinson,Emily Dickinson,emily-dickinson-bbc5a505275b2145,Untitled - To my quick ear the leaves conferred;,Emily Dickinson/Untitled - To my quick ear the leaves conferred;.txt,234,9bb2b4e0f455fb59ae0e608329f3e3c4e854cef0302e3687f57abecfc34a1b34,9bb2b4e0f455fb59ae0e608329f3e3c4e854cef0302e3687f57abecfc34a1b34,234,9,8,42,
1.0,versemap-reference-d9969e023145ab13,emily-dickinson,Emily Dickinson,emily-dickinson-2242cba3111db5d9,Untitled - To venerate the simple days,Emily Dickinson/Untitled - To venerate the simple days.txt,275,9d1d5ca2c5fc61d2f4d42d4ecc3b7649116ee54fc80b87ba597b2e2cd0dd2e06,9d1d5ca2c5fc61d2f4d42d4ecc3b7649116ee54fc80b87ba597b2e2cd0dd2e06,275,12,11,50,
1.0,versemap-reference-d9969e023145ab13,emily-dickinson,Emily Dickinson,emily-dickinson-90cb4c96bda36244,Untitled - Two swimmers wrestled on the spar,Emily Dickinson/Untitled - Two swimmers wrestled on the spar.txt,247,e37c61914a991af107b793d3e06776fcc3c77062e365f36b7d28f5d0fa7ee521,e37c61914a991af107b793d3e06776fcc3c77062e365f36b7d28f5d0fa7ee521,247,9,8,44,
1.0,versemap-reference-d9969e023145ab13,emily-dickinson,Emily Dickinson,emily-dickinson-e841a44fc17bf5f0,Untitled - Undue significance a starving man attaches,Emily Dickinson/Untitled - Undue significance a starving man attaches.txt,223,69bb01f5c0b474e43f56af9c700ca78704aa5fb62bc1555cada88bc217781d3b,69bb01f5c0b474e43f56af9c700ca78704aa5fb62bc1555cada88bc217781d3b,223,9,8,37,
1.0,versemap-reference-d9969e023145ab13,emily-dickinson,Emily Dickinson,emily-dickinson-cded2a32915dbd04,Untitled - Unto my books so good to turn,Emily Dickinson/Untitled - Unto my books so good to turn.txt,447,7879098573e59b0a7f5ea300bcafeda74dd08b4135d7ceee0f369bc9ddac76dc,7879098573e59b0a7f5ea300bcafeda74dd08b4135d7ceee0f369bc9ddac76dc,447,19,16,77,
1.0,versemap-reference-d9969e023145ab13,emily-dickinson,Emily Dickinson,emily-dickinson-d4d6535714a13156,"Untitled - Upon the gallows hung a wretch,","Emily Dickinson/Untitled - Upon the gallows hung a wretch,.txt",245,1d89e81f638dfc0ef32514602ab2d4a8cec11e02817942d07dfde03dfb833803,1d89e81f638dfc0ef32514602ab2d4a8cec11e02817942d07dfde03dfb833803,245,8,8,46,
1.0,versemap-reference-d9969e023145ab13,emily-dickinson,Emily Dickinson,emily-dickinson-c618c956859777bd,"Untitled - Victory comes late,","Emily Dickinson/Untitled - Victory comes late,.txt",385,10370ed8d73721e012c8fa39144d0a3b6863cf4e26bd112c69fe9c49e2f61bb7,10370ed8d73721e012c8fa39144d0a3b6863cf4e26bd112c69fe9c49e2f61bb7,385,16,16,71,
1.0,versemap-reference-d9969e023145ab13,emily-dickinson,Emily Dickinson,emily-dickinson-c0048ef52cbfa49e,Untitled - Water is taught by thirst;,Emily Dickinson/Untitled - Water is taught by thirst;.txt,153,86fc7a087044c6c7ef6cff7ae088f7258ff61a4ab479caea379c43a4c85311f3,86fc7a087044c6c7ef6cff7ae088f7258ff61a4ab479caea379c43a4c85311f3,153,6,6,26,
1.0,versemap-reference-d9969e023145ab13,emily-dickinson,Emily Dickinson,emily-dickinson-7314a0d86c243ae7,"Untitled - We cover thee, sweet face","Emily Dickinson/Untitled - We cover thee, sweet face.txt",338,045b8273b1368b1d7ca2d26bec8ee7a8a2af395d37f55dc8f638d4596df521f4,045b8273b1368b1d7ca2d26bec8ee7a8a2af395d37f55dc8f638d4596df521f4,338,12,12,62,
1.0,versemap-reference-d9969e023145ab13,emily-dickinson,Emily Dickinson,emily-dickinson-106a3be83a629939,Untitled - We learn in the retreating,Emily Dickinson/Untitled - We learn in the retreating.txt,175,f531e7d272419fe78849fd24b7a46743bd3e822292690c2105be14b763c85a59,f531e7d272419fe78849fd24b7a46743bd3e822292690c2105be14b763c85a59,175,9,8,31,
1.0,versemap-reference-d9969e023145ab13,emily-dickinson,Emily Dickinson,emily-dickinson-c84c738e4ad5d28b,"Untitled - We never know we go, -- when we are going","Emily Dickinson/Untitled - We never know we go, -- when we are going.txt",131,8858b6a63d789867bd0ed42290b2c480f927520acf9e6941cc886665bfc33542,8858b6a63d789867bd0ed42290b2c480f927520acf9e6941cc886665bfc33542,131,4,4,26,
1.0,versemap-reference-d9969e023145ab13,emily-dickinson,Emily Dickinson,emily-dickinson-ab882f3243db5668,Untitled - We outgrow love like other things,Emily Dickinson/Untitled - We outgrow love like other things.txt,128,a435357566abc4fed430545714c2b8bb833299ec54b7a759e8deb6b33e04248c,a435357566abc4fed430545714c2b8bb833299ec54b7a759e8deb6b33e04248c,128,4,4,22,
1.0,versemap-reference-d9969e023145ab13,emily-dickinson,Emily Dickinson,emily-dickinson-99e35a387b6d963f,"Untitled - We play at paste,","Emily Dickinson/Untitled - We play at paste,.txt",180,4b593633445f935856e56b08580459713d1882b45e94553281cc9131206c821d,4b593633445f935856e56b08580459713d1882b45e94553281cc9131206c821d,180,8,8,30,
1.0,versemap-reference-d9969e023145ab13,emily-dickinson,Emily Dickinson,emily-dickinson-fb80365bc16a9d14,Untitled - What if I say I shall not wait,Emily Dickinson/Untitled - What if I say I shall not wait.txt,367,68e2fea36f485e152f5b5fd2e1cc1e78928f85e82d2a381c71a61061a27c13fa,68e2fea36f485e152f5b5fd2e1cc1e78928f85e82d2a381c71a61061a27c13fa,367,13,12,71,
1.0,versemap-reference-d9969e023145ab13,emily-dickinson,Emily Dickinson,emily-dickinson-47ee5cfd53a14ec7,Untitled - What inn is this,Emily Dickinson/Untitled - What inn is this.txt,230,f691f645f4bbeb581de96f00ed971fdd20d4410ffde7cb2d674b086397df86da,f691f645f4bbeb581de96f00ed971fdd20d4410ffde7cb2d674b086397df86da,230,10,10,38,
1.0,versemap-reference-d9969e023145ab13,emily-dickinson,Emily Dickinson,emily-dickinson-357bbc50ec6d5268,"Untitled - What soft, cherubic creatures","Emily Dickinson/Untitled - What soft, cherubic creatures.txt",310,78c95172b029fed26cbca2bfbdd41d15e138ad66d731a22a38f9d00f5e09263a,78c95172b029fed26cbca2bfbdd41d15e138ad66d731a22a38f9d00f5e09263a,310,14,12,48,
1.0,versemap-reference-d9969e023145ab13,emily-dickinson,Emily Dickinson,emily-dickinson-6dc3289500a8e1e7,"Untitled - When I hoped I feared,","Emily Dickinson/Untitled - When I hoped I feared,.txt",166,29b62d8dc19086385fee17fa1b82e250dce89753598bcfd11fd8e7e1e5dc68c5,29b62d8dc19086385fee17fa1b82e250dce89753598bcfd11fd8e7e1e5dc68c5,166,8,8,29,
1.0,versemap-reference-d9969e023145ab13,emily-dickinson,Emily Dickinson,emily-dickinson-045c4fa9a265e777,"Untitled - Where every bird is bold to go,","Emily Dickinson/Untitled - Where every bird is bold to go,.txt",120,c51111b5f0d24d7c96dfd91e70becc8ff8aa76d0dfbb78d967b0dc4d7ff68235,c51111b5f0d24d7c96dfd91e70becc8ff8aa76d0dfbb78d967b0dc4d7ff68235,120,4,4,21,
1.0,versemap-reference-d9969e023145ab13,emily-dickinson,Emily Dickinson,emily-dickinson-9cbbf562c8509005,"Untitled - Whether my bark went down at sea,","Emily Dickinson/Untitled - Whether my bark went down at sea,.txt",211,9cd9a0187f6afe7b4689543de40aacc0f9736c0bbd3827e2e2a082510903641e,9cd9a0187f6afe7b4689543de40aacc0f9736c0bbd3827e2e2a082510903641e,211,9,8,40,
1.0,versemap-reference-d9969e023145ab13,emily-dickinson,Emily Dickinson,emily-dickinson-e6bd6a346adeeaec,Untitled - Who has not found the heaven below,Emily Dickinson/Untitled - Who has not found the heaven below.txt,118,34afb1f494f9de0e8d53f7610105d5d3b054dde76fcd06c48989c4a87ff5b1ea,34afb1f494f9de0e8d53f7610105d5d3b054dde76fcd06c48989c4a87ff5b1ea,118,4,4,22,
1.0,versemap-reference-d9969e023145ab13,emily-dickinson,Emily Dickinson,emily-dickinson-b54bbfa804e372dd,"Untitled - Who robbed the woods,","Emily Dickinson/Untitled - Who robbed the woods,.txt",243,471da9053cc6c5705f6ab1b2d19da72204abdbdfd93bde9f3061b5c368e57596,471da9053cc6c5705f6ab1b2d19da72204abdbdfd93bde9f3061b5c368e57596,243,9,9,40,
1.0,versemap-reference-d9969e023145ab13,emily-dickinson,Emily Dickinson,emily-dickinson-2672bec50d9206d0,Untitled - Wild nights! Wild nights!,Emily Dickinson/Untitled - Wild nights! Wild nights!.txt,228,7dd06e69213492d8930839b1596b0ba5550d8dca878de402230da68cccb315c5,7dd06e69213492d8930839b1596b0ba5550d8dca878de402230da68cccb315c5,228,14,12,43,
1.0,versemap-reference-d9969e023145ab13,emily-dickinson,Emily Dickinson,emily-dickinson-244dd5acc9cec14f,Untitled - Your riches taught me poverty,Emily Dickinson/Untitled - Your riches taught me poverty.txt,937,963307caa68a032674a4367059edae49a75a80f4f252a130c135771b4b82df7c,963307caa68a032674a4367059edae49a75a80f4f252a130c135771b4b82df7c,937,39,32,178,
1.0,versemap-reference-d9969e023145ab13,emily-dickinson,Emily Dickinson,emily-dickinson-1743cb8b18d953c2,Unwarned,Emily Dickinson/Unwarned.txt,444,a1fb450c7add0b552f0357d41b68b109d651eb1fa6c957932a4582d4eae31e2f,a1fb450c7add0b552f0357d41b68b109d651eb1fa6c957932a4582d4eae31e2f,444,16,14,82,
1.0,versemap-reference-d9969e023145ab13,emily-dickinson,Emily Dickinson,emily-dickinson-43c945841e865cdd,Vanished,Emily Dickinson/Vanished.txt,233,f7a380ba090c0feda9242dd6c9750392cde069742d0fc1f7b9e48100a35b91ac,f7a380ba090c0feda9242dd6c9750392cde069742d0fc1f7b9e48100a35b91ac,233,9,8,45,
1.0,versemap-reference-d9969e023145ab13,emily-dickinson,Emily Dickinson,emily-dickinson-2a849c497be2af39,Ventures,Emily Dickinson/Ventures.txt,154,2ecb6372ff80a84ea3cf982eaba8bf375c12014f7fb16f43de59a769d0b533b3,2ecb6372ff80a84ea3cf982eaba8bf375c12014f7fb16f43de59a769d0b533b3,154,4,4,24,
1.0,versemap-reference-d9969e023145ab13,emily-dickinson,Emily Dickinson,emily-dickinson-82fd76b8460bebf1,Void,Emily Dickinson/Void.txt,235,d913db940d1795fc80b95c30ec7b259554e0018528093c71a81ab9854cbc618f,d913db940d1795fc80b95c30ec7b259554e0018528093c71a81ab9854cbc618f,235,9,8,42,
1.0,versemap-reference-d9969e023145ab13,emily-dickinson,Emily Dickinson,emily-dickinson-05837d183499a744,Waiting,Emily Dickinson/Waiting.txt,224,eb21a236f4723b1944a40c7f4fc451e7c6fd67ab38527746f0d62c79c218e2d0,eb21a236f4723b1944a40c7f4fc451e7c6fd67ab38527746f0d62c79c218e2d0,224,9,8,46,
1.0,versemap-reference-d9969e023145ab13,emily-dickinson,Emily Dickinson,emily-dickinson-48d35266a88872c7,Wedded,Emily Dickinson/Wedded.txt,222,2ecd8e6d12e4eb7c53155344c96f6a211a775510d924fca51e8fa941924d9d5a,2ecd8e6d12e4eb7c53155344c96f6a211a775510d924fca51e8fa941924d9d5a,222,9,8,42,
1.0,versemap-reference-d9969e023145ab13,emily-dickinson,Emily Dickinson,emily-dickinson-5ac99f572cadc5cf,Who,Emily Dickinson/Who.txt,163,8462ac7385c65f3ac7fe25cbd0049b7a566ea320c6b6feacb0a7312a9a60ce13,8462ac7385c65f3ac7fe25cbd0049b7a566ea320c6b6feacb0a7312a9a60ce13,163,7,7,29,
1.0,versemap-reference-d9969e023145ab13,emily-dickinson,Emily Dickinson,emily-dickinson-f132577c52468222,Why,Emily Dickinson/Why.txt,300,d0c8a9edcb6e4c6d9b1f35b2b502837500e52b22da806f087db49665708d6f1d,d0c8a9edcb6e4c6d9b1f35b2b502837500e52b22da806f087db49665708d6f1d,300,17,15,62,
1.0,versemap-reference-d9969e023145ab13,emily-dickinson,Emily Dickinson,emily-dickinson-2fb1f51f6834c35b,"With a Flower - I hide myself within my flower,","Emily Dickinson/With a Flower - I hide myself within my flower,.txt",235,09069cbc9290db471161824fae1496fb1dec25658ef7c211ba2aabf63575f17f,09069cbc9290db471161824fae1496fb1dec25658ef7c211ba2aabf63575f17f,235,9,8,40,
1.0,versemap-reference-d9969e023145ab13,emily-dickinson,Emily Dickinson,emily-dickinson-df3fddcdfb37ab2c,"With a Flower - When roses cease to bloom, dear,","Emily Dickinson/With a Flower - When roses cease to bloom, dear,.txt",236,c7699a6f81b75f4469614fef18d931aeafa0feeefdacb40fad466def17e8756a,c7699a6f81b75f4469614fef18d931aeafa0feeefdacb40fad466def17e8756a,236,9,8,40,
1.0,versemap-reference-d9969e023145ab13,emily-dickinson,Emily Dickinson,emily-dickinson-73ea851e531f6fbb,"With Flowers - If recollecting were forgetting,","Emily Dickinson/With Flowers - If recollecting were forgetting,.txt",227,4689f8747eb0f9eb87a049a8dc970a845e39530e7ea26331db4c3f4d553230f3,4689f8747eb0f9eb87a049a8dc970a845e39530e7ea26331db4c3f4d553230f3,227,8,8,38,
1.0,versemap-reference-d9969e023145ab13,emily-dickinson,Emily Dickinson,emily-dickinson-b5207e423a7b7705,"With Flowers - South winds jostle them,","Emily Dickinson/With Flowers - South winds jostle them,.txt",165,c932f576512470836b71b6c1bd261ed3c650093a9c4b4524aa242663077b6106,c932f576512470836b71b6c1bd261ed3c650093a9c4b4524aa242663077b6106,165,9,8,24,
1.0,versemap-reference-d9969e023145ab13,henry-wadsworth-longfellow,Henry Wadsworth Longfellow,henry-wadsworth-longfellow-dcc64c069c28070b,A Christmas Carol,Henry Wadsworth Longfellow/A Christmas Carol.txt,1392,d6a45e159197c70c409ca88f828a1bc2ffbf36ed6c35062798c694d9807b4877,d6a45e159197c70c409ca88f828a1bc2ffbf36ed6c35062798c694d9807b4877,1392,57,50,227,
1.0,versemap-reference-d9969e023145ab13,henry-wadsworth-longfellow,Henry Wadsworth Longfellow,henry-wadsworth-longfellow-e30d07d6f449fd6d,A Day of Sunshine,Henry Wadsworth Longfellow/A Day of Sunshine.txt,977,e3fce513168245f3ff9eea7b4d87e79941dbb8fcbffa7c6a06ed1869d5d0aa43,e3fce513168245f3ff9eea7b4d87e79941dbb8fcbffa7c6a06ed1869d5d0aa43,977,34,28,178,
1.0,versemap-reference-d9969e023145ab13,henry-wadsworth-longfellow,Henry Wadsworth Longfellow,henry-wadsworth-longfellow-767c44846bf8339b,A Fragment,Henry Wadsworth Longfellow/A Fragment.txt,274,dede5a6f65193fd8c7094a1f0ac52e0f00a3f26e26c57656855c88e4bcf575ae,dede5a6f65193fd8c7094a1f0ac52e0f00a3f26e26c57656855c88e4bcf575ae,274,9,8,48,
1.0,versemap-reference-d9969e023145ab13,henry-wadsworth-longfellow,Henry Wadsworth Longfellow,henry-wadsworth-longfellow-97db6c965d4cec4a,A Gleam of Sunshine,Henry Wadsworth Longfellow/A Gleam of Sunshine.txt,1824,c36e9cac455ad38a123960260f8972389912ae3b02118e197ad2a7332e776468,c36e9cac455ad38a123960260f8972389912ae3b02118e197ad2a7332e776468,1824,69,56,325,
1.0,versemap-reference-d9969e023145ab13,henry-wadsworth-longfellow,Henry Wadsworth Longfellow,henry-wadsworth-longfellow-469325a26703a974,A Psalm of Life,Henry Wadsworth Longfellow/A Psalm of Life.txt,1305,2c852cf8d9d50699c1db1a9334674c04e6108d8dc4826775bdf2df99c4b9df3e,2c852cf8d9d50699c1db1a9334674c04e6108d8dc4826775bdf2df99c4b9df3e,1291,46,37,222,
1.0,versemap-reference-d9969e023145ab13,henry-wadsworth-longfellow,Henry Wadsworth Longfellow,henry-wadsworth-longfellow-002f48aa7b21cd0d,A Quiet Life,Henry Wadsworth Longfellow/A Quiet Life.txt,627,7cbe196cab3a820f3dba92262ae7c8d1c9e86cd8eb5e67f4e45b806b0a87cdba,7cbe196cab3a820f3dba92262ae7c8d1c9e86cd8eb5e67f4e45b806b0a87cdba,627,14,14,109,
1.0,versemap-reference-d9969e023145ab13,henry-wadsworth-longfellow,Henry Wadsworth Longfellow,henry-wadsworth-longfellow-69a42e771ec92d08,Aftermath,Henry Wadsworth Longfellow/Aftermath.txt,457,bffdd37b872151e5e5a941ac068232b9b53fa40a6c5b4bc3744ce9485b5d360c,bffdd37b872151e5e5a941ac068232b9b53fa40a6c5b4bc3744ce9485b5d360c,457,15,14,84,
1.0,versemap-reference-d9969e023145ab13,henry-wadsworth-longfellow,Henry Wadsworth Longfellow,henry-wadsworth-longfellow-477ae9011a83544f,Afternoon in February,Henry Wadsworth Longfellow/Afternoon in February.txt,492,ee125e9357e63ef51c3758a3d34a597030e9372432e936e4e884ce256ffa6259,ee125e9357e63ef51c3758a3d34a597030e9372432e936e4e884ce256ffa6259,492,29,24,83,
1.0,versemap-reference-d9969e023145ab13,henry-wadsworth-longfellow,Henry Wadsworth Longfellow,henry-wadsworth-longfellow-4a753fd3fee06224,Allah,Henry Wadsworth Longfellow/Allah.txt,430,4f2a015e8949bbeeba9023e74118c38de1593f227cbd991febf479bb4959f260,4f2a015e8949bbeeba9023e74118c38de1593f227cbd991febf479bb4959f260,430,18,14,70,
1.0,versemap-reference-d9969e023145ab13,henry-wadsworth-longfellow,Henry Wadsworth Longfellow,henry-wadsworth-longfellow-cc270a100669a794,An April Day,Henry Wadsworth Longfellow/An April Day.txt,1244,75912ce3d1f53d9a2df9f56a82b2c45c6a3fb8ece9bfc6bd76a98786ef970a18,75912ce3d1f53d9a2df9f56a82b2c45c6a3fb8ece9bfc6bd76a98786ef970a18,1244,39,32,205,
1.0,versemap-reference-d9969e023145ab13,henry-wadsworth-longfellow,Henry Wadsworth Longfellow,henry-wadsworth-longfellow-39bc73e2f562c2dd,Ancient Spanish Ballads,Henry Wadsworth Longfellow/Ancient Spanish Ballads.txt,156,f7490b562e1fd7fe28ebc3b7713541cbdc106cd889c859c68b06162c7f6c9b22,f7490b562e1fd7fe28ebc3b7713541cbdc106cd889c859c68b06162c7f6c9b22,156,3,3,23,suspiciously_short
1.0,versemap-reference-d9969e023145ab13,henry-wadsworth-longfellow,Henry Wadsworth Longfellow,henry-wadsworth-longfellow-34836b82dc4bd121,Annie of Tharaw,Henry Wadsworth Longfellow/Annie of Tharaw.txt,1636,a140edd0f0117ed49efff865dcb1a23dc37e5456476ecb355fc2ac8a27364e4a,a140edd0f0117ed49efff865dcb1a23dc37e5456476ecb355fc2ac8a27364e4a,1636,52,35,313,
1.0,versemap-reference-d9969e023145ab13,henry-wadsworth-longfellow,Henry Wadsworth Longfellow,henry-wadsworth-longfellow-82d8828ebce379f1,At La Chaudeau,Henry Wadsworth Longfellow/At La Chaudeau.txt,1012,e1997072d5424855963b38ecb3a6077c16b1ef1d6457a4eee13416562bf68fed,e1997072d5424855963b38ecb3a6077c16b1ef1d6457a4eee13416562bf68fed,1012,36,31,183,
1.0,versemap-reference-d9969e023145ab13,henry-wadsworth-longfellow,Henry Wadsworth Longfellow,henry-wadsworth-longfellow-f422dd17532c6d94,Auf Wiedersehen,Henry Wadsworth Longfellow/Auf Wiedersehen.txt,1175,7a37371dcabea89db0c45c33a283838409198784ca24f810d1a327f4537c19db,7a37371dcabea89db0c45c33a283838409198784ca24f810d1a327f4537c19db,1175,36,31,211,
1.0,versemap-reference-d9969e023145ab13,henry-wadsworth-longfellow,Henry Wadsworth Longfellow,henry-wadsworth-longfellow-00e837d300ac3df8,"Autumn - Thou comest, Autumn, heralded by the rain","Henry Wadsworth Longfellow/Autumn - Thou comest, Autumn, heralded by the rain.txt",657,961f9f2f898207b3ee1b7c020ad25e48222a122ae297f3c7281e82c008647359,961f9f2f898207b3ee1b7c020ad25e48222a122ae297f3c7281e82c008647359,657,14,14,100,
1.0,versemap-reference-d9969e023145ab13,henry-wadsworth-longfellow,Henry Wadsworth Longfellow,henry-wadsworth-longfellow-063061651962bdaa,Autumn - With what a glory comes and goes the year!,Henry Wadsworth Longfellow/Autumn - With what a glory comes and goes the year!.txt,1673,318e0e645739ac776fdda8db0d59de85708b33b3f9855b4d5b8af56e3d9296c0,318e0e645739ac776fdda8db0d59de85708b33b3f9855b4d5b8af56e3d9296c0,1673,40,38,293,
1.0,versemap-reference-d9969e023145ab13,henry-wadsworth-longfellow,Henry Wadsworth Longfellow,henry-wadsworth-longfellow-ba9195acba17260d,Autumn Within,Henry Wadsworth Longfellow/Autumn Within.txt,383,e153181aa56cae9c34ebcc9e10d33f8559e1adb3930901b28a96d99cd425af65,e153181aa56cae9c34ebcc9e10d33f8559e1adb3930901b28a96d99cd425af65,383,14,12,67,
1.0,versemap-reference-d9969e023145ab13,henry-wadsworth-longfellow,Henry Wadsworth Longfellow,henry-wadsworth-longfellow-408ab044d9adfb15,Barréges,Henry Wadsworth Longfellow/Barréges.txt,1036,d20a24a78930096bc6de341ed0f3fb4c2f9593317b08afd66aa0c1b2042b8509,d20a24a78930096bc6de341ed0f3fb4c2f9593317b08afd66aa0c1b2042b8509,1036,36,29,177,
1.0,versemap-reference-d9969e023145ab13,henry-wadsworth-longfellow,Henry Wadsworth Longfellow,henry-wadsworth-longfellow-ba22ad5629ec8d7d,Bayard Taylor,Henry Wadsworth Longfellow/Bayard Taylor.txt,1001,364174b56ceb3621963a3108b5d9b03c829efc62ca6e894452720a732658f915,364174b56ceb3621963a3108b5d9b03c829efc62ca6e894452720a732658f915,1001,47,32,179,
1.0,versemap-reference-d9969e023145ab13,henry-wadsworth-longfellow,Henry Wadsworth Longfellow,henry-wadsworth-longfellow-3ece6716317563c4,Beatrice,Henry Wadsworth Longfellow/Beatrice.txt,2101,e0d9bc274bc9ad938d2253059c5e0993db6f9c3b48fc3ae46f73fb6631fb16d7,e0d9bc274bc9ad938d2253059c5e0993db6f9c3b48fc3ae46f73fb6631fb16d7,2101,49,48,342,
1.0,versemap-reference-d9969e023145ab13,henry-wadsworth-longfellow,Henry Wadsworth Longfellow,henry-wadsworth-longfellow-18c8774ffc9b43bc,Becalmed,Henry Wadsworth Longfellow/Becalmed.txt,543,a4d0a8d8c21e3bdcb397e0a292a9b0b79bdb7ebaef9ae89e132e9c045a019682,a4d0a8d8c21e3bdcb397e0a292a9b0b79bdb7ebaef9ae89e132e9c045a019682,543,19,16,93,
1.0,versemap-reference-d9969e023145ab13,henry-wadsworth-longfellow,Henry Wadsworth Longfellow,henry-wadsworth-longfellow-2b9c97a1328ca9db,Beowulf’s Expedition to Heort,Henry Wadsworth Longfellow/Beowulf’s Expedition to Heort.txt,2739,178967296f3f1c1249653b002bbe10a199d6db68c143b418b44b899c49d5e0d8,178967296f3f1c1249653b002bbe10a199d6db68c143b418b44b899c49d5e0d8,2739,130,130,474,
1.0,versemap-reference-d9969e023145ab13,henry-wadsworth-longfellow,Henry Wadsworth Longfellow,henry-wadsworth-longfellow-8601c0a672afb40b,Beware!,Henry Wadsworth Longfellow/Beware!.txt,744,1576e1d67073ccfef69c7683428d8022e5076c524cc34f4ec1e86253d0f32195,1576e1d67073ccfef69c7683428d8022e5076c524cc34f4ec1e86253d0f32195,744,36,31,135,
1.0,versemap-reference-d9969e023145ab13,henry-wadsworth-longfellow,Henry Wadsworth Longfellow,henry-wadsworth-longfellow-0f1b29b5626c49f3,Blessed are the Dead,Henry Wadsworth Longfellow/Blessed are the Dead.txt,918,dc9a9ac0412fe2b778801409acd4b9e28805afa2824b69472fc024a00e6ac0d3,dc9a9ac0412fe2b778801409acd4b9e28805afa2824b69472fc024a00e6ac0d3,918,31,25,161,
1.0,versemap-reference-d9969e023145ab13,henry-wadsworth-longfellow,Henry Wadsworth Longfellow,henry-wadsworth-longfellow-bd4117bbd5281565,Blind Bartimeus,Henry Wadsworth Longfellow/Blind Bartimeus.txt,889,0915221bf071c9642b80f746d6489a50f3b17f5985086e834c6aa1e3351f9d03,0915221bf071c9642b80f746d6489a50f3b17f5985086e834c6aa1e3351f9d03,747,27,24,130,
1.0,versemap-reference-d9969e023145ab13,henry-wadsworth-longfellow,Henry Wadsworth Longfellow,henry-wadsworth-longfellow-b86144eadbb9ad6b,Burial of the Minnisink,Henry Wadsworth Longfellow/Burial of the Minnisink.txt,2301,684841050823907c4c23eb9bdf478724faff10579a32a0615679ce3466089323,684841050823907c4c23eb9bdf478724faff10579a32a0615679ce3466089323,2301,83,68,422,
1.0,versemap-reference-d9969e023145ab13,henry-wadsworth-longfellow,Henry Wadsworth Longfellow,henry-wadsworth-longfellow-0e324f47e80c92e7,Carillon,Henry Wadsworth Longfellow/Carillon.txt,2248,2f12a81f99aa26adb029d72a0c679c02909cafb6b4e554e5b4b90f0c6e522e85,2f12a81f99aa26adb029d72a0c679c02909cafb6b4e554e5b4b90f0c6e522e85,2248,74,69,395,
1.0,versemap-reference-d9969e023145ab13,henry-wadsworth-longfellow,Henry Wadsworth Longfellow,henry-wadsworth-longfellow-c0c9e0cdf364664c,Catawba Wine,Henry Wadsworth Longfellow/Catawba Wine.txt,1841,7259b905578a7033952f5863835c7ff5471043809e1240dfa880c03283caa6fc,7259b905578a7033952f5863835c7ff5471043809e1240dfa880c03283caa6fc,1841,76,66,316,
1.0,versemap-reference-d9969e023145ab13,henry-wadsworth-longfellow,Henry Wadsworth Longfellow,henry-wadsworth-longfellow-6ae2e4caa6130c14,Changed,Henry Wadsworth Longfellow/Changed.txt,481,bdd67ed081df5270667f9fd600de93ea9645d4386ed5659134c599b9ce934c97,bdd67ed081df5270667f9fd600de93ea9645d4386ed5659134c599b9ce934c97,481,17,15,91,
1.0,versemap-reference-d9969e023145ab13,henry-wadsworth-longfellow,Henry Wadsworth Longfellow,henry-wadsworth-longfellow-812df1c52fca9496,Childhood,Henry Wadsworth Longfellow/Childhood.txt,1684,6dd766884d2c8f15c9c3419cf9d119100658a1061d2a49b4a0c2badaa03cfa32,6dd766884d2c8f15c9c3419cf9d119100658a1061d2a49b4a0c2badaa03cfa32,1684,48,38,309,
1.0,versemap-reference-d9969e023145ab13,henry-wadsworth-longfellow,Henry Wadsworth Longfellow,henry-wadsworth-longfellow-7a3d501e731eb6a1,Children,Henry Wadsworth Longfellow/Children.txt,1184,44d7646b1c12403beb35fa1c51b3140a652d781f80fe95e134a189d2a39887d4,44d7646b1c12403beb35fa1c51b3140a652d781f80fe95e134a189d2a39887d4,1184,44,36,217,
1.0,versemap-reference-d9969e023145ab13,henry-wadsworth-longfellow,Henry Wadsworth Longfellow,henry-wadsworth-longfellow-bb02847ab9f37670,Chimes,Henry Wadsworth Longfellow/Chimes.txt,594,dd6070ee6a1531d79c62143a93eb38e8da903dadf6a8a86b1149606407be5aa2,dd6070ee6a1531d79c62143a93eb38e8da903dadf6a8a86b1149606407be5aa2,594,14,14,106,
1.0,versemap-reference-d9969e023145ab13,henry-wadsworth-longfellow,Henry Wadsworth Longfellow,henry-wadsworth-longfellow-ca287fb09067ffaf,CHRISTUS A MYSTERY,Henry Wadsworth Longfellow/CHRISTUS A MYSTERY.txt,196115,07c7fa1069a80e1e97d4db51210b5bef03fa86ff72d3d43d65bc325ad0632f8e,07c7fa1069a80e1e97d4db51210b5bef03fa86ff72d3d43d65bc325ad0632f8e,195970,7230,6054,34714,suspiciously_long
1.0,versemap-reference-d9969e023145ab13,henry-wadsworth-longfellow,Henry Wadsworth Longfellow,henry-wadsworth-longfellow-8a547b9d3d35103d,Chrysaor,Henry Wadsworth Longfellow/Chrysaor.txt,575,110cac9080042ac7551e549fe1c98df284c41c0a2a6f573c0cef15a7ccc670d3,110cac9080042ac7551e549fe1c98df284c41c0a2a6f573c0cef15a7ccc670d3,575,19,16,102,
1.0,versemap-reference-d9969e023145ab13,henry-wadsworth-longfellow,Henry Wadsworth Longfellow,henry-wadsworth-longfellow-0c5dc36074d8a754,Consolation,Henry Wadsworth Longfellow/Consolation.txt,1256,f1252286122d9430927f0f6e00546158d0384cb8854acdeb96db44f87a19cc27,f1252286122d9430927f0f6e00546158d0384cb8854acdeb96db44f87a19cc27,1256,39,31,210,
1.0,versemap-reference-d9969e023145ab13,henry-wadsworth-longfellow,Henry Wadsworth Longfellow,henry-wadsworth-longfellow-de40aa648c155f91,Coplas de Manrique,Henry Wadsworth Longfellow/Coplas de Manrique.txt,14867,5fe7a97569e5bd0b2b7dc0f8553342344115743d904ffc1d4da9027ec0326655,5fe7a97569e5bd0b2b7dc0f8553342344115743d904ffc1d4da9027ec0326655,14867,589,505,2658,suspiciously_long
1.0,versemap-reference-d9969e023145ab13,henry-wadsworth-longfellow,Henry Wadsworth Longfellow,henry-wadsworth-longfellow-8a72e7908f0bb916,Curfew,Henry Wadsworth Longfellow/Curfew.txt,760,8432b28a41aaef750c5939919ec1a39798f0acabc36ae3d3755550171317e8bf,8432b28a41aaef750c5939919ec1a39798f0acabc36ae3d3755550171317e8bf,760,43,34,128,
1.0,versemap-reference-d9969e023145ab13,henry-wadsworth-longfellow,Henry Wadsworth Longfellow,henry-wadsworth-longfellow-a5f267af17e1268a,Dante,Henry Wadsworth Longfellow/Dante.txt,636,1b0b64519bb4747feba8b7e1e8382fcbecb2f12b2b5275e6e1bca38c4d6ba86b,1b0b64519bb4747feba8b7e1e8382fcbecb2f12b2b5275e6e1bca38c4d6ba86b,636,14,14,104,
1.0,versemap-reference-d9969e023145ab13,henry-wadsworth-longfellow,Henry Wadsworth Longfellow,henry-wadsworth-longfellow-5e4277d80db34ff2,Daybreak,Henry Wadsworth Longfellow/Daybreak.txt,653,decb87c50b1ff9bdb5bf75a68c64a5af26d188e627928df5a70933aeef4dbac0,decb87c50b1ff9bdb5bf75a68c64a5af26d188e627928df5a70933aeef4dbac0,653,26,18,118,
1.0,versemap-reference-d9969e023145ab13,henry-wadsworth-longfellow,Henry Wadsworth Longfellow,henry-wadsworth-longfellow-14c85ddff71e7db4,Daylight and Moonlight,Henry Wadsworth Longfellow/Daylight and Moonlight.txt,595,c697883a5d313ce479b7cf957822e2a10c9d5303dffedf404d8cb997f17d6139,c697883a5d313ce479b7cf957822e2a10c9d5303dffedf404d8cb997f17d6139,595,24,20,109,
1.0,versemap-reference-d9969e023145ab13,henry-wadsworth-longfellow,Henry Wadsworth Longfellow,henry-wadsworth-longfellow-3fe0f77fe5aae904,Death of Archbishop Turpin,Henry Wadsworth Longfellow/Death of Archbishop Turpin.txt,2289,113321ce433ab75a6a78da848836199a542da05a516766c0c64ec9f8e40ca200,113321ce433ab75a6a78da848836199a542da05a516766c0c64ec9f8e40ca200,2289,55,51,411,
1.0,versemap-reference-d9969e023145ab13,henry-wadsworth-longfellow,Henry Wadsworth Longfellow,henry-wadsworth-longfellow-61aff003aabe620a,Decoration Day,Henry Wadsworth Longfellow/Decoration Day.txt,712,517e718f243f74036935dbf6597ba2710b898c390f8a45f173712e38dc8909ac,517e718f243f74036935dbf6597ba2710b898c390f8a45f173712e38dc8909ac,712,29,24,125,
1.0,versemap-reference-d9969e023145ab13,henry-wadsworth-longfellow,Henry Wadsworth Longfellow,henry-wadsworth-longfellow-549511fd3e42f20b,"Dedication - As one who, walking in the twilight gloom","Henry Wadsworth Longfellow/Dedication - As one who, walking in the twilight gloom.txt",2024,393d8eca881b6ea821c7f50477696188a5e5ed43078c1b1038fe978442d8878e,393d8eca881b6ea821c7f50477696188a5e5ed43078c1b1038fe978442d8878e,2024,56,45,343,
1.0,versemap-reference-d9969e023145ab13,henry-wadsworth-longfellow,Henry Wadsworth Longfellow,henry-wadsworth-longfellow-0642df2d3ce496ec,Dedication - TO G.W.G,Henry Wadsworth Longfellow/Dedication - TO G.W.G.txt,583,56dc8a44881eaedc90f2452cf9d4548dde2eaa646153a7f6627e4a2fb8b98e6e,56dc8a44881eaedc90f2452cf9d4548dde2eaa646153a7f6627e4a2fb8b98e6e,583,23,18,104,
1.0,versemap-reference-d9969e023145ab13,henry-wadsworth-longfellow,Henry Wadsworth Longfellow,henry-wadsworth-longfellow-86902bd4b1686ce0,Drinking Song,Henry Wadsworth Longfellow/Drinking Song.txt,1692,051370acb5f585734c8d402ca807a9f7d7839ae0184e9dc5a35493d94775f93b,051370acb5f585734c8d402ca807a9f7d7839ae0184e9dc5a35493d94775f93b,1692,61,49,264,
1.0,versemap-reference-d9969e023145ab13,henry-wadsworth-longfellow,Henry Wadsworth Longfellow,henry-wadsworth-longfellow-4bf157455910579f,Elegiac Verse,Henry Wadsworth Longfellow/Elegiac Verse.txt,2346,178f35ab7bdc0d6938b96dd1bd987b70c4e8bdc4306cc9d5e24c76bc0b4c3eb1,178f35ab7bdc0d6938b96dd1bd987b70c4e8bdc4306cc9d5e24c76bc0b4c3eb1,2346,82,54,425,
1.0,versemap-reference-d9969e023145ab13,henry-wadsworth-longfellow,Henry Wadsworth Longfellow,henry-wadsworth-longfellow-512381d9853d03b2,Elegiac,Henry Wadsworth Longfellow/Elegiac.txt,954,6a29ad53bca96366f9ab202b71df4d8341e4eac8f6674476a3bc862995803ab5,6a29ad53bca96366f9ab202b71df4d8341e4eac8f6674476a3bc862995803ab5,954,20,17,169,
1.0,versemap-reference-d9969e023145ab13,henry-wadsworth-longfellow,Henry Wadsworth Longfellow,henry-wadsworth-longfellow-990ce0f9c682b30c,Enceladus,Henry Wadsworth Longfellow/Enceladus.txt,1134,5abcec5a08fa905f26ffbae5286440dd02e3e496ec2ba9c97b1173869e7424b2,5abcec5a08fa905f26ffbae5286440dd02e3e496ec2ba9c97b1173869e7424b2,1134,41,35,199,
1.0,versemap-reference-d9969e023145ab13,henry-wadsworth-longfellow,Henry Wadsworth Longfellow,henry-wadsworth-longfellow-37acffc0b9b244f8,Endymion,Henry Wadsworth Longfellow/Endymion.txt,1175,bb37839531bc4c37207e9cdec150e9dd529e834551b427e25a9cf0399e08bdb5,bb37839531bc4c37207e9cdec150e9dd529e834551b427e25a9cf0399e08bdb5,1175,44,36,197,
1.0,versemap-reference-d9969e023145ab13,henry-wadsworth-longfellow,Henry Wadsworth Longfellow,henry-wadsworth-longfellow-cd09d858b726d3b5,"Epimetheus, or the Poet’s Afterthought","Henry Wadsworth Longfellow/Epimetheus, or the Poet’s Afterthought.txt",2268,45e4129892ad51b2e49647df35cf13f10c0836be8068b7d778799bf84f115c99,45e4129892ad51b2e49647df35cf13f10c0836be8068b7d778799bf84f115c99,2268,79,66,363,
1.0,versemap-reference-d9969e023145ab13,henry-wadsworth-longfellow,Henry Wadsworth Longfellow,henry-wadsworth-longfellow-512bdbfd5fd714fe,EVANGELINE A TALE OF ACADIE,Henry Wadsworth Longfellow/EVANGELINE A TALE OF ACADIE.txt,89933,69a664dffc727a4938f746b9ba0f8fa9a91ce85e17009ae3bf6a80193f678b15,69a664dffc727a4938f746b9ba0f8fa9a91ce85e17009ae3bf6a80193f678b15,89933,1484,1415,15733,suspiciously_long
1.0,versemap-reference-d9969e023145ab13,henry-wadsworth-longfellow,Henry Wadsworth Longfellow,henry-wadsworth-longfellow-ba75131cf9174a22,Excelsior,Henry Wadsworth Longfellow/Excelsior.txt,1820,f3ddea73d694b674d23056708f13d5581a81dfcbcd367692dea41fcc211a8b17,f3ddea73d694b674d23056708f13d5581a81dfcbcd367692dea41fcc211a8b17,1820,62,52,301,
1.0,versemap-reference-d9969e023145ab13,henry-wadsworth-longfellow,Henry Wadsworth Longfellow,henry-wadsworth-longfellow-1f44def6c6a2b9ac,Fata Morgana,Henry Wadsworth Longfellow/Fata Morgana.txt,732,61bbec29e01ac531173835263d5fd7b473409b2e4e52b35a8db8547e1ad72841,61bbec29e01ac531173835263d5fd7b473409b2e4e52b35a8db8547e1ad72841,732,29,24,129,
1.0,versemap-reference-d9969e023145ab13,henry-wadsworth-longfellow,Henry Wadsworth Longfellow,henry-wadsworth-longfellow-de93b65e80b2863b,Flowers,Henry Wadsworth Longfellow/Flowers.txt,2513,e87347b2a26b731dc4f8ebf60694383276c6294a45edd45c97abc3912802fc44,e87347b2a26b731dc4f8ebf60694383276c6294a45edd45c97abc3912802fc44,2513,74,60,415,
1.0,versemap-reference-d9969e023145ab13,henry-wadsworth-longfellow,Henry Wadsworth Longfellow,henry-wadsworth-longfellow-4dcdf3385925c0fa,Footsteps of Angels,Henry Wadsworth Longfellow/Footsteps of Angels.txt,1340,677eabab28b187eb34307b73bd90347cf2bc45f6c6b24b7db93f4168355a106c,677eabab28b187eb34307b73bd90347cf2bc45f6c6b24b7db93f4168355a106c,1340,49,40,234,
1.0,versemap-reference-d9969e023145ab13,henry-wadsworth-longfellow,Henry Wadsworth Longfellow,henry-wadsworth-longfellow-fa743d0cf5dd64bc,Forsaken,Henry Wadsworth Longfellow/Forsaken.txt,599,88e80908e7a1e86d1e22bd4554546e39362a7616b48560c1b7c6d2c90e7e35d3,88e80908e7a1e86d1e22bd4554546e39362a7616b48560c1b7c6d2c90e7e35d3,599,19,16,108,
1.0,versemap-reference-d9969e023145ab13,henry-wadsworth-longfellow,Henry Wadsworth Longfellow,henry-wadsworth-longfellow-36cb0ebda62b9aa7,Four by the Clock,Henry Wadsworth Longfellow/Four by the Clock.txt,356,45e28a8f4575994f96f1053c6813dc5781c39bf5240c779aa58c00b457fcb69d,45e28a8f4575994f96f1053c6813dc5781c39bf5240c779aa58c00b457fcb69d,356,12,10,68,
1.0,versemap-reference-d9969e023145ab13,henry-wadsworth-longfellow,Henry Wadsworth Longfellow,henry-wadsworth-longfellow-34909a8386ce01dc,Friar Lubin,Henry Wadsworth Longfellow/Friar Lubin.txt,959,f45a6eb2c380a3c08607bd7292eedf19cd9bafa71b1f4b47ad45e23cdbb1cda2,f45a6eb2c380a3c08607bd7292eedf19cd9bafa71b1f4b47ad45e23cdbb1cda2,959,34,30,177,
1.0,versemap-reference-d9969e023145ab13,henry-wadsworth-longfellow,Henry Wadsworth Longfellow,henry-wadsworth-longfellow-f8a42cfc5d425543,From my Arm-Chair,Henry Wadsworth Longfellow/From my Arm-Chair.txt,1964,9e072f02699b8be1c0d9fb7a5b3d3a59434a915528e196f444cb63162b9e5102,9e072f02699b8be1c0d9fb7a5b3d3a59434a915528e196f444cb63162b9e5102,1964,65,52,336,
1.0,versemap-reference-d9969e023145ab13,henry-wadsworth-longfellow,Henry Wadsworth Longfellow,henry-wadsworth-longfellow-3fa66b3fb47377ef,Gaspar Becerra,Henry Wadsworth Longfellow/Gaspar Becerra.txt,938,a5a3f8d0b5cfebd3f38fe055aed4ce440b5b9c0ecf2318dcda179e9477f250d1,a5a3f8d0b5cfebd3f38fe055aed4ce440b5b9c0ecf2318dcda179e9477f250d1,938,34,28,159,
1.0,versemap-reference-d9969e023145ab13,henry-wadsworth-longfellow,Henry Wadsworth Longfellow,henry-wadsworth-longfellow-6103c6af662913b1,God’s-Acre,Henry Wadsworth Longfellow/God’s-Acre.txt,920,656e4ef68f5620fd79fb4dab6c45f885670a1bedda8af1cf0574b8d500e4e495,656e4ef68f5620fd79fb4dab6c45f885670a1bedda8af1cf0574b8d500e4e495,920,24,20,163,
1.0,versemap-reference-d9969e023145ab13,henry-wadsworth-longfellow,Henry Wadsworth Longfellow,henry-wadsworth-longfellow-c8bc2fa4b3e0abdb,Haunted Houses,Henry Wadsworth Longfellow/Haunted Houses.txt,1733,1485c9f38a51d22f7cccbc574b9ebfdd0656d9b361a2898bb746b7e7b20be9c1,1485c9f38a51d22f7cccbc574b9ebfdd0656d9b361a2898bb746b7e7b20be9c1,1733,49,40,292,
1.0,versemap-reference-d9969e023145ab13,henry-wadsworth-longfellow,Henry Wadsworth Longfellow,henry-wadsworth-longfellow-c1756e8c0cff665e,Helen of Tyre,Henry Wadsworth Longfellow/Helen of Tyre.txt,1369,a761b84cccccdf9f1e94a455ad01d7543fa34dbd15bd601fd642a8cc027ea2da,a761b84cccccdf9f1e94a455ad01d7543fa34dbd15bd601fd642a8cc027ea2da,1369,48,42,253,
1.0,versemap-reference-d9969e023145ab13,henry-wadsworth-longfellow,Henry Wadsworth Longfellow,henry-wadsworth-longfellow-147d1b2cb5a32a84,Hermes Trismegistus,Henry Wadsworth Longfellow/Hermes Trismegistus.txt,2753,ab92c9e24aee2c11641139a78ee44580633cbf4566462a5bdc65a1e14e761944,ab92c9e24aee2c11641139a78ee44580633cbf4566462a5bdc65a1e14e761944,2752,97,87,420,
1.0,versemap-reference-d9969e023145ab13,henry-wadsworth-longfellow,Henry Wadsworth Longfellow,henry-wadsworth-longfellow-e8a9e2f9ad4b07c2,Hymn for my Brother’s Ordination,Henry Wadsworth Longfellow/Hymn for my Brother’s Ordination.txt,742,1ceadecfab38061abd87a24a4082e8276ffa026bbb04e3699b09d4d9ae26df8c,1ceadecfab38061abd87a24a4082e8276ffa026bbb04e3699b09d4d9ae26df8c,742,26,21,134,
1.0,versemap-reference-d9969e023145ab13,henry-wadsworth-longfellow,Henry Wadsworth Longfellow,henry-wadsworth-longfellow-78f29076ef4ff4ab,Hymn of the Moravian Nuns of Bethlehem,Henry Wadsworth Longfellow/Hymn of the Moravian Nuns of Bethlehem.txt,1587,739ea749b32346ae8918c808c61f448b98ede35fb4e7f4dc9ed4a5102af45e85,739ea749b32346ae8918c808c61f448b98ede35fb4e7f4dc9ed4a5102af45e85,1587,49,43,257,
1.0,versemap-reference-d9969e023145ab13,henry-wadsworth-longfellow,Henry Wadsworth Longfellow,henry-wadsworth-longfellow-270c26f62fc36ada,Hymn to the Night,Henry Wadsworth Longfellow/Hymn to the Night.txt,963,dffff5e25de1a208802ac00820ef07fcaa5c014d6825964b1ab496cdcb72cca1,dffff5e25de1a208802ac00820ef07fcaa5c014d6825964b1ab496cdcb72cca1,939,31,25,154,
1.0,versemap-reference-d9969e023145ab13,henry-wadsworth-longfellow,Henry Wadsworth Longfellow,henry-wadsworth-longfellow-75275d3eeabf04fa,"I. Eyes so tristful, eyes so tristful","Henry Wadsworth Longfellow/I. Eyes so tristful, eyes so tristful.txt",484,e8467c7bb53943577e419399d45ce52e600d40efa34410e671da93411ab93f57,e8467c7bb53943577e419399d45ce52e600d40efa34410e671da93411ab93f57,484,19,15,89,
1.0,versemap-reference-d9969e023145ab13,henry-wadsworth-longfellow,Henry Wadsworth Longfellow,henry-wadsworth-longfellow-e8ce584e3902d1b2,I. Frithiof’s Homestead,Henry Wadsworth Longfellow/I. Frithiof’s Homestead.txt,2955,ecab7d3003ed86377e1962d777d633be4b77535c0ee9aeca7d43e55a6cbb23c9,ecab7d3003ed86377e1962d777d633be4b77535c0ee9aeca7d43e55a6cbb23c9,2955,46,45,508,
1.0,versemap-reference-d9969e023145ab13,henry-wadsworth-longfellow,Henry Wadsworth Longfellow,henry-wadsworth-longfellow-e6004f9b5168a945,"I. Rio Verde, Rio Verde","Henry Wadsworth Longfellow/I. Rio Verde, Rio Verde.txt",403,c77bd65a191c9d722291373003fa18404c88107e99b8d6f74c9039d0fa532de6,c77bd65a191c9d722291373003fa18404c88107e99b8d6f74c9039d0fa532de6,403,14,12,70,
1.0,versemap-reference-d9969e023145ab13,henry-wadsworth-longfellow,Henry Wadsworth Longfellow,henry-wadsworth-longfellow-bb4d2663b15f94a8,I. The Artist,Henry Wadsworth Longfellow/I. The Artist.txt,621,b87be5988a6a49ffac07c78b245f0f21f1765986f7fb7bfcbd2ac266ff2a64f8,b87be5988a6a49ffac07c78b245f0f21f1765986f7fb7bfcbd2ac266ff2a64f8,621,16,15,109,
1.0,versemap-reference-d9969e023145ab13,henry-wadsworth-longfellow,Henry Wadsworth Longfellow,henry-wadsworth-longfellow-d83037fdf0c84f26,I. The Good Shepherd,Henry Wadsworth Longfellow/I. The Good Shepherd.txt,713,0754ac728a4ea4719455722843516d341c5a869fa1acd5416e37669991eb9d80,0754ac728a4ea4719455722843516d341c5a869fa1acd5416e37669991eb9d80,713,20,17,126,
1.0,versemap-reference-d9969e023145ab13,henry-wadsworth-longfellow,Henry Wadsworth Longfellow,henry-wadsworth-longfellow-a82b235e82ea0acd,II. A Sledge-Ride on the Ice,Henry Wadsworth Longfellow/II. A Sledge-Ride on the Ice.txt,840,ba33138e044dd97f31596db5075613965df3642e6e6a8635ea4aba665e72f76b,ba33138e044dd97f31596db5075613965df3642e6e6a8635ea4aba665e72f76b,840,28,19,155,
1.0,versemap-reference-d9969e023145ab13,henry-wadsworth-longfellow,Henry Wadsworth Longfellow,henry-wadsworth-longfellow-53ae1647669d440d,"II. Don Nuno, Count of Lara","Henry Wadsworth Longfellow/II. Don Nuno, Count of Lara.txt",1092,6e1ba4f0dc8957b5352c63cde8944c3f0f6eace6c7bc35850fecd5fba9081120,6e1ba4f0dc8957b5352c63cde8944c3f0f6eace6c7bc35850fecd5fba9081120,1092,35,29,194,
1.0,versemap-reference-d9969e023145ab13,henry-wadsworth-longfellow,Henry Wadsworth Longfellow,henry-wadsworth-longfellow-a599ecd393d15e2b,II. Fire,Henry Wadsworth Longfellow/II. Fire.txt,602,1323b082432edd29344e86b68c7164119879d3609f38db37d866799c90d545ee,1323b082432edd29344e86b68c7164119879d3609f38db37d866799c90d545ee,602,16,15,109,
1.0,versemap-reference-d9969e023145ab13,henry-wadsworth-longfellow,Henry Wadsworth Longfellow,henry-wadsworth-longfellow-6d257f7dc092cf38,"II. Some day, some day","Henry Wadsworth Longfellow/II. Some day, some day.txt",391,86f2e1b78bb01e2482758d4cca32aa76bf4dd830baf6dcb9197a81517e8b4803,86f2e1b78bb01e2482758d4cca32aa76bf4dd830baf6dcb9197a81517e8b4803,391,25,20,72,
1.0,versemap-reference-d9969e023145ab13,henry-wadsworth-longfellow,Henry Wadsworth Longfellow,henry-wadsworth-longfellow-2d020925219c33f2,II. To-morrow,Henry Wadsworth Longfellow/II. To-morrow.txt,673,15ee8af0f263a148580d93e6dd011cb2fae6123c21bb3b4b7faee4bc34081418,15ee8af0f263a148580d93e6dd011cb2fae6123c21bb3b4b7faee4bc34081418,673,20,17,117,
1.0,versemap-reference-d9969e023145ab13,henry-wadsworth-longfellow,Henry Wadsworth Longfellow,henry-wadsworth-longfellow-94787d56ecc4097b,"III. Come, O death, so silent flying","Henry Wadsworth Longfellow/III. Come, O death, so silent flying.txt",691,c513594f8e75dc96eec9e573e66fb2cb75d5d1038c9cc23fc5f83877b22c59f4,c513594f8e75dc96eec9e573e66fb2cb75d5d1038c9cc23fc5f83877b22c59f4,691,26,23,127,
1.0,versemap-reference-d9969e023145ab13,henry-wadsworth-longfellow,Henry Wadsworth Longfellow,henry-wadsworth-longfellow-2ab3a39f49b83d2f,III. Frithiof’s Temptation,Henry Wadsworth Longfellow/III. Frithiof’s Temptation.txt,2995,5ec0df455ee22231e890190259dd87573059b1cfa233bb53fe088c5182f2d26d,5ec0df455ee22231e890190259dd87573059b1cfa233bb53fe088c5182f2d26d,2995,58,46,517,
1.0,versemap-reference-d9969e023145ab13,henry-wadsworth-longfellow,Henry Wadsworth Longfellow,henry-wadsworth-longfellow-ccaa47530c0e5efc,III. The Native Land,Henry Wadsworth Longfellow/III. The Native Land.txt,711,6636aa262ac0f10768d6bc5845c46cc2d31a6acf246d6999f86868bd767cd780,6636aa262ac0f10768d6bc5845c46cc2d31a6acf246d6999f86868bd767cd780,711,20,17,116,
1.0,versemap-reference-d9969e023145ab13,henry-wadsworth-longfellow,Henry Wadsworth Longfellow,henry-wadsworth-longfellow-6c3c934b74469e26,III. The peasant leaves his plough afield,Henry Wadsworth Longfellow/III. The peasant leaves his plough afield.txt,1696,80fd67b6d5752b2907dc4f1491f461894c7d3429cf05cb13292901a3552e530b,80fd67b6d5752b2907dc4f1491f461894c7d3429cf05cb13292901a3552e530b,1696,60,49,301,
1.0,versemap-reference-d9969e023145ab13,henry-wadsworth-longfellow,Henry Wadsworth Longfellow,henry-wadsworth-longfellow-085fcb16faf137d5,III. Youth and Age,Henry Wadsworth Longfellow/III. Youth and Age.txt,635,337526cf508b3f8269dc75eec221c2873a88a25473b7821c873d5392a2e286cb,337526cf508b3f8269dc75eec221c2873a88a25473b7821c873d5392a2e286cb,635,16,15,123,
1.0,versemap-reference-d9969e023145ab13,henry-wadsworth-longfellow,Henry Wadsworth Longfellow,henry-wadsworth-longfellow-471cc27065161d0b,In the Churchyard at Cambridge,Henry Wadsworth Longfellow/In the Churchyard at Cambridge.txt,856,2dc8b6a61f0b0283711fa362974508cb422c53c47fac90dd47ea31de325a7424,2dc8b6a61f0b0283711fa362974508cb422c53c47fac90dd47ea31de325a7424,856,27,24,160,
1.0,versemap-reference-d9969e023145ab13,henry-wadsworth-longfellow,Henry Wadsworth Longfellow,henry-wadsworth-longfellow-f3efdedd864d686f,Inscription on the Shanklin Fountain,Henry Wadsworth Longfellow/Inscription on the Shanklin Fountain.txt,215,2a7f648176d37f0a6f6876e0281cce7b6563e9f4db3c77115aa0159ed7e0f99f,2a7f648176d37f0a6f6876e0281cce7b6563e9f4db3c77115aa0159ed7e0f99f,215,6,6,40,
1.0,versemap-reference-d9969e023145ab13,henry-wadsworth-longfellow,Henry Wadsworth Longfellow,henry-wadsworth-longfellow-8aa69851f60df260,It is not Always May,Henry Wadsworth Longfellow/It is not Always May.txt,989,5b6298cc32671ce51a10eb0da513879a6164773339a3a7e01251dcf9cbc5ff57,5b6298cc32671ce51a10eb0da513879a6164773339a3a7e01251dcf9cbc5ff57,989,32,26,170,
1.0,versemap-reference-d9969e023145ab13,henry-wadsworth-longfellow,Henry Wadsworth Longfellow,henry-wadsworth-longfellow-ce146566ee3ab4e4,IV. Frithiof’s Farewell,Henry Wadsworth Longfellow/IV. Frithiof’s Farewell.txt,550,4be72648837a1bfad6398659529d14152084fb3e3feb29e06134b7065a7e1153,4be72648837a1bfad6398659529d14152084fb3e3feb29e06134b7065a7e1153,550,22,19,106,
1.0,versemap-reference-d9969e023145ab13,henry-wadsworth-longfellow,Henry Wadsworth Longfellow,henry-wadsworth-longfellow-2174683731d31ad5,IV. Glove of black in white hand bare,Henry Wadsworth Longfellow/IV. Glove of black in white hand bare.txt,376,4019412f6d0faf2dc7cd5e2e9cc694f6ac50eb8ebdb5796b3e7706c14792043c,4019412f6d0faf2dc7cd5e2e9cc694f6ac50eb8ebdb5796b3e7706c14792043c,376,14,12,65,
1.0,versemap-reference-d9969e023145ab13,henry-wadsworth-longfellow,Henry Wadsworth Longfellow,henry-wadsworth-longfellow-3032d6c6725df42f,IV. Old Age,Henry Wadsworth Longfellow/IV. Old Age.txt,629,09739fdb9cb4fcc176749cfa5a08f0eae6d5a0a1403c600f04a07665b9eae7a1,09739fdb9cb4fcc176749cfa5a08f0eae6d5a0a1403c600f04a07665b9eae7a1,629,16,15,115,
1.0,versemap-reference-d9969e023145ab13,henry-wadsworth-longfellow,Henry Wadsworth Longfellow,henry-wadsworth-longfellow-1ebdec51e3fd72fc,IV. The Image of God,Henry Wadsworth Longfellow/IV. The Image of God.txt,665,d4d9758144cfe9db25c9c86381af6e786b69fd52e62056a7dbe5cdffe81e92c1,d4d9758144cfe9db25c9c86381af6e786b69fd52e62056a7dbe5cdffe81e92c1,665,20,17,124,
1.0,versemap-reference-d9969e023145ab13,henry-wadsworth-longfellow,Henry Wadsworth Longfellow,henry-wadsworth-longfellow-d19fe55abf5ae7cc,JUDAS MACCABAEUS,Henry Wadsworth Longfellow/JUDAS MACCABAEUS.txt,274967,77b75e056c3805954a2556feea72f258e102f8f6c4523c7c69ebe023a12f48d8,77b75e056c3805954a2556feea72f258e102f8f6c4523c7c69ebe023a12f48d8,274966,9868,8144,48202,suspiciously_long
1.0,versemap-reference-d9969e023145ab13,henry-wadsworth-longfellow,Henry Wadsworth Longfellow,henry-wadsworth-longfellow-74ad25e5d7a22ed3,Jugurtha,Henry Wadsworth Longfellow/Jugurtha.txt,444,58f6531d656e5e45184505532799002d58cca505bb6ecc38177b2d081bfd478c,58f6531d656e5e45184505532799002d58cca505bb6ecc38177b2d081bfd478c,444,13,12,75,
1.0,versemap-reference-d9969e023145ab13,henry-wadsworth-longfellow,Henry Wadsworth Longfellow,henry-wadsworth-longfellow-fe45fdfd553fce9b,KERAMOS,Henry Wadsworth Longfellow/KERAMOS.txt,37378,3a5524847554a9f6b7c3045ec1487d642a8cf75434c05a7d6bdafc4c4c70513c,3a5524847554a9f6b7c3045ec1487d642a8cf75434c05a7d6bdafc4c4c70513c,37378,1262,1084,6558,suspiciously_long
1.0,versemap-reference-d9969e023145ab13,henry-wadsworth-longfellow,Henry Wadsworth Longfellow,henry-wadsworth-longfellow-e4cdda1bf6334cd5,King Christian,Henry Wadsworth Longfellow/King Christian.txt,1160,5f2affbcfcbfecb6759cad8adc774f5f7bbe449b0e1741773ccf7f90349325c3,5f2affbcfcbfecb6759cad8adc774f5f7bbe449b0e1741773ccf7f90349325c3,1160,42,38,198,
1.0,versemap-reference-d9969e023145ab13,henry-wadsworth-longfellow,Henry Wadsworth Longfellow,henry-wadsworth-longfellow-9d9651aa8e7bfcea,King Witlaf’s Drinking-Horn,Henry Wadsworth Longfellow/King Witlaf’s Drinking-Horn.txt,1360,47d211d77182ca227905c9a37c21511bd2d37afffe40b1bdc462e2208047b45f,47d211d77182ca227905c9a37c21511bd2d37afffe40b1bdc462e2208047b45f,1360,49,40,237,
1.0,versemap-reference-d9969e023145ab13,henry-wadsworth-longfellow,Henry Wadsworth Longfellow,henry-wadsworth-longfellow-cedf0414fbf23ac5,Loss and Gain,Henry Wadsworth Longfellow/Loss and Gain.txt,405,c545a649cbd570f609077f0b091c125a8485c1aef2607d5f2a79b09fd3c6b115,c545a649cbd570f609077f0b091c125a8485c1aef2607d5f2a79b09fd3c6b115,405,14,12,77,
1.0,versemap-reference-d9969e023145ab13,henry-wadsworth-longfellow,Henry Wadsworth Longfellow,henry-wadsworth-longfellow-289d9e48d943ae79,Mad River,Henry Wadsworth Longfellow/Mad River.txt,2119,f1eaccefd03f84410a393e0931ad667931c91bef8f0cc7bfa79568515893b252,f1eaccefd03f84410a393e0931ad667931c91bef8f0cc7bfa79568515893b252,2119,77,65,368,
1.0,versemap-reference-d9969e023145ab13,henry-wadsworth-longfellow,Henry Wadsworth Longfellow,henry-wadsworth-longfellow-9836ffafd34a2212,Maiden and Weathercock,Henry Wadsworth Longfellow/Maiden and Weathercock.txt,1161,2178045b3776aed05f922249a3315f97ba01ada7551a1dd193d6083a64f96c36,2178045b3776aed05f922249a3315f97ba01ada7551a1dd193d6083a64f96c36,1161,38,32,221,
1.0,versemap-reference-d9969e023145ab13,henry-wadsworth-longfellow,Henry Wadsworth Longfellow,henry-wadsworth-longfellow-1d643a4e8440c427,Maidenhood,Henry Wadsworth Longfellow/Maidenhood.txt,1556,b4f0e75b477d15e953aa790c8f0f1a78774a7d1306e03c769f5aaf11d4430505,b4f0e75b477d15e953aa790c8f0f1a78774a7d1306e03c769f5aaf11d4430505,1556,63,48,269,
1.0,versemap-reference-d9969e023145ab13,henry-wadsworth-longfellow,Henry Wadsworth Longfellow,henry-wadsworth-longfellow-b1b67ea3eebeb6dc,Memories,Henry Wadsworth Longfellow/Memories.txt,596,bbdf3447f76292366310a867295794df96a3aa3b40f7e44c86002e1021eb2a19,bbdf3447f76292366310a867295794df96a3aa3b40f7e44c86002e1021eb2a19,596,14,14,112,
1.0,versemap-reference-d9969e023145ab13,henry-wadsworth-longfellow,Henry Wadsworth Longfellow,henry-wadsworth-longfellow-97f2e9382545907b,Mezzo Cammin,Henry Wadsworth Longfellow/Mezzo Cammin.txt,634,12089647d4e817fa0001513cca8dd307745df1b1024ed03906e500a65829769e,12089647d4e817fa0001513cca8dd307745df1b1024ed03906e500a65829769e,634,14,14,115,
1.0,versemap-reference-d9969e023145ab13,henry-wadsworth-longfellow,Henry Wadsworth Longfellow,henry-wadsworth-longfellow-310557b7df15e8b2,MICHAEL ANGELO,Henry Wadsworth Longfellow/MICHAEL ANGELO.txt,135063,c291c85bc7c34e31e11e457578ee2ab359ee0789eecfc8b3168138252ca29a47,c291c85bc7c34e31e11e457578ee2ab359ee0789eecfc8b3168138252ca29a47,135063,4588,3866,23186,suspiciously_long
1.0,versemap-reference-d9969e023145ab13,henry-wadsworth-longfellow,Henry Wadsworth Longfellow,henry-wadsworth-longfellow-0995edb43f9b532d,Midnight Mass for the Dying Year,Henry Wadsworth Longfellow/Midnight Mass for the Dying Year.txt,1884,5b75af8cd0489e423aebdce093583ba002fd678cf5da50dad4f0bc01981bf2d5,5b75af8cd0489e423aebdce093583ba002fd678cf5da50dad4f0bc01981bf2d5,1884,74,62,317,
1.0,versemap-reference-d9969e023145ab13,henry-wadsworth-longfellow,Henry Wadsworth Longfellow,henry-wadsworth-longfellow-9daa24519501afaf,Moonlight,Henry Wadsworth Longfellow/Moonlight.txt,1094,fd41c56e39539ec23246d488930d14ec2359587dcae52deb31b94e7c8dfaee26,fd41c56e39539ec23246d488930d14ec2359587dcae52deb31b94e7c8dfaee26,1094,39,32,197,
1.0,versemap-reference-d9969e023145ab13,henry-wadsworth-longfellow,Henry Wadsworth Longfellow,henry-wadsworth-longfellow-6bfcfbb1f6da5278,MORITURI SALUTAMUS,Henry Wadsworth Longfellow/MORITURI SALUTAMUS.txt,52585,b8f26a7fb3789a0295802257be4c514b2b5dc137b5db911129c652a11bad7d79,b8f26a7fb3789a0295802257be4c514b2b5dc137b5db911129c652a11bad7d79,52585,1565,1351,9229,suspiciously_long
1.0,versemap-reference-d9969e023145ab13,henry-wadsworth-longfellow,Henry Wadsworth Longfellow,henry-wadsworth-longfellow-32054358825d7033,My Books,Henry Wadsworth Longfellow/My Books.txt,600,9443d0dc9265dc63835622a510063824e549add219f5ee99884506f1b7b7b308,9443d0dc9265dc63835622a510063824e549add219f5ee99884506f1b7b7b308,600,14,14,105,
1.0,versemap-reference-d9969e023145ab13,henry-wadsworth-longfellow,Henry Wadsworth Longfellow,henry-wadsworth-longfellow-0fb15863d5b0791a,My Cathedral,Henry Wadsworth Longfellow/My Cathedral.txt,634,e885da2a7f157bc0ab7c7c07c36792ff117932a0ef782ad6ec43b60e1048c6b4,e885da2a7f157bc0ab7c7c07c36792ff117932a0ef782ad6ec43b60e1048c6b4,634,14,14,105,
1.0,versemap-reference-d9969e023145ab13,henry-wadsworth-longfellow,Henry Wadsworth Longfellow,henry-wadsworth-longfellow-a6b1e1700af9b615,My Lost Youth,Henry Wadsworth Longfellow/My Lost Youth.txt,3452,63e2a62cf7d282af15fa3b9406ed3515f15d6f3467e4b2076676265ffc9bbd5a,63e2a62cf7d282af15fa3b9406ed3515f15d6f3467e4b2076676265ffc9bbd5a,3452,99,90,621,
1.0,versemap-reference-d9969e023145ab13,henry-wadsworth-longfellow,Henry Wadsworth Longfellow,henry-wadsworth-longfellow-74f41bcb592e41cd,My Secret,Henry Wadsworth Longfellow/My Secret.txt,761,f0eff07a3cd811c81c2ecf1dcc9c1809d2d8d731c0879e13e638700d7e10d3f1,f0eff07a3cd811c81c2ecf1dcc9c1809d2d8d731c0879e13e638700d7e10d3f1,761,18,16,139,
1.0,versemap-reference-d9969e023145ab13,henry-wadsworth-longfellow,Henry Wadsworth Longfellow,henry-wadsworth-longfellow-36f65a64c00e66fb,Night,Henry Wadsworth Longfellow/Night.txt,626,d4a34b24e08bf9e53d20bffbcdda11e675f480ce4c51b29a05438cea4fb7b6ee,d4a34b24e08bf9e53d20bffbcdda11e675f480ce4c51b29a05438cea4fb7b6ee,626,16,15,107,
1.0,versemap-reference-d9969e023145ab13,henry-wadsworth-longfellow,Henry Wadsworth Longfellow,henry-wadsworth-longfellow-e01dbd42a187fbdc,Nuremberg,Henry Wadsworth Longfellow/Nuremberg.txt,3366,6d88bf4e94909d23ab237a4a4309b39af12c5a64712241343bf92c0266f15176,6d88bf4e94909d23ab237a4a4309b39af12c5a64712241343bf92c0266f15176,3366,77,52,570,
1.0,versemap-reference-d9969e023145ab13,henry-wadsworth-longfellow,Henry Wadsworth Longfellow,henry-wadsworth-longfellow-93d88fd1f5400858,Old St. David’s at Radnor,Henry Wadsworth Longfellow/Old St. David’s at Radnor.txt,1389,e38401beaa438f9c914069afeedcbc33d08b630c67dd45c3ac001dbea6cef50c,e38401beaa438f9c914069afeedcbc33d08b630c67dd45c3ac001dbea6cef50c,1389,43,36,251,
1.0,versemap-reference-d9969e023145ab13,henry-wadsworth-longfellow,Henry Wadsworth Longfellow,henry-wadsworth-longfellow-e950c58e3b039afc,Oliver Basselin,Henry Wadsworth Longfellow/Oliver Basselin.txt,2258,3097b9b10d4c981938265dcd298f319bca4d7286edb54f97acbb2a659e6c38eb,3097b9b10d4c981938265dcd298f319bca4d7286edb54f97acbb2a659e6c38eb,2258,87,77,378,
1.0,versemap-reference-d9969e023145ab13,henry-wadsworth-longfellow,Henry Wadsworth Longfellow,henry-wadsworth-longfellow-a280bdc67e59e020,On the Terrace of the Aigalades,Henry Wadsworth Longfellow/On the Terrace of the Aigalades.txt,1461,3587f11799604ab77c6f36073f8338fa99566008c0d3012fe6970be53dd036d7,3587f11799604ab77c6f36073f8338fa99566008c0d3012fe6970be53dd036d7,1461,51,41,258,
1.0,versemap-reference-d9969e023145ab13,henry-wadsworth-longfellow,Henry Wadsworth Longfellow,henry-wadsworth-longfellow-c1e485d107082d35,Ovid in Exile,Henry Wadsworth Longfellow/Ovid in Exile.txt,7927,ac08004c9efcac3cf3ce0e02fe252e348ea868f20a7bae34e612a8a48b235e4d,ac08004c9efcac3cf3ce0e02fe252e348ea868f20a7bae34e612a8a48b235e4d,7927,203,135,1373,
1.0,versemap-reference-d9969e023145ab13,henry-wadsworth-longfellow,Henry Wadsworth Longfellow,henry-wadsworth-longfellow-9fafecdda1ddaab9,Passages from Frithiof’s Saga,Henry Wadsworth Longfellow/Passages from Frithiof’s Saga.txt,18,5237963346e650eca06ef834063088a6f6f0c09723ae84e2dcc1326e0c4f1a64,5237963346e650eca06ef834063088a6f6f0c09723ae84e2dcc1326e0c4f1a64,17,1,1,3,suspiciously_short
1.0,versemap-reference-d9969e023145ab13,henry-wadsworth-longfellow,Henry Wadsworth Longfellow,henry-wadsworth-longfellow-ab4dfb33584cc8d3,Pegasus in Pound,Henry Wadsworth Longfellow/Pegasus in Pound.txt,1951,a0d7b6396ea60938c91842ce84fb6730d3127f84be593bc6c2293248effa8c93,a0d7b6396ea60938c91842ce84fb6730d3127f84be593bc6c2293248effa8c93,1951,69,56,329,
1.0,versemap-reference-d9969e023145ab13,henry-wadsworth-longfellow,Henry Wadsworth Longfellow,henry-wadsworth-longfellow-e140e6d028a97f7e,Poetic Aphorisms,Henry Wadsworth Longfellow/Poetic Aphorisms.txt,1784,c7dd7a1b0ed95ab1f4ed205370aebd40da547c84fd6e74575d279061912f8f04,c7dd7a1b0ed95ab1f4ed205370aebd40da547c84fd6e74575d279061912f8f04,1784,70,46,322,
1.0,versemap-reference-d9969e023145ab13,henry-wadsworth-longfellow,Henry Wadsworth Longfellow,henry-wadsworth-longfellow-9e1dc6df78bad73c,Possibilities,Henry Wadsworth Longfellow/Possibilities.txt,645,1bc58283a95b550118a60a9b41244570428313fdc583ea7369177ac9a523f823,1bc58283a95b550118a60a9b41244570428313fdc583ea7369177ac9a523f823,645,14,14,113,
1.0,versemap-reference-d9969e023145ab13,henry-wadsworth-longfellow,Henry Wadsworth Longfellow,henry-wadsworth-longfellow-bb4dfa9e3dd70406,Prelude - As treasures that men seek,Henry Wadsworth Longfellow/Prelude - As treasures that men seek.txt,468,02a9e29f9e3460f637e33abe0e01ae3709d6339255442b826e45b92800289572,02a9e29f9e3460f637e33abe0e01ae3709d6339255442b826e45b92800289572,468,21,17,85,
1.0,versemap-reference-d9969e023145ab13,henry-wadsworth-longfellow,Henry Wadsworth Longfellow,henry-wadsworth-longfellow-6dd3a94df3643cdf,"Prelude - Pleasant it was, when woods were green","Henry Wadsworth Longfellow/Prelude - Pleasant it was, when woods were green.txt",3837,0bce01c16ef2943a5146417d5ff559088b4b47e0cc209c3216634652dac7ed3d,0bce01c16ef2943a5146417d5ff559088b4b47e0cc209c3216634652dac7ed3d,3797,132,114,641,
1.0,versemap-reference-d9969e023145ab13,henry-wadsworth-longfellow,Henry Wadsworth Longfellow,henry-wadsworth-longfellow-713553aa1b891d28,President Garfield,Henry Wadsworth Longfellow/President Garfield.txt,643,9e5dc1bc406ccf1b282dba4f65e18f3a21b5e2d8a3bc50408bd7716bb9d5a662,9e5dc1bc406ccf1b282dba4f65e18f3a21b5e2d8a3bc50408bd7716bb9d5a662,643,16,15,108,
1.0,versemap-reference-d9969e023145ab13,henry-wadsworth-longfellow,Henry Wadsworth Longfellow,henry-wadsworth-longfellow-de4e2ed1a907abc1,"Prometheus, or the Poet’s Forethought","Henry Wadsworth Longfellow/Prometheus, or the Poet’s Forethought.txt",2265,20c0d04c4aad9b1e86e3e7bcd54a4bdd1addc98d300f7f5ae7f8ed185814f72e,20c0d04c4aad9b1e86e3e7bcd54a4bdd1addc98d300f7f5ae7f8ed185814f72e,2265,79,66,349,
1.0,versemap-reference-d9969e023145ab13,henry-wadsworth-longfellow,Henry Wadsworth Longfellow,henry-wadsworth-longfellow-86d59cc754c2dd10,Rain In Summer,Henry Wadsworth Longfellow/Rain In Summer.txt,2664,438ac65806011cfe71c7e3c65d699acb9064ce57f79348d27b135bf04b4a4c9d,438ac65806011cfe71c7e3c65d699acb9064ce57f79348d27b135bf04b4a4c9d,2664,106,96,469,
1.0,versemap-reference-d9969e023145ab13,henry-wadsworth-longfellow,Henry Wadsworth Longfellow,henry-wadsworth-longfellow-e007d96ae949203f,Remorse,Henry Wadsworth Longfellow/Remorse.txt,961,d6fff6edfac36f675b966f629ce690da7e65ac51d0dbfed7c34f05d909da4755,d6fff6edfac36f675b966f629ce690da7e65ac51d0dbfed7c34f05d909da4755,961,29,25,170,
1.0,versemap-reference-d9969e023145ab13,henry-wadsworth-longfellow,Henry Wadsworth Longfellow,henry-wadsworth-longfellow-5cab1aabd222a7e2,Resignation,Henry Wadsworth Longfellow/Resignation.txt,1931,b508ca6e28bf69812c3cdc237f89db95902b08ada4c6362adce257330297c81d,b508ca6e28bf69812c3cdc237f89db95902b08ada4c6362adce257330297c81d,1931,64,52,327,
1.0,versemap-reference-d9969e023145ab13,henry-wadsworth-longfellow,Henry Wadsworth Longfellow,henry-wadsworth-longfellow-47c553716fa66c08,Robert Burns,Henry Wadsworth Longfellow/Robert Burns.txt,1720,5501368d8b1cb3daee86443eb70df8bcbbe617f05bb5965443c8e1707a944846,5501368d8b1cb3daee86443eb70df8bcbbe617f05bb5965443c8e1707a944846,1720,62,54,290,
1.0,versemap-reference-d9969e023145ab13,henry-wadsworth-longfellow,Henry Wadsworth Longfellow,henry-wadsworth-longfellow-07dac01ca98054a6,Rondel,Henry Wadsworth Longfellow/Rondel.txt,432,0e5d8488d00e46834570be3fd5ec17c1446ddde5815f8af2ed900f8f13cea87b,0e5d8488d00e46834570be3fd5ec17c1446ddde5815f8af2ed900f8f13cea87b,432,12,10,85,
1.0,versemap-reference-d9969e023145ab13,henry-wadsworth-longfellow,Henry Wadsworth Longfellow,henry-wadsworth-longfellow-956092602b2788a2,"San Miguel, the Convent","Henry Wadsworth Longfellow/San Miguel, the Convent.txt",1859,e2c92314cc4630fad03595c35c8184c404931f0d9450977faeb9d83e98da49a9,e2c92314cc4630fad03595c35c8184c404931f0d9450977faeb9d83e98da49a9,1859,44,33,317,
1.0,versemap-reference-d9969e023145ab13,henry-wadsworth-longfellow,Henry Wadsworth Longfellow,henry-wadsworth-longfellow-d6ce32b0b6202686,Sand of the Desert In an Hour-Glass,Henry Wadsworth Longfellow/Sand of the Desert In an Hour-Glass.txt,1667,5c5a49e21b0a80522a1c7d38989852a244824ec4281a7d0b006f5c2b6ee5a9ba,5c5a49e21b0a80522a1c7d38989852a244824ec4281a7d0b006f5c2b6ee5a9ba,1667,59,48,274,
1.0,versemap-reference-d9969e023145ab13,henry-wadsworth-longfellow,Henry Wadsworth Longfellow,henry-wadsworth-longfellow-22c4f80781c68caa,Sandalphon,Henry Wadsworth Longfellow/Sandalphon.txt,1979,918c8da52ae0381d52e3f40ce5c268c1e2f724b571df9359ddbbf5908595d6ab,918c8da52ae0381d52e3f40ce5c268c1e2f724b571df9359ddbbf5908595d6ab,1979,64,55,344,
1.0,versemap-reference-d9969e023145ab13,henry-wadsworth-longfellow,Henry Wadsworth Longfellow,henry-wadsworth-longfellow-c12a20ac15a02dcb,Santa Filomena,Henry Wadsworth Longfellow/Santa Filomena.txt,1372,18791218e7489002b10b8db71672077f6b9d0697d416296f445801e98576a97c,18791218e7489002b10b8db71672077f6b9d0697d416296f445801e98576a97c,1372,54,44,244,
1.0,versemap-reference-d9969e023145ab13,henry-wadsworth-longfellow,Henry Wadsworth Longfellow,henry-wadsworth-longfellow-d5f205117fd29db6,Santa Teresa’s Book-Mark,Henry Wadsworth Longfellow/Santa Teresa’s Book-Mark.txt,278,daf206d45ea581a565721410dd0071bf28b1badfd2dbea86349bf49f8c37e6ad,daf206d45ea581a565721410dd0071bf28b1badfd2dbea86349bf49f8c37e6ad,278,13,11,43,
1.0,versemap-reference-d9969e023145ab13,henry-wadsworth-longfellow,Henry Wadsworth Longfellow,henry-wadsworth-longfellow-1f2b494107733730,Seaweed,Henry Wadsworth Longfellow/Seaweed.txt,1376,3d8cc6efd95f916a64ceac2b6cc4639014140883d84e11de35616d496e3efc3a,3d8cc6efd95f916a64ceac2b6cc4639014140883d84e11de35616d496e3efc3a,1376,55,48,211,
1.0,versemap-reference-d9969e023145ab13,henry-wadsworth-longfellow,Henry Wadsworth Longfellow,henry-wadsworth-longfellow-dac289da864b9292,Seven Sonnets and a Canzone,Henry Wadsworth Longfellow/Seven Sonnets and a Canzone.txt,188,e6da5c2390dc12ce75d3c363410301795ca2b4f51c71c37c9deb1764bf0615f3,e6da5c2390dc12ce75d3c363410301795ca2b4f51c71c37c9deb1764bf0615f3,188,3,3,31,suspiciously_short
1.0,versemap-reference-d9969e023145ab13,henry-wadsworth-longfellow,Henry Wadsworth Longfellow,henry-wadsworth-longfellow-531738724290e794,Silent Love,Henry Wadsworth Longfellow/Silent Love.txt,153,f559812cb939dc43db2f1eb717824fd3a5b82ce96b41eb6216975abf5ba9178c,f559812cb939dc43db2f1eb717824fd3a5b82ce96b41eb6216975abf5ba9178c,153,8,8,26,
1.0,versemap-reference-d9969e023145ab13,henry-wadsworth-longfellow,Henry Wadsworth Longfellow,henry-wadsworth-longfellow-da2753fb2ec599d6,Sir Humphrey Gilbert,Henry Wadsworth Longfellow/Sir Humphrey Gilbert.txt,1393,bd7aff69095b69b98c045f692be4007b0d2ea0268fece296168e91447e59f84b,bd7aff69095b69b98c045f692be4007b0d2ea0268fece296168e91447e59f84b,1393,54,44,237,
1.0,versemap-reference-d9969e023145ab13,henry-wadsworth-longfellow,Henry Wadsworth Longfellow,henry-wadsworth-longfellow-e4081283cb2298ec,Snow-Flakes,Henry Wadsworth Longfellow/Snow-Flakes.txt,599,6e6e49965b0581cad61089f32a11fcaf1e9944a12425eae2883dc49766dbd9ab,6e6e49965b0581cad61089f32a11fcaf1e9944a12425eae2883dc49766dbd9ab,599,20,18,97,
1.0,versemap-reference-d9969e023145ab13,henry-wadsworth-longfellow,Henry Wadsworth Longfellow,henry-wadsworth-longfellow-e56249da6216c32d,Something left Undone,Henry Wadsworth Longfellow/Something left Undone.txt,635,ccf0d7ea1c40f8922b6a3f02eea88a2cbe772d9d78d757563f522c25750a035c,ccf0d7ea1c40f8922b6a3f02eea88a2cbe772d9d78d757563f522c25750a035c,635,24,20,111,
1.0,versemap-reference-d9969e023145ab13,henry-wadsworth-longfellow,Henry Wadsworth Longfellow,henry-wadsworth-longfellow-10bf994b0cf79353,Song Hark! Hark!,Henry Wadsworth Longfellow/Song Hark! Hark!.txt,765,048ab16b272ed03b5fdec0d281219e61246afb3f57f352b1d45b7a696363361f,048ab16b272ed03b5fdec0d281219e61246afb3f57f352b1d45b7a696363361f,765,32,28,113,
1.0,versemap-reference-d9969e023145ab13,henry-wadsworth-longfellow,Henry Wadsworth Longfellow,henry-wadsworth-longfellow-a68ec7fe49597a37,"Song If thou art sleeping, maiden","Henry Wadsworth Longfellow/Song If thou art sleeping, maiden.txt",312,eb45b23ed94c3afc4db268502a3d00cd7c8c4dee08b8eb29b531c39ddd97319c,eb45b23ed94c3afc4db268502a3d00cd7c8c4dee08b8eb29b531c39ddd97319c,312,13,10,58,
1.0,versemap-reference-d9969e023145ab13,henry-wadsworth-longfellow,Henry Wadsworth Longfellow,henry-wadsworth-longfellow-699cf0f836bfe546,Song of the Bell,Henry Wadsworth Longfellow/Song of the Bell.txt,628,714c5a2f3f7d61e4a6163216f226fd83ff4e49f7cb65c2aca2b3a79a2fdb7483,714c5a2f3f7d61e4a6163216f226fd83ff4e49f7cb65c2aca2b3a79a2fdb7483,628,27,24,101,
1.0,versemap-reference-d9969e023145ab13,henry-wadsworth-longfellow,Henry Wadsworth Longfellow,henry-wadsworth-longfellow-5d7ff32b7fb0f5b0,Song of the Silent Land,Henry Wadsworth Longfellow/Song of the Silent Land.txt,709,3dedd6cc9bce0a71ac89f8fa0d96226389a215d22d920f1d7f721def0436fb0f,3dedd6cc9bce0a71ac89f8fa0d96226389a215d22d920f1d7f721def0436fb0f,709,25,22,123,
1.0,versemap-reference-d9969e023145ab13,henry-wadsworth-longfellow,Henry Wadsworth Longfellow,henry-wadsworth-longfellow-aa6bb9b9c89ff1b5,"Song “And whither goest thou, gentle sigh”","Henry Wadsworth Longfellow/Song “And whither goest thou, gentle sigh”.txt",506,f4962d907722d11d7fe2508279605c37937154f6350d90b4cc37d083e05bec98,f4962d907722d11d7fe2508279605c37937154f6350d90b4cc37d083e05bec98,506,14,14,90,
1.0,versemap-reference-d9969e023145ab13,henry-wadsworth-longfellow,Henry Wadsworth Longfellow,henry-wadsworth-longfellow-45f4342ab7286fa9,Song “She is a maid of artless grace”,Henry Wadsworth Longfellow/Song “She is a maid of artless grace”.txt,444,a5d3846ee00d476135544c2f9e14e52b5274350e86a96e8c20fed48e0f1a24c3,a5d3846ee00d476135544c2f9e14e52b5274350e86a96e8c20fed48e0f1a24c3,444,17,14,83,
1.0,versemap-reference-d9969e023145ab13,henry-wadsworth-longfellow,Henry Wadsworth Longfellow,henry-wadsworth-longfellow-27bfd8838534dabe,Sonnet on Mrs. Kemble’s Reading from Shakespeare,Henry Wadsworth Longfellow/Sonnet on Mrs. Kemble’s Reading from Shakespeare.txt,639,70515765dd795780a14410962bd754a4b2dd6f447ad5952be2c933c97fb308a4,70515765dd795780a14410962bd754a4b2dd6f447ad5952be2c933c97fb308a4,639,16,15,107,
1.0,versemap-reference-d9969e023145ab13,henry-wadsworth-longfellow,Henry Wadsworth Longfellow,henry-wadsworth-longfellow-f770dc1c4c70c2e1,Spring,Henry Wadsworth Longfellow/Spring.txt,1015,21216c48e9d5607ae8732cd2d8f58e360738f56243ff0ad2f5601c8424569d29,21216c48e9d5607ae8732cd2d8f58e360738f56243ff0ad2f5601c8424569d29,1015,26,25,185,
1.0,versemap-reference-d9969e023145ab13,henry-wadsworth-longfellow,Henry Wadsworth Longfellow,henry-wadsworth-longfellow-36360beb917a870b,Sundown,Henry Wadsworth Longfellow/Sundown.txt,534,4da35cfbb39e62ee275f521026fb55f832f199b24dfd32b9d97db67378ca576f,4da35cfbb39e62ee275f521026fb55f832f199b24dfd32b9d97db67378ca576f,534,17,15,99,
1.0,versemap-reference-d9969e023145ab13,henry-wadsworth-longfellow,Henry Wadsworth Longfellow,henry-wadsworth-longfellow-0179195c3343c1ee,Sunrise on the Hills,Henry Wadsworth Longfellow/Sunrise on the Hills.txt,1485,aa25a07955752502fac49558f50dc5abff0051dd57f0393f5f9b81b8da308153,aa25a07955752502fac49558f50dc5abff0051dd57f0393f5f9b81b8da308153,1485,38,36,262,
1.0,versemap-reference-d9969e023145ab13,henry-wadsworth-longfellow,Henry Wadsworth Longfellow,henry-wadsworth-longfellow-1932a4dd240b5275,Suspiria,Henry Wadsworth Longfellow/Suspiria.txt,425,1c4f4b25a1909baecf8dbcfcb902e61b425f6f63646e392651655f26dd3118f3,1c4f4b25a1909baecf8dbcfcb902e61b425f6f63646e392651655f26dd3118f3,425,14,12,77,
1.0,versemap-reference-d9969e023145ab13,henry-wadsworth-longfellow,Henry Wadsworth Longfellow,henry-wadsworth-longfellow-d0be023a337f59d8,TALES OF A WAYSIDE INN,Henry Wadsworth Longfellow/TALES OF A WAYSIDE INN.txt,270520,d603291aa9461c5e210f0cf942a0251cc91431eb2aacff0398e10be88947c812,d603291aa9461c5e210f0cf942a0251cc91431eb2aacff0398e10be88947c812,270025,8391,7343,48174,suspiciously_long
1.0,versemap-reference-d9969e023145ab13,henry-wadsworth-longfellow,Henry Wadsworth Longfellow,henry-wadsworth-longfellow-532c094c2c5f7e5f,Tegnér’s Drapa,Henry Wadsworth Longfellow/Tegnér’s Drapa.txt,1775,30e92a7126c1b5fccfee1ca3fc608452ebeccd688099172ab2c741693d995bef,30e92a7126c1b5fccfee1ca3fc608452ebeccd688099172ab2c741693d995bef,1775,83,72,328,
1.0,versemap-reference-d9969e023145ab13,henry-wadsworth-longfellow,Henry Wadsworth Longfellow,henry-wadsworth-longfellow-e242dd1d1d31c1b9,The Angel and the Child,Henry Wadsworth Longfellow/The Angel and the Child.txt,1334,5b7f909bd0cc3fd3c9208275512a98453e4088823edd370c3093011c123bf42c,5b7f909bd0cc3fd3c9208275512a98453e4088823edd370c3093011c123bf42c,1334,46,37,241,
1.0,versemap-reference-d9969e023145ab13,henry-wadsworth-longfellow,Henry Wadsworth Longfellow,henry-wadsworth-longfellow-7d45b65dcb7ad510,The Arrow and the Song,Henry Wadsworth Longfellow/The Arrow and the Song.txt,435,e9add67b6f6eca29e16035a126fd23ec110247a9f3a3b10fc613e45f192a7e21,e9add67b6f6eca29e16035a126fd23ec110247a9f3a3b10fc613e45f192a7e21,435,16,13,89,
1.0,versemap-reference-d9969e023145ab13,henry-wadsworth-longfellow,Henry Wadsworth Longfellow,henry-wadsworth-longfellow-9b403a791fa62892,The Arsenal at Springfield,Henry Wadsworth Longfellow/The Arsenal at Springfield.txt,2170,59a58c7b5d2da76ba56a920fcf2c12e2c841934d54d78eec5f3a1734cac05480,59a58c7b5d2da76ba56a920fcf2c12e2c841934d54d78eec5f3a1734cac05480,2170,59,48,357,
1.0,versemap-reference-d9969e023145ab13,henry-wadsworth-longfellow,Henry Wadsworth Longfellow,henry-wadsworth-longfellow-91e04effa45f51b9,The Beleaguered City,Henry Wadsworth Longfellow/The Beleaguered City.txt,1596,a44a7cfe5356b73d75dbc5155590cc04fc21da09127cb363c15d159f91596cfc,a44a7cfe5356b73d75dbc5155590cc04fc21da09127cb363c15d159f91596cfc,1596,59,48,268,
1.0,versemap-reference-d9969e023145ab13,henry-wadsworth-longfellow,Henry Wadsworth Longfellow,henry-wadsworth-longfellow-751fa9e79b5e0468,The Belfry of Bruges,Henry Wadsworth Longfellow/The Belfry of Bruges.txt,2582,4198eb95547ff7a6d774ae58440772e5c6f22e983c9a639038d14062536c9104,4198eb95547ff7a6d774ae58440772e5c6f22e983c9a639038d14062536c9104,2582,60,41,438,
1.0,versemap-reference-d9969e023145ab13,henry-wadsworth-longfellow,Henry Wadsworth Longfellow,henry-wadsworth-longfellow-1b76aa14c949bf75,The Bells of San Blas,Henry Wadsworth Longfellow/The Bells of San Blas.txt,2072,00099f7e0337fc41606658a00a23ed5a1592b27b138fb69df430abbc9d6b1c7c,00099f7e0337fc41606658a00a23ed5a1592b27b138fb69df430abbc9d6b1c7c,2072,80,68,389,
1.0,versemap-reference-d9969e023145ab13,henry-wadsworth-longfellow,Henry Wadsworth Longfellow,henry-wadsworth-longfellow-10d815f8465cb1be,The Bird and the Ship,Henry Wadsworth Longfellow/The Bird and the Ship.txt,1315,908db6b9129f315374365e001a2a507f4620bf5b97283a7608ccdc662584551c,908db6b9129f315374365e001a2a507f4620bf5b97283a7608ccdc662584551c,1315,47,38,244,
1.0,versemap-reference-d9969e023145ab13,henry-wadsworth-longfellow,Henry Wadsworth Longfellow,henry-wadsworth-longfellow-8e76d1a090392e0a,The Black Knight,Henry Wadsworth Longfellow/The Black Knight.txt,1888,985e45857747ee1c7e579549fb546bc3a0e9be9798a4764077ea172ddabc8ee3,985e45857747ee1c7e579549fb546bc3a0e9be9798a4764077ea172ddabc8ee3,1888,71,61,321,
1.0,versemap-reference-d9969e023145ab13,henry-wadsworth-longfellow,Henry Wadsworth Longfellow,henry-wadsworth-longfellow-0afd9a91502cafab,The Blind Girl of Castel-Cuille,Henry Wadsworth Longfellow/The Blind Girl of Castel-Cuille.txt,15230,b3405812f2f75bf1449cd4d0cf411fbdffa7ef98281007e273c646ad9a4ad0a3,b3405812f2f75bf1449cd4d0cf411fbdffa7ef98281007e273c646ad9a4ad0a3,15230,431,386,2581,
1.0,versemap-reference-d9969e023145ab13,henry-wadsworth-longfellow,Henry Wadsworth Longfellow,henry-wadsworth-longfellow-8f826342119d83be,The Boy and the Brook,Henry Wadsworth Longfellow/The Boy and the Brook.txt,954,a52c1e7de35f8a39e07881d8ddc276f959a1c2e2fdb30a88b3c726a5d71f7a9f,a52c1e7de35f8a39e07881d8ddc276f959a1c2e2fdb30a88b3c726a5d71f7a9f,954,31,27,179,
1.0,versemap-reference-d9969e023145ab13,henry-wadsworth-longfellow,Henry Wadsworth Longfellow,henry-wadsworth-longfellow-2d3a52ff8a0ae9ed,The Bridge,Henry Wadsworth Longfellow/The Bridge.txt,1919,7716268a3c30e66ca68232f0a8618158ebfe9a8d2af166db99da9b6533985079,7716268a3c30e66ca68232f0a8618158ebfe9a8d2af166db99da9b6533985079,1919,74,60,350,
1.0,versemap-reference-d9969e023145ab13,henry-wadsworth-longfellow,Henry Wadsworth Longfellow,henry-wadsworth-longfellow-ab05a95a31becaf5,The Brook and the Wave,Henry Wadsworth Longfellow/The Brook and the Wave.txt,396,b223674f5fe739ac8d7ea5aeff13b5f2735ea8de6bc629d546572a96c7db5e0e,b223674f5fe739ac8d7ea5aeff13b5f2735ea8de6bc629d546572a96c7db5e0e,396,14,12,68,
1.0,versemap-reference-d9969e023145ab13,henry-wadsworth-longfellow,Henry Wadsworth Longfellow,henry-wadsworth-longfellow-1d1f18d9cf339de2,The Builders,Henry Wadsworth Longfellow/The Builders.txt,1166,de01cd937c8f1c956fa82e63b2a3a9568979c5bf9193e9050dcbd1bd9a36722c,de01cd937c8f1c956fa82e63b2a3a9568979c5bf9193e9050dcbd1bd9a36722c,1166,44,36,200,
1.0,versemap-reference-d9969e023145ab13,henry-wadsworth-longfellow,Henry Wadsworth Longfellow,henry-wadsworth-longfellow-96aea1119199e6af,The Building of the Ship,Henry Wadsworth Longfellow/The Building of the Ship.txt,13466,09fd5ddd98f56cfd0af2fc3da0e53e8ecba74af0d866442c6298718705658148,09fd5ddd98f56cfd0af2fc3da0e53e8ecba74af0d866442c6298718705658148,13466,422,398,2472,
1.0,versemap-reference-d9969e023145ab13,henry-wadsworth-longfellow,Henry Wadsworth Longfellow,henry-wadsworth-longfellow-a32fb9ba6bc6d587,The Burial of the Poet,Henry Wadsworth Longfellow/The Burial of the Poet.txt,641,7547f985280c232ce6173ffdd8cdcac6649b18577d75525b4b513f1bf98f8be3,7547f985280c232ce6173ffdd8cdcac6649b18577d75525b4b513f1bf98f8be3,641,16,15,117,
1.0,versemap-reference-d9969e023145ab13,henry-wadsworth-longfellow,Henry Wadsworth Longfellow,henry-wadsworth-longfellow-393608dd32959d02,The Castle by the Sea,Henry Wadsworth Longfellow/The Castle by the Sea.txt,1069,c26fae57863d553c12871e3581d100fe4c75613c077e124054294b88509c676d,c26fae57863d553c12871e3581d100fe4c75613c077e124054294b88509c676d,1069,41,33,188,
1.0,versemap-reference-d9969e023145ab13,henry-wadsworth-longfellow,Henry Wadsworth Longfellow,henry-wadsworth-longfellow-a612171a0da64946,The Castle-Builder,Henry Wadsworth Longfellow/The Castle-Builder.txt,666,49700623281b481c5fae8d6708ef77db72929955da94bb3d588be901a8caea07,49700623281b481c5fae8d6708ef77db72929955da94bb3d588be901a8caea07,666,19,16,115,
1.0,versemap-reference-d9969e023145ab13,henry-wadsworth-longfellow,Henry Wadsworth Longfellow,henry-wadsworth-longfellow-9bc0dd287e3be83c,The Celestial Pilot,Henry Wadsworth Longfellow/The Celestial Pilot.txt,1758,e2e81170dbf9d4101f2d62b663169363736486779b4842fbcd5cd825775ffb16,e2e81170dbf9d4101f2d62b663169363736486779b4842fbcd5cd825775ffb16,1758,41,40,308,
1.0,versemap-reference-d9969e023145ab13,henry-wadsworth-longfellow,Henry Wadsworth Longfellow,henry-wadsworth-longfellow-d550cfb1427ab456,The Challenge,Henry Wadsworth Longfellow/The Challenge.txt,1360,21b5727f03d30326edb7c6636d3cea31662a2033149897d6908ba4c956fbfb19,21b5727f03d30326edb7c6636d3cea31662a2033149897d6908ba4c956fbfb19,1360,54,44,243,
1.0,versemap-reference-d9969e023145ab13,henry-wadsworth-longfellow,Henry Wadsworth Longfellow,henry-wadsworth-longfellow-34d04ab7c9f13c89,The Chamber over the Gate,Henry Wadsworth Longfellow/The Chamber over the Gate.txt,1301,bc9880502cad0daa7fdc179224e44123abe56894dddaee71aa0b989505de14a4,bc9880502cad0daa7fdc179224e44123abe56894dddaee71aa0b989505de14a4,1301,55,49,253,
1.0,versemap-reference-d9969e023145ab13,henry-wadsworth-longfellow,Henry Wadsworth Longfellow,henry-wadsworth-longfellow-9bf9b89300e2c554,The Child Asleep,Henry Wadsworth Longfellow/The Child Asleep.txt,941,d9e2ff7d9b2b715ac6bb13b1ce401e8cf15e34f2ddb9f3776ca822a20ba43a3b,d9e2ff7d9b2b715ac6bb13b1ce401e8cf15e34f2ddb9f3776ca822a20ba43a3b,941,23,21,172,
1.0,versemap-reference-d9969e023145ab13,henry-wadsworth-longfellow,Henry Wadsworth Longfellow,henry-wadsworth-longfellow-0cd282adaf880d6c,The Children of the Lord’s Supper,Henry Wadsworth Longfellow/The Children of the Lord’s Supper.txt,23064,862e9ddc46cb3f964f05188d80ee940bc832a31364eec861701c5379dfa0480f,862e9ddc46cb3f964f05188d80ee940bc832a31364eec861701c5379dfa0480f,23063,361,353,4112,
1.0,versemap-reference-d9969e023145ab13,henry-wadsworth-longfellow,Henry Wadsworth Longfellow,henry-wadsworth-longfellow-4aecf8955cf10166,The Children’s Crusade,Henry Wadsworth Longfellow/The Children’s Crusade.txt,4261,db29e3e9dd2fe65471d9463242421edd84322da8596d11fb0d60c6e0a6f6abbf,db29e3e9dd2fe65471d9463242421edd84322da8596d11fb0d60c6e0a6f6abbf,4261,159,140,728,
1.0,versemap-reference-d9969e023145ab13,henry-wadsworth-longfellow,Henry Wadsworth Longfellow,henry-wadsworth-longfellow-70f39c9ffd1f8e12,The Children’s Hour,Henry Wadsworth Longfellow/The Children’s Hour.txt,1341,b64a3f669e17b75303e9bba328aa06bf490c711f669af605eea5d2b81105d5b9,b64a3f669e17b75303e9bba328aa06bf490c711f669af605eea5d2b81105d5b9,1341,49,40,249,
1.0,versemap-reference-d9969e023145ab13,henry-wadsworth-longfellow,Henry Wadsworth Longfellow,henry-wadsworth-longfellow-c352aed818cf1a29,The City and the Sea,Henry Wadsworth Longfellow/The City and the Sea.txt,481,c6b4b72153bf81cf9e498c5b059133b686084b3f993dfed80bfdf57cd8d85145,c6b4b72153bf81cf9e498c5b059133b686084b3f993dfed80bfdf57cd8d85145,481,17,12,90,
1.0,versemap-reference-d9969e023145ab13,henry-wadsworth-longfellow,Henry Wadsworth Longfellow,henry-wadsworth-longfellow-9052b9f5bdbcd161,THE COURTSHIP OF MILES STANDISH,Henry Wadsworth Longfellow/THE COURTSHIP OF MILES STANDISH.txt,67269,0ea674c1b72d4879f75f9e877b5f916d470e6aaf3f7832cb5abe193d682d1a9f,0ea674c1b72d4879f75f9e877b5f916d470e6aaf3f7832cb5abe193d682d1a9f,67269,1169,1081,12089,suspiciously_long
1.0,versemap-reference-d9969e023145ab13,henry-wadsworth-longfellow,Henry Wadsworth Longfellow,henry-wadsworth-longfellow-5c9bc7af8dc36167,The Cumberland,Henry Wadsworth Longfellow/The Cumberland.txt,1630,7390942ecd2c000175a29425cec7f076dd2c92be7d4d4488e6010ae5621ecc9d,7390942ecd2c000175a29425cec7f076dd2c92be7d4d4488e6010ae5621ecc9d,1630,55,48,291,
1.0,versemap-reference-d9969e023145ab13,henry-wadsworth-longfellow,Henry Wadsworth Longfellow,henry-wadsworth-longfellow-e0ed62c9b57b2dbe,The Day Is done,Henry Wadsworth Longfellow/The Day Is done.txt,1448,fd008c4fcc5f82b79f3123832fe121acdb8246f0fafab9b76e1674607817e635,fd008c4fcc5f82b79f3123832fe121acdb8246f0fafab9b76e1674607817e635,1448,54,44,254,
1.0,versemap-reference-d9969e023145ab13,henry-wadsworth-longfellow,Henry Wadsworth Longfellow,henry-wadsworth-longfellow-c4129c00919e8446,The Dead,Henry Wadsworth Longfellow/The Dead.txt,462,46df3ce4c0a00f7f77abfd7073cfba100e43d954d69a025adba8a554972b0d2a,46df3ce4c0a00f7f77abfd7073cfba100e43d954d69a025adba8a554972b0d2a,462,19,17,70,
1.0,versemap-reference-d9969e023145ab13,henry-wadsworth-longfellow,Henry Wadsworth Longfellow,henry-wadsworth-longfellow-e4af5e725f41ca8e,The Discoverer of the North Cape,Henry Wadsworth Longfellow/The Discoverer of the North Cape.txt,3545,08ddb17d0b5332583c7080804d04588f37ccaa78f39240c0f200f850f1e0b647,08ddb17d0b5332583c7080804d04588f37ccaa78f39240c0f200f850f1e0b647,3545,139,116,633,
1.0,versemap-reference-d9969e023145ab13,henry-wadsworth-longfellow,Henry Wadsworth Longfellow,henry-wadsworth-longfellow-fe93e8cd1b6674df,The Elected Knight,Henry Wadsworth Longfellow/The Elected Knight.txt,1635,11f2448c6cd316fcfe052be9f21c832cf5c288a4e83dd814af0c30f8235ffd85,11f2448c6cd316fcfe052be9f21c832cf5c288a4e83dd814af0c30f8235ffd85,1635,59,48,298,
1.0,versemap-reference-d9969e023145ab13,henry-wadsworth-longfellow,Henry Wadsworth Longfellow,henry-wadsworth-longfellow-90af218140d8f7e3,The Emperor’s Bird’s-Nest,Henry Wadsworth Longfellow/The Emperor’s Bird’s-Nest.txt,1837,fde1178ccd07506c69229169e8f437711ee8b739936c8a2c027a62ea7deba3a9,fde1178ccd07506c69229169e8f437711ee8b739936c8a2c027a62ea7deba3a9,1837,65,55,307,
1.0,versemap-reference-d9969e023145ab13,henry-wadsworth-longfellow,Henry Wadsworth Longfellow,henry-wadsworth-longfellow-d569f836cfc60898,The Evening Star,Henry Wadsworth Longfellow/The Evening Star.txt,591,7171aa30edf84f98dfeea9fc61f26f4030786db1db7e69ffabf65bbeea85ea38,7171aa30edf84f98dfeea9fc61f26f4030786db1db7e69ffabf65bbeea85ea38,591,14,14,105,
1.0,versemap-reference-d9969e023145ab13,henry-wadsworth-longfellow,Henry Wadsworth Longfellow,henry-wadsworth-longfellow-4745d775d16036b4,The Fiftieth Birthday of Agassiz,Henry Wadsworth Longfellow/The Fiftieth Birthday of Agassiz.txt,1039,826690bf3b61d8b9f26e7813843ea4f7082a990a10c0215e810e7273f5394353,826690bf3b61d8b9f26e7813843ea4f7082a990a10c0215e810e7273f5394353,1039,41,33,193,
1.0,versemap-reference-d9969e023145ab13,henry-wadsworth-longfellow,Henry Wadsworth Longfellow,henry-wadsworth-longfellow-f0bc82af94876718,The Fire of Drift-Wood,Henry Wadsworth Longfellow/The Fire of Drift-Wood.txt,1864,8c8cbbf0d1bb1abc768c654796851a65695eb043a6f61fb59e5e6a906ed7bada,8c8cbbf0d1bb1abc768c654796851a65695eb043a6f61fb59e5e6a906ed7bada,1864,63,50,319,
1.0,versemap-reference-d9969e023145ab13,henry-wadsworth-longfellow,Henry Wadsworth Longfellow,henry-wadsworth-longfellow-8c5a397a8c9a7495,The Four Lakes of Madison,Henry Wadsworth Longfellow/The Four Lakes of Madison.txt,616,43768bbc4e43f2b7dbab9b6adaad7673e0170550471d04d64ea562317acba152,43768bbc4e43f2b7dbab9b6adaad7673e0170550471d04d64ea562317acba152,616,20,18,106,
1.0,versemap-reference-d9969e023145ab13,henry-wadsworth-longfellow,Henry Wadsworth Longfellow,henry-wadsworth-longfellow-39a14f2f90bf74a9,The Fugitive,Henry Wadsworth Longfellow/The Fugitive.txt,2663,21538097a888cfda22c3f871dc81daa9bd7bf890bc7643522d343df828e4de19,21538097a888cfda22c3f871dc81daa9bd7bf890bc7643522d343df828e4de19,2663,117,92,517,
1.0,versemap-reference-d9969e023145ab13,henry-wadsworth-longfellow,Henry Wadsworth Longfellow,henry-wadsworth-longfellow-60383c097a6173ba,The Goblet of Life,Henry Wadsworth Longfellow/The Goblet of Life.txt,2070,36e6b9590eb94c5027eaca68ea838aa7eaf265ae92b9127ac7902f7b84b77090,36e6b9590eb94c5027eaca68ea838aa7eaf265ae92b9127ac7902f7b84b77090,2070,71,60,359,
1.0,versemap-reference-d9969e023145ab13,henry-wadsworth-longfellow,Henry Wadsworth Longfellow,henry-wadsworth-longfellow-2caff620174b5fe5,The Golden Mile-Stone,Henry Wadsworth Longfellow/The Golden Mile-Stone.txt,1815,21cf55b1ace6c74ccedead56aea5fae464455c0207e8a199a06880cefcef8fb0,21cf55b1ace6c74ccedead56aea5fae464455c0207e8a199a06880cefcef8fb0,1815,59,48,292,
1.0,versemap-reference-d9969e023145ab13,henry-wadsworth-longfellow,Henry Wadsworth Longfellow,henry-wadsworth-longfellow-eebb59ef1d40d820,"The Good Part, that shall not be taken away","Henry Wadsworth Longfellow/The Good Part, that shall not be taken away.txt",1173,02e8238fa3798b16cadc3aa9b466e6a8399584e3202ecd5f815998d88925e560,02e8238fa3798b16cadc3aa9b466e6a8399584e3202ecd5f815998d88925e560,1173,46,37,208,
1.0,versemap-reference-d9969e023145ab13,henry-wadsworth-longfellow,Henry Wadsworth Longfellow,henry-wadsworth-longfellow-051d649073a62037,The Grave,Henry Wadsworth Longfellow/The Grave.txt,963,e74b419f61a66d624ad06acb968660604f91c450b91e6d4c0de3d0502119dba0,e74b419f61a66d624ad06acb968660604f91c450b91e6d4c0de3d0502119dba0,963,45,42,182,
1.0,versemap-reference-d9969e023145ab13,henry-wadsworth-longfellow,Henry Wadsworth Longfellow,henry-wadsworth-longfellow-5e94e00fcd81a8d5,THE HANGING OF THE CRANE,Henry Wadsworth Longfellow/THE HANGING OF THE CRANE.txt,7071,8bc276aa83290a4bb732f83af056c7c6544a4317f3ff3a08268e0697cbb2f0ba,8bc276aa83290a4bb732f83af056c7c6544a4317f3ff3a08268e0697cbb2f0ba,7071,229,205,1270,
1.0,versemap-reference-d9969e023145ab13,henry-wadsworth-longfellow,Henry Wadsworth Longfellow,henry-wadsworth-longfellow-cd06e61112d10e73,The Happiest Land,Henry Wadsworth Longfellow/The Happiest Land.txt,1203,c0a484ebe834427d3c2853caf2f0a69a88c5ca802f5917406204df3124f1acd1,c0a484ebe834427d3c2853caf2f0a69a88c5ca802f5917406204df3124f1acd1,1203,45,38,204,
1.0,versemap-reference-d9969e023145ab13,henry-wadsworth-longfellow,Henry Wadsworth Longfellow,henry-wadsworth-longfellow-7281b508aea0b13d,The Haunted Chamber,Henry Wadsworth Longfellow/The Haunted Chamber.txt,1004,be5fb1f8a71d46a1e5dd733ed3fbdc9b8c16f237263666526fd668f17bc829ba,be5fb1f8a71d46a1e5dd733ed3fbdc9b8c16f237263666526fd668f17bc829ba,1004,39,32,170,
1.0,versemap-reference-d9969e023145ab13,henry-wadsworth-longfellow,Henry Wadsworth Longfellow,henry-wadsworth-longfellow-2f2580a598e40bba,The Hemlock Tree,Henry Wadsworth Longfellow/The Hemlock Tree.txt,808,481e6cc8c2c424dde2ef8c9f1f760e135f121906f07239a5970eb19356a6039e,481e6cc8c2c424dde2ef8c9f1f760e135f121906f07239a5970eb19356a6039e,808,19,16,136,
1.0,versemap-reference-d9969e023145ab13,henry-wadsworth-longfellow,Henry Wadsworth Longfellow,henry-wadsworth-longfellow-b5a3af177f933f2b,The Iron Pen,Henry Wadsworth Longfellow/The Iron Pen.txt,1508,2e81ff4fa6ab3440249fb5d3108acec2fa21c791d9adc3b631abc8b5ae618aae,2e81ff4fa6ab3440249fb5d3108acec2fa21c791d9adc3b631abc8b5ae618aae,1508,54,44,292,
1.0,versemap-reference-d9969e023145ab13,henry-wadsworth-longfellow,Henry Wadsworth Longfellow,henry-wadsworth-longfellow-82c0b88580e08e5b,The Jewish Cemetery at Newport,Henry Wadsworth Longfellow/The Jewish Cemetery at Newport.txt,2666,c1f5b4936acdcd3d2d8a779e95ccfd9ced323ec1337ec046e1a60153c7d7fe27,c1f5b4936acdcd3d2d8a779e95ccfd9ced323ec1337ec046e1a60153c7d7fe27,2666,74,60,453,
1.0,versemap-reference-d9969e023145ab13,henry-wadsworth-longfellow,Henry Wadsworth Longfellow,henry-wadsworth-longfellow-1e007c833d5d2806,The Ladder of St. Augustine,Henry Wadsworth Longfellow/The Ladder of St. Augustine.txt,1716,81ba3cc209128e9e7c683b225d806b6aafc2dbe9a96ab6f034896be36908556d,81ba3cc209128e9e7c683b225d806b6aafc2dbe9a96ab6f034896be36908556d,1716,59,48,295,
1.0,versemap-reference-d9969e023145ab13,henry-wadsworth-longfellow,Henry Wadsworth Longfellow,henry-wadsworth-longfellow-d5b891d42b04a291,The Legend of the Crossbill,Henry Wadsworth Longfellow/The Legend of the Crossbill.txt,715,8aa6532c6b7903ebe098a8cbb9c7d6e11c6b350e98aa079b7cc70786da7ef7c5,8aa6532c6b7903ebe098a8cbb9c7d6e11c6b350e98aa079b7cc70786da7ef7c5,715,26,21,126,
1.0,versemap-reference-d9969e023145ab13,henry-wadsworth-longfellow,Henry Wadsworth Longfellow,henry-wadsworth-longfellow-5730e270bf32b2b3,The Light of Stars,Henry Wadsworth Longfellow/The Light of Stars.txt,1125,005637e55b3b4fb9e1f455918a98909052a62605d927b47239fc12524f5f2604,005637e55b3b4fb9e1f455918a98909052a62605d927b47239fc12524f5f2604,1125,44,36,210,
1.0,versemap-reference-d9969e023145ab13,henry-wadsworth-longfellow,Henry Wadsworth Longfellow,henry-wadsworth-longfellow-6940770124abbcb2,The Lighthouse,Henry Wadsworth Longfellow/The Lighthouse.txt,2465,cd112839dbda56f274f66b1ddde4b159d214df96194e9de22fe4fa8ded684cf1,cd112839dbda56f274f66b1ddde4b159d214df96194e9de22fe4fa8ded684cf1,2465,69,56,430,
1.0,versemap-reference-d9969e023145ab13,henry-wadsworth-longfellow,Henry Wadsworth Longfellow,henry-wadsworth-longfellow-37a2214c6f10166b,The Luck of Edenhall,Henry Wadsworth Longfellow/The Luck of Edenhall.txt,2095,f1d9dbfef0a99db08a64067eb12d112bdd77c97a4b3f74a7c02892972eb416ca,f1d9dbfef0a99db08a64067eb12d112bdd77c97a4b3f74a7c02892972eb416ca,2095,67,56,376,
1.0,versemap-reference-d9969e023145ab13,henry-wadsworth-longfellow,Henry Wadsworth Longfellow,henry-wadsworth-longfellow-744b24fe15897862,THE MASQUE OF PANDORA,Henry Wadsworth Longfellow/THE MASQUE OF PANDORA.txt,26272,aa2da31bd02eb6ac7d8d5c1ebe3045be27fcee010f2e1d67c49f2958d0c86df9,aa2da31bd02eb6ac7d8d5c1ebe3045be27fcee010f2e1d67c49f2958d0c86df9,26265,1035,855,4552,suspiciously_long
1.0,versemap-reference-d9969e023145ab13,henry-wadsworth-longfellow,Henry Wadsworth Longfellow,henry-wadsworth-longfellow-0e216737a59a2c2d,The Meeting,Henry Wadsworth Longfellow/The Meeting.txt,790,6f8747a9e17d7f61ae8e715ab9c673c9d902c08ac3ffb0ddb1354991204b1f0b,6f8747a9e17d7f61ae8e715ab9c673c9d902c08ac3ffb0ddb1354991204b1f0b,790,29,24,151,
1.0,versemap-reference-d9969e023145ab13,henry-wadsworth-longfellow,Henry Wadsworth Longfellow,henry-wadsworth-longfellow-cb1b7505e5a347ca,The Nature of Love,Henry Wadsworth Longfellow/The Nature of Love.txt,861,495c0a7f5887c132c183e05e2880f210f4e6894f75fe03b210a3d0aff24d488d,495c0a7f5887c132c183e05e2880f210f4e6894f75fe03b210a3d0aff24d488d,861,24,22,157,
1.0,versemap-reference-d9969e023145ab13,henry-wadsworth-longfellow,Henry Wadsworth Longfellow,henry-wadsworth-longfellow-54fb659cb3a7b95e,The Norman Baron,Henry Wadsworth Longfellow/The Norman Baron.txt,2594,b783bf85df21414f7100c6fd7f99cdbb00287aa2884cb9f63f981e7b5759683b,b783bf85df21414f7100c6fd7f99cdbb00287aa2884cb9f63f981e7b5759683b,2594,87,71,419,
1.0,versemap-reference-d9969e023145ab13,henry-wadsworth-longfellow,Henry Wadsworth Longfellow,henry-wadsworth-longfellow-e659fe58f474b8a7,The Occultation of Orion,Henry Wadsworth Longfellow/The Occultation of Orion.txt,2529,25b7b8d9653708531107a1ae58220380e6ae80836419667453dcd3e217bcdc0f,25b7b8d9653708531107a1ae58220380e6ae80836419667453dcd3e217bcdc0f,2529,80,75,446,
1.0,versemap-reference-d9969e023145ab13,henry-wadsworth-longfellow,Henry Wadsworth Longfellow,henry-wadsworth-longfellow-d84670286d17183b,The Old Clock on the Stairs,Henry Wadsworth Longfellow/The Old Clock on the Stairs.txt,2533,84c677c06580135844161710c99ddad6fd7b6f50edff6a8a6880014e8300cdec,84c677c06580135844161710c99ddad6fd7b6f50edff6a8a6880014e8300cdec,2533,84,75,397,
1.0,versemap-reference-d9969e023145ab13,henry-wadsworth-longfellow,Henry Wadsworth Longfellow,henry-wadsworth-longfellow-dc8d2c741253d23c,The Open Window,Henry Wadsworth Longfellow/The Open Window.txt,737,8a46d0c5033b4c659db5db229118b81cb1bdbc9c96cf644fb4b0421c97de8813,8a46d0c5033b4c659db5db229118b81cb1bdbc9c96cf644fb4b0421c97de8813,737,29,24,129,
1.0,versemap-reference-d9969e023145ab13,henry-wadsworth-longfellow,Henry Wadsworth Longfellow,henry-wadsworth-longfellow-b5286fff76484914,The Phantom Ship,Henry Wadsworth Longfellow/The Phantom Ship.txt,1708,ec857fcc28032f7a9c6249344af828a688004361ab5d2de771ddfce8667eab42,ec857fcc28032f7a9c6249344af828a688004361ab5d2de771ddfce8667eab42,1708,64,52,308,
1.0,versemap-reference-d9969e023145ab13,henry-wadsworth-longfellow,Henry Wadsworth Longfellow,henry-wadsworth-longfellow-768906cd0fc7e457,The Poet and his Songs,Henry Wadsworth Longfellow/The Poet and his Songs.txt,843,37eadfce7dab459a5f86a51a1a4884d7c588d52085cdce5cc39274911696844c,37eadfce7dab459a5f86a51a1a4884d7c588d52085cdce5cc39274911696844c,843,36,29,166,
1.0,versemap-reference-d9969e023145ab13,henry-wadsworth-longfellow,Henry Wadsworth Longfellow,henry-wadsworth-longfellow-8048431fc0ee089c,The Poet’s Calendar,Henry Wadsworth Longfellow/The Poet’s Calendar.txt,4270,093e630de6bfde092683423b3d1de801c54fb1dfa241b668b3b08b66f066def5,093e630de6bfde092683423b3d1de801c54fb1dfa241b668b3b08b66f066def5,4270,131,108,773,
1.0,versemap-reference-d9969e023145ab13,henry-wadsworth-longfellow,Henry Wadsworth Longfellow,henry-wadsworth-longfellow-1e5da51b50248427,The Quadroon Girl,Henry Wadsworth Longfellow/The Quadroon Girl.txt,1561,945cfb135e0bd0703db0e29ea42ce1dd7d1fcbc85af9a49ad0253222f6de4aca,945cfb135e0bd0703db0e29ea42ce1dd7d1fcbc85af9a49ad0253222f6de4aca,1561,59,48,282,
1.0,versemap-reference-d9969e023145ab13,henry-wadsworth-longfellow,Henry Wadsworth Longfellow,henry-wadsworth-longfellow-2e7eecfd71c00984,The Rainy Day,Henry Wadsworth Longfellow/The Rainy Day.txt,609,d20d6d4bf0e289dfa2d0b0787f1affa2c0f9003f9f4ba31d7fdead5f832a02be,d20d6d4bf0e289dfa2d0b0787f1affa2c0f9003f9f4ba31d7fdead5f832a02be,609,17,15,117,
1.0,versemap-reference-d9969e023145ab13,henry-wadsworth-longfellow,Henry Wadsworth Longfellow,henry-wadsworth-longfellow-f571acd81011b2f8,The Reaper and the Flowers,Henry Wadsworth Longfellow/The Reaper and the Flowers.txt,1019,fc67ad125ef1d496293a4253c42f50c566b13c3d0322acd37e53e18de2370c59,fc67ad125ef1d496293a4253c42f50c566b13c3d0322acd37e53e18de2370c59,1019,34,28,186,
1.0,versemap-reference-d9969e023145ab13,henry-wadsworth-longfellow,Henry Wadsworth Longfellow,henry-wadsworth-longfellow-ae2fb4826e8a07ee,The Return of Spring,Henry Wadsworth Longfellow/The Return of Spring.txt,515,ee6f0eb994325bb63bdf310aeb29b29d4b00060a927a89436bd0c5d79ac79dbd,ee6f0eb994325bb63bdf310aeb29b29d4b00060a927a89436bd0c5d79ac79dbd,515,17,15,93,
1.0,versemap-reference-d9969e023145ab13,henry-wadsworth-longfellow,Henry Wadsworth Longfellow,henry-wadsworth-longfellow-0dad7bb963b28cca,The Ropewalk,Henry Wadsworth Longfellow/The Ropewalk.txt,2084,21cf3bd7ebdd32ab8b5daa2047b9e00e539858b1d71ae5d5997171894af4ec9c,21cf3bd7ebdd32ab8b5daa2047b9e00e539858b1d71ae5d5997171894af4ec9c,2084,76,66,369,
1.0,versemap-reference-d9969e023145ab13,henry-wadsworth-longfellow,Henry Wadsworth Longfellow,henry-wadsworth-longfellow-52dc0080cf2b4ce2,The Sea hath its Pearls,Henry Wadsworth Longfellow/The Sea hath its Pearls.txt,374,1f4d0f7d982c64c503e4d40c894d5024d7868800bb1991d5ada8d7b758463c84,1f4d0f7d982c64c503e4d40c894d5024d7868800bb1991d5ada8d7b758463c84,374,16,13,68,
1.0,versemap-reference-d9969e023145ab13,henry-wadsworth-longfellow,Henry Wadsworth Longfellow,henry-wadsworth-longfellow-24d344a4ad299533,The Secret of the Sea,Henry Wadsworth Longfellow/The Secret of the Sea.txt,1341,5927a0dcbc71d6be896aa66d776845563aa3ad879482e96880c26955feb63654,5927a0dcbc71d6be896aa66d776845563aa3ad879482e96880c26955feb63654,1341,49,40,232,
1.0,versemap-reference-d9969e023145ab13,henry-wadsworth-longfellow,Henry Wadsworth Longfellow,henry-wadsworth-longfellow-29b638c7796c1d98,The Siege of Kazan,Henry Wadsworth Longfellow/The Siege of Kazan.txt,778,2540e47f8ec04496b681fec6569fe3a5c82bb0083b820350e716e83fd34c6953,2540e47f8ec04496b681fec6569fe3a5c82bb0083b820350e716e83fd34c6953,778,24,20,146,
1.0,versemap-reference-d9969e023145ab13,henry-wadsworth-longfellow,Henry Wadsworth Longfellow,henry-wadsworth-longfellow-f78084caf793aa72,The Sifting of Peter,Henry Wadsworth Longfellow/The Sifting of Peter.txt,1220,360af0f8a7ae1c50061b20542c58c65bc0791ba342a0ff0e0ac4cf70f4521ae3,360af0f8a7ae1c50061b20542c58c65bc0791ba342a0ff0e0ac4cf70f4521ae3,1220,48,42,207,
1.0,versemap-reference-d9969e023145ab13,henry-wadsworth-longfellow,Henry Wadsworth Longfellow,henry-wadsworth-longfellow-ff0010716db3824c,The Singers,Henry Wadsworth Longfellow/The Singers.txt,1005,fbd9e79aa6af8add0b29a3486a0f27ca6cb5b52d612d8f00d118c58ca55a6d7d,fbd9e79aa6af8add0b29a3486a0f27ca6cb5b52d612d8f00d118c58ca55a6d7d,1005,34,28,186,
1.0,versemap-reference-d9969e023145ab13,henry-wadsworth-longfellow,Henry Wadsworth Longfellow,henry-wadsworth-longfellow-ec6653526acf1850,The Skeleton in Armor,Henry Wadsworth Longfellow/The Skeleton in Armor.txt,4252,7c5b935aa758c27dc310f3fcb5c9926390d66994ead90edf863284d9c734e954,7c5b935aa758c27dc310f3fcb5c9926390d66994ead90edf863284d9c734e954,4252,179,160,749,
1.0,versemap-reference-d9969e023145ab13,henry-wadsworth-longfellow,Henry Wadsworth Longfellow,henry-wadsworth-longfellow-3ce2d0499d7f4884,The Slave in the Dismal Swamp,Henry Wadsworth Longfellow/The Slave in the Dismal Swamp.txt,1068,a66ced036cf6fb3f4cddb0fbfe1ca85bc0e8f97610893ae78a6ab3d92961fa66,a66ced036cf6fb3f4cddb0fbfe1ca85bc0e8f97610893ae78a6ab3d92961fa66,1068,35,30,196,
1.0,versemap-reference-d9969e023145ab13,henry-wadsworth-longfellow,Henry Wadsworth Longfellow,henry-wadsworth-longfellow-3f773cd32eab04c3,The Slave singing at Midnight,Henry Wadsworth Longfellow/The Slave singing at Midnight.txt,784,79bb1664015624b4986713f200ff27fc91946e459c51e256460f9a8094a58f65,79bb1664015624b4986713f200ff27fc91946e459c51e256460f9a8094a58f65,784,29,24,139,
1.0,versemap-reference-d9969e023145ab13,henry-wadsworth-longfellow,Henry Wadsworth Longfellow,henry-wadsworth-longfellow-096debf0aadfa9c7,The Slave’s Dream,Henry Wadsworth Longfellow/The Slave’s Dream.txt,1642,a181a5db59f35f008eac705e0911cf9dbe97ea068b2a57109a31b07ffb7ce0cf,a181a5db59f35f008eac705e0911cf9dbe97ea068b2a57109a31b07ffb7ce0cf,1642,55,48,288,
1.0,versemap-reference-d9969e023145ab13,henry-wadsworth-longfellow,Henry Wadsworth Longfellow,henry-wadsworth-longfellow-3eb5e63e6b1fa094,THE SONG OF HIAWATHA,Henry Wadsworth Longfellow/THE SONG OF HIAWATHA.txt,181459,1b9cb0f63697923115cc62b804c2c4c710c6cfeccf4567f2ba031b264f8e6b35,1b9cb0f63697923115cc62b804c2c4c710c6cfeccf4567f2ba031b264f8e6b35,181459,5528,5460,31153,suspiciously_long
1.0,versemap-reference-d9969e023145ab13,henry-wadsworth-longfellow,Henry Wadsworth Longfellow,henry-wadsworth-longfellow-cee62514227bc841,The Soul’s Complaint against the Body,Henry Wadsworth Longfellow/The Soul’s Complaint against the Body.txt,932,bfd12b2b569800e123dc8b7df1164953d734502b44046d6aef59c3a2ed00168d,bfd12b2b569800e123dc8b7df1164953d734502b44046d6aef59c3a2ed00168d,932,48,43,170,
1.0,versemap-reference-d9969e023145ab13,henry-wadsworth-longfellow,Henry Wadsworth Longfellow,henry-wadsworth-longfellow-02b14b72c0fd245e,THE SPANISH STUDENT,Henry Wadsworth Longfellow/THE SPANISH STUDENT.txt,99505,2bce303bfcff895e91d5b66df55f006345e391c0cc364fd2d5acb73af52f21ab,2bce303bfcff895e91d5b66df55f006345e391c0cc364fd2d5acb73af52f21ab,99505,3300,2438,17346,suspiciously_long
1.0,versemap-reference-d9969e023145ab13,henry-wadsworth-longfellow,Henry Wadsworth Longfellow,henry-wadsworth-longfellow-ec417722de205615,The Spirit of Poetry,Henry Wadsworth Longfellow/The Spirit of Poetry.txt,2561,b0b1be4cb9e6115907672c0b195b3cfde4f2944406760a2d083438e512b7b340,b0b1be4cb9e6115907672c0b195b3cfde4f2944406760a2d083438e512b7b340,2561,58,57,457,
1.0,versemap-reference-d9969e023145ab13,henry-wadsworth-longfellow,Henry Wadsworth Longfellow,henry-wadsworth-longfellow-2872cf062d14a43c,The Statue over the Cathedral Door,Henry Wadsworth Longfellow/The Statue over the Cathedral Door.txt,580,0e7f8c7768528b20b05ba797b5f673268b69ecd39d4a98901dda663b5792b7b3,0e7f8c7768528b20b05ba797b5f673268b69ecd39d4a98901dda663b5792b7b3,580,21,17,105,
1.0,versemap-reference-d9969e023145ab13,henry-wadsworth-longfellow,Henry Wadsworth Longfellow,henry-wadsworth-longfellow-9e00dbc6298fd722,The Terrestrial Paradise,Henry Wadsworth Longfellow/The Terrestrial Paradise.txt,1532,6ae6c38a89ba6c6b260ae578f43cb2482098e98437b6b7d12ae3f26fbd768c27,6ae6c38a89ba6c6b260ae578f43cb2482098e98437b6b7d12ae3f26fbd768c27,1532,35,34,257,
1.0,versemap-reference-d9969e023145ab13,henry-wadsworth-longfellow,Henry Wadsworth Longfellow,henry-wadsworth-longfellow-ecdc936cd9b1a17f,"The Tide Rises, the Tide Falls","Henry Wadsworth Longfellow/The Tide Rises, the Tide Falls.txt",592,3435dd2a26d18880abf7afcdde8a6bcef47e3ce239e42757ac00eb1ac89cf68b,3435dd2a26d18880abf7afcdde8a6bcef47e3ce239e42757ac00eb1ac89cf68b,592,19,16,101,
1.0,versemap-reference-d9969e023145ab13,henry-wadsworth-longfellow,Henry Wadsworth Longfellow,henry-wadsworth-longfellow-fc31557fcfed0f97,The Two Angels,Henry Wadsworth Longfellow/The Two Angels.txt,1970,e7049dbfd736923bd39d5ef4356d98b2ba6b0a02f1b6f2fb792337bf3ddcb355,e7049dbfd736923bd39d5ef4356d98b2ba6b0a02f1b6f2fb792337bf3ddcb355,1970,54,44,354,
1.0,versemap-reference-d9969e023145ab13,henry-wadsworth-longfellow,Henry Wadsworth Longfellow,henry-wadsworth-longfellow-db0376d3ecdb8dd4,The Two Locks of Hair,Henry Wadsworth Longfellow/The Two Locks of Hair.txt,920,c2583dab1a8ff74e869499fd4cf2a8880a7920293ed3c0d1b6643f493a6d1fa3,c2583dab1a8ff74e869499fd4cf2a8880a7920293ed3c0d1b6643f493a6d1fa3,920,36,29,173,
1.0,versemap-reference-d9969e023145ab13,henry-wadsworth-longfellow,Henry Wadsworth Longfellow,henry-wadsworth-longfellow-53743f7cf755a8eb,The Village Blacksmith,Henry Wadsworth Longfellow/The Village Blacksmith.txt,1607,3b9684c89d9d7106cb73ee93cf8d18922846281edfd1347b2d082aa3bdb67195,3b9684c89d9d7106cb73ee93cf8d18922846281edfd1347b2d082aa3bdb67195,1607,55,48,286,
1.0,versemap-reference-d9969e023145ab13,henry-wadsworth-longfellow,Henry Wadsworth Longfellow,henry-wadsworth-longfellow-b4298bf07bb9c6bc,The Warden of the Cinque Ports,Henry Wadsworth Longfellow/The Warden of the Cinque Ports.txt,1848,c0e504ecd5020acdb0a3223b629538cfafc147a5bc62c1ba979cc479aecb48e2,c0e504ecd5020acdb0a3223b629538cfafc147a5bc62c1ba979cc479aecb48e2,1848,59,48,303,
1.0,versemap-reference-d9969e023145ab13,henry-wadsworth-longfellow,Henry Wadsworth Longfellow,henry-wadsworth-longfellow-c55ec290265e8812,The Warning,Henry Wadsworth Longfellow/The Warning.txt,787,70be10b8e3ce332441d342dbdd59a7e2208ff9ad54315d521a0d03fb4524b3f6,70be10b8e3ce332441d342dbdd59a7e2208ff9ad54315d521a0d03fb4524b3f6,787,20,18,144,
1.0,versemap-reference-d9969e023145ab13,henry-wadsworth-longfellow,Henry Wadsworth Longfellow,henry-wadsworth-longfellow-861c71409cc33b69,The Wave,Henry Wadsworth Longfellow/The Wave.txt,310,503caabedbb0f78a54efdd5b3819abf67800dc6713e341c455d204e2f80911f8,503caabedbb0f78a54efdd5b3819abf67800dc6713e341c455d204e2f80911f8,310,13,11,58,
1.0,versemap-reference-d9969e023145ab13,henry-wadsworth-longfellow,Henry Wadsworth Longfellow,henry-wadsworth-longfellow-a2cbbd8f4a907b04,The Windmill,Henry Wadsworth Longfellow/The Windmill.txt,914,ac943aff503d87f3bfc6a851f30b111cd61799244997d57b14871115c0a91074,ac943aff503d87f3bfc6a851f30b111cd61799244997d57b14871115c0a91074,914,35,30,180,
1.0,versemap-reference-d9969e023145ab13,henry-wadsworth-longfellow,Henry Wadsworth Longfellow,henry-wadsworth-longfellow-12fcd8fde8d67536,The Wine of Jurançon,Henry Wadsworth Longfellow/The Wine of Jurançon.txt,732,d3100b3358676a30166b5c7890c134e24cc7e54d9644fcd5600af42d86a5e021,d3100b3358676a30166b5c7890c134e24cc7e54d9644fcd5600af42d86a5e021,730,26,21,132,
1.0,versemap-reference-d9969e023145ab13,henry-wadsworth-longfellow,Henry Wadsworth Longfellow,henry-wadsworth-longfellow-6bfe6747e96c6d7e,The Witnesses,Henry Wadsworth Longfellow/The Witnesses.txt,968,6949e160b73f9ddbc93b2ccb9adcaa030ff3d84cb5269fd9803d1fd8c8a4dc56,6949e160b73f9ddbc93b2ccb9adcaa030ff3d84cb5269fd9803d1fd8c8a4dc56,968,39,32,157,
1.0,versemap-reference-d9969e023145ab13,henry-wadsworth-longfellow,Henry Wadsworth Longfellow,henry-wadsworth-longfellow-66e574808528e022,The Wreck of the Hesperus,Henry Wadsworth Longfellow/The Wreck of the Hesperus.txt,3195,91ea1486e1575bfde88fc59124e45b681b6bb9e9561e6a858660eadf394ea832,91ea1486e1575bfde88fc59124e45b681b6bb9e9561e6a858660eadf394ea832,3195,109,88,580,
1.0,versemap-reference-d9969e023145ab13,henry-wadsworth-longfellow,Henry Wadsworth Longfellow,henry-wadsworth-longfellow-9fe712e5055f2195,To a Child,Henry Wadsworth Longfellow/To a Child.txt,6393,44e0dd9cdcb80da8b6d5c103c7569ba3e5a39e2799264ebc5dddf52669228888,44e0dd9cdcb80da8b6d5c103c7569ba3e5a39e2799264ebc5dddf52669228888,6393,201,191,1113,
1.0,versemap-reference-d9969e023145ab13,henry-wadsworth-longfellow,Henry Wadsworth Longfellow,henry-wadsworth-longfellow-47735b8019575c88,To an Old Danish Song-Book,Henry Wadsworth Longfellow/To an Old Danish Song-Book.txt,1753,73b6f040a4f6bb926a15a7f224dab93dc55a7cf59ecf95d95e02c086ee47331b,73b6f040a4f6bb926a15a7f224dab93dc55a7cf59ecf95d95e02c086ee47331b,1753,79,64,286,
1.0,versemap-reference-d9969e023145ab13,henry-wadsworth-longfellow,Henry Wadsworth Longfellow,henry-wadsworth-longfellow-26b544ac66212b83,To Cardinal Richelieu,Henry Wadsworth Longfellow/To Cardinal Richelieu.txt,691,7e508fdf3496f01fd288056723f4b2dec1b50eb97924c2918d678e2514c11f16,7e508fdf3496f01fd288056723f4b2dec1b50eb97924c2918d678e2514c11f16,691,23,21,115,
1.0,versemap-reference-d9969e023145ab13,henry-wadsworth-longfellow,Henry Wadsworth Longfellow,henry-wadsworth-longfellow-efb798831831ae8a,To Italy,Henry Wadsworth Longfellow/To Italy.txt,656,f25fc651c09d90a0093dc77fb87499492b5bcdeb7935ae8992dcdece6114c748,f25fc651c09d90a0093dc77fb87499492b5bcdeb7935ae8992dcdece6114c748,656,16,15,111,
1.0,versemap-reference-d9969e023145ab13,henry-wadsworth-longfellow,Henry Wadsworth Longfellow,henry-wadsworth-longfellow-202c5e958ea4c831,To my Brooklet,Henry Wadsworth Longfellow/To my Brooklet.txt,720,5b07873292e41251cffe874be565c15b3d96ef92ad7e48242fe044b03718d238,5b07873292e41251cffe874be565c15b3d96ef92ad7e48242fe044b03718d238,720,26,21,127,
1.0,versemap-reference-d9969e023145ab13,henry-wadsworth-longfellow,Henry Wadsworth Longfellow,henry-wadsworth-longfellow-e5b518a40c1ad2d1,To the Avon,Henry Wadsworth Longfellow/To the Avon.txt,702,9f4d27e7adcbc155176db28b612c90ff965a852abcc5f68e4dce4bd155dd3bb7,9f4d27e7adcbc155176db28b612c90ff965a852abcc5f68e4dce4bd155dd3bb7,702,24,20,130,
1.0,versemap-reference-d9969e023145ab13,henry-wadsworth-longfellow,Henry Wadsworth Longfellow,henry-wadsworth-longfellow-d9d161f89b4c4d14,To the Driving Cloud,Henry Wadsworth Longfellow/To the Driving Cloud.txt,2319,ef71ed4adc923af1e8022345a14b83e357e6889d71f6c36902641c1215193793,ef71ed4adc923af1e8022345a14b83e357e6889d71f6c36902641c1215193793,2319,40,36,417,
1.0,versemap-reference-d9969e023145ab13,henry-wadsworth-longfellow,Henry Wadsworth Longfellow,henry-wadsworth-longfellow-1bf4c66ec96e1d1b,To the River Charles,Henry Wadsworth Longfellow/To the River Charles.txt,1354,e4b0de9c8047b1d6355271633205f503d5ded8ec4ef7b8f6bf44be5ba3c02b60,e4b0de9c8047b1d6355271633205f503d5ded8ec4ef7b8f6bf44be5ba3c02b60,1354,49,40,243,
1.0,versemap-reference-d9969e023145ab13,henry-wadsworth-longfellow,Henry Wadsworth Longfellow,henry-wadsworth-longfellow-b2ee127d50b7225f,To the Stork,Henry Wadsworth Longfellow/To the Stork.txt,889,7597e60a8b17d41151dc445388427a99e65c9e9a9f52bb930b1ac9bbe6d0c13b,7597e60a8b17d41151dc445388427a99e65c9e9a9f52bb930b1ac9bbe6d0c13b,889,36,29,161,
1.0,versemap-reference-d9969e023145ab13,henry-wadsworth-longfellow,Henry Wadsworth Longfellow,henry-wadsworth-longfellow-48950d92ecddeeb0,To William E. Channing,Henry Wadsworth Longfellow/To William E. Channing.txt,633,5127a0d06b2da09220846e20dff48f2ed1ce36ca78feb3d106500dc7475563dd,5127a0d06b2da09220846e20dff48f2ed1ce36ca78feb3d106500dc7475563dd,633,24,20,112,
1.0,versemap-reference-d9969e023145ab13,henry-wadsworth-longfellow,Henry Wadsworth Longfellow,henry-wadsworth-longfellow-6df557f23077a2d9,Twilight,Henry Wadsworth Longfellow/Twilight.txt,775,2bbb2078193055c155261a837a8083114bdd045dd8ef7e86cd843f534bd2313c,2bbb2078193055c155261a837a8083114bdd045dd8ef7e86cd843f534bd2313c,775,29,24,141,
1.0,versemap-reference-d9969e023145ab13,henry-wadsworth-longfellow,Henry Wadsworth Longfellow,henry-wadsworth-longfellow-9250d3551657d330,V. The Brook,Henry Wadsworth Longfellow/V. The Brook.txt,698,a966037ba17840a37e73d6e4513589a7e3a9b103f0cf02146d4779b4b3aeeabf,a966037ba17840a37e73d6e4513589a7e3a9b103f0cf02146d4779b4b3aeeabf,698,20,17,117,
1.0,versemap-reference-d9969e023145ab13,henry-wadsworth-longfellow,Henry Wadsworth Longfellow,henry-wadsworth-longfellow-bbde8ac6a04e4d5c,V. To Vittoria Colonna,Henry Wadsworth Longfellow/V. To Vittoria Colonna.txt,616,53374c43851d095815c980a466a166050799994115ff341e32b25fba989462af,53374c43851d095815c980a466a166050799994115ff341e32b25fba989462af,616,16,15,119,
1.0,versemap-reference-d9969e023145ab13,henry-wadsworth-longfellow,Henry Wadsworth Longfellow,henry-wadsworth-longfellow-9439ac899e89890d,VI. To Vittoria Colonna,Henry Wadsworth Longfellow/VI. To Vittoria Colonna.txt,658,999b3fd3b702418f56e681c74c9d17cdde0448f6e2a384055f5f261b7a873afe,999b3fd3b702418f56e681c74c9d17cdde0448f6e2a384055f5f261b7a873afe,658,16,15,113,
1.0,versemap-reference-d9969e023145ab13,henry-wadsworth-longfellow,Henry Wadsworth Longfellow,henry-wadsworth-longfellow-3f4fcaef9865c827,Victor and Vanquished,Henry Wadsworth Longfellow/Victor and Vanquished.txt,621,aca0355f9696f4d2e1da520554a7289d37a9693954fa6a320542d526e7ed2972,aca0355f9696f4d2e1da520554a7289d37a9693954fa6a320542d526e7ed2972,621,14,14,115,
1.0,versemap-reference-d9969e023145ab13,henry-wadsworth-longfellow,Henry Wadsworth Longfellow,henry-wadsworth-longfellow-d51410a99f804658,Victor Galbraith,Henry Wadsworth Longfellow/Victor Galbraith.txt,1643,1881071035ff29311e131425706e38e3d4202a47912375b08a1a7e0719128724,1881071035ff29311e131425706e38e3d4202a47912375b08a1a7e0719128724,1643,55,49,278,
1.0,versemap-reference-d9969e023145ab13,henry-wadsworth-longfellow,Henry Wadsworth Longfellow,henry-wadsworth-longfellow-1c9dfe93bc75b5a9,Vida de San Millan,Henry Wadsworth Longfellow/Vida de San Millan.txt,2503,f91254d30b31b1253f6ca0de68530be1330517cd7bfd2233443be3547fba08d5,f91254d30b31b1253f6ca0de68530be1330517cd7bfd2233443be3547fba08d5,2503,53,42,431,
1.0,versemap-reference-d9969e023145ab13,henry-wadsworth-longfellow,Henry Wadsworth Longfellow,henry-wadsworth-longfellow-f518abb46d09ebc0,VII. Dante,Henry Wadsworth Longfellow/VII. Dante.txt,641,f08f2908a81b60436c3fb533ce75310af508b43b0810415ad293102498560958,f08f2908a81b60436c3fb533ce75310af508b43b0810415ad293102498560958,641,16,15,111,
1.0,versemap-reference-d9969e023145ab13,henry-wadsworth-longfellow,Henry Wadsworth Longfellow,henry-wadsworth-longfellow-30a4ebb1196cc756,VIII. Canzone,Henry Wadsworth Longfellow/VIII. Canzone.txt,460,bfb1c68e4be204a20d1c0a0a4ec105de2d895c594fc08c03eff0302dbb9e3123,bfb1c68e4be204a20d1c0a0a4ec105de2d895c594fc08c03eff0302dbb9e3123,460,13,12,87,
1.0,versemap-reference-d9969e023145ab13,henry-wadsworth-longfellow,Henry Wadsworth Longfellow,henry-wadsworth-longfellow-a33fe30934ec1df6,Virgils First Eclogue,Henry Wadsworth Longfellow/Virgils First Eclogue.txt,5113,edadfe4683cb51e4e89ce7e87f74ca9240def68d65381611ae53c1c47427fc5e,edadfe4683cb51e4e89ce7e87f74ca9240def68d65381611ae53c1c47427fc5e,5113,107,96,884,
1.0,versemap-reference-d9969e023145ab13,henry-wadsworth-longfellow,Henry Wadsworth Longfellow,henry-wadsworth-longfellow-db8897a23a646a2f,Vox Populi,Henry Wadsworth Longfellow/Vox Populi.txt,354,60b078f8521b40d78e59b340f33fa4537cc6af0131081f31d75e248842dda6bb,60b078f8521b40d78e59b340f33fa4537cc6af0131081f31d75e248842dda6bb,354,14,12,56,
1.0,versemap-reference-d9969e023145ab13,henry-wadsworth-longfellow,Henry Wadsworth Longfellow,henry-wadsworth-longfellow-0f7c784464ea6eaa,Walter von der Vogelweid,Henry Wadsworth Longfellow/Walter von der Vogelweid.txt,1763,d331f723af5c9115eae3215e4499ed460f2bd20beef5734be1b91bb36bce4750,d331f723af5c9115eae3215e4499ed460f2bd20beef5734be1b91bb36bce4750,1763,64,52,294,
1.0,versemap-reference-d9969e023145ab13,henry-wadsworth-longfellow,Henry Wadsworth Longfellow,henry-wadsworth-longfellow-7b4dd0f2c82d84c3,Wanderer’s Night-Songs,Henry Wadsworth Longfellow/Wanderer’s Night-Songs.txt,437,33033fb29247d52009452ff9d38f49a772d3ab7688cae32e622017ad7ab8e3b1,33033fb29247d52009452ff9d38f49a772d3ab7688cae32e622017ad7ab8e3b1,437,23,19,76,
1.0,versemap-reference-d9969e023145ab13,henry-wadsworth-longfellow,Henry Wadsworth Longfellow,henry-wadsworth-longfellow-bd900b75ea31a6f8,Weariness,Henry Wadsworth Longfellow/Weariness.txt,872,9d8e105b677d1acb9514b1ff58e873b9dafed773df650c852833771895ede383,9d8e105b677d1acb9514b1ff58e873b9dafed773df650c852833771895ede383,872,27,24,156,
1.0,versemap-reference-d9969e023145ab13,henry-wadsworth-longfellow,Henry Wadsworth Longfellow,henry-wadsworth-longfellow-c370440566fd7a37,Whither,Henry Wadsworth Longfellow/Whither.txt,747,7b24b586b6167951bc848d6e81b483c7b175e66e76b4c89df8d88b21203c6461,7b24b586b6167951bc848d6e81b483c7b175e66e76b4c89df8d88b21203c6461,747,31,25,130,
1.0,versemap-reference-d9969e023145ab13,henry-wadsworth-longfellow,Henry Wadsworth Longfellow,henry-wadsworth-longfellow-fa54cf950daabd9c,Will ever the dear days come back again,Henry Wadsworth Longfellow/Will ever the dear days come back again.txt,613,5e18d9fae27b7ab72aff9d9df1ef324e6b5ab41876605f2b1564dc14f6c17037,5e18d9fae27b7ab72aff9d9df1ef324e6b5ab41876605f2b1564dc14f6c17037,613,14,14,110,
1.0,versemap-reference-d9969e023145ab13,henry-wadsworth-longfellow,Henry Wadsworth Longfellow,henry-wadsworth-longfellow-9f95e71cc14cac7f,Woods in Winter,Henry Wadsworth Longfellow/Woods in Winter.txt,1041,1c42f67b2e9f33fcfd7ce91f6be0c1fe5e25836a5b4871e4b9f892159a8d99bd,1c42f67b2e9f33fcfd7ce91f6be0c1fe5e25836a5b4871e4b9f892159a8d99bd,1041,34,28,176,
1.0,versemap-reference-d9969e023145ab13,henry-wadsworth-longfellow,Henry Wadsworth Longfellow,henry-wadsworth-longfellow-cec6bf9c339563bf,“Neglected record of a mind neglected”,Henry Wadsworth Longfellow/“Neglected record of a mind neglected”.txt,325,19ce40ba0e27780f209870c8380b7915d7e5beea4b6f975876ad6bd2dc6e6d82,19ce40ba0e27780f209870c8380b7915d7e5beea4b6f975876ad6bd2dc6e6d82,325,9,8,57,
1.0,versemap-reference-d9969e023145ab13,henry-wadsworth-longfellow,Henry Wadsworth Longfellow,henry-wadsworth-longfellow-f7db06232075b6df,"“O Faithful, indefatigable tides”","Henry Wadsworth Longfellow/“O Faithful, indefatigable tides”.txt",591,e487abc2d63bfbd459f42b298df47bb719d39db4b6dfe65e89b6733de1ef0693,e487abc2d63bfbd459f42b298df47bb719d39db4b6dfe65e89b6733de1ef0693,591,16,15,96,
1.0,versemap-reference-d9969e023145ab13,henry-wadsworth-longfellow,Henry Wadsworth Longfellow,henry-wadsworth-longfellow-7cddeb1f8941d763,“So from the bosom of darkness”,Henry Wadsworth Longfellow/“So from the bosom of darkness”.txt,178,093e78e8651a8417a90e58a2255d3811b6443ef199d4205cd41510b7ce26bb35,093e78e8651a8417a90e58a2255d3811b6443ef199d4205cd41510b7ce26bb35,178,3,3,32,suspiciously_short
1.0,versemap-reference-d9969e023145ab13,henry-wadsworth-longfellow,Henry Wadsworth Longfellow,henry-wadsworth-longfellow-3cf25355c446a93c,“Soft through the silent air”,Henry Wadsworth Longfellow/“Soft through the silent air”.txt,293,d8dc3c5a5bbad703ed90bd2e2989cfb38c013171436918428bbdefdb4ef484cc,d8dc3c5a5bbad703ed90bd2e2989cfb38c013171436918428bbdefdb4ef484cc,293,8,6,50,
1.0,versemap-reference-d9969e023145ab13,paul-laurence-dunbar,Paul Laurence Dunbar,paul-laurence-dunbar-22670e79914164e1,'Long To'ds Night,Paul Laurence Dunbar/'Long To'ds Night.txt,1466,d5f50da623085cbab4e22326d59f0ac3602fd81cabfd0dbbe73c95f23f4dcaac,d5f50da623085cbab4e22326d59f0ac3602fd81cabfd0dbbe73c95f23f4dcaac,1466,43,40,255,
1.0,versemap-reference-d9969e023145ab13,paul-laurence-dunbar,Paul Laurence Dunbar,paul-laurence-dunbar-04588fcf24e50b55,A Back-Log Song,Paul Laurence Dunbar/A Back-Log Song.txt,1734,a2b343cd7cf11be0413b8a7c142c4a545e6e54d889ecdb32aa9bd5cc1a7597c1,a2b343cd7cf11be0413b8a7c142c4a545e6e54d889ecdb32aa9bd5cc1a7597c1,1734,35,32,345,
1.0,versemap-reference-d9969e023145ab13,paul-laurence-dunbar,Paul Laurence Dunbar,paul-laurence-dunbar-f9e823e4fb42a65f,A Banjo Song,Paul Laurence Dunbar/A Banjo Song.txt,2044,f6b4725aa73a942d56f7b0bdf66fb00d252cb8454a55cc0cc9641c20e4ea2bf1,f6b4725aa73a942d56f7b0bdf66fb00d252cb8454a55cc0cc9641c20e4ea2bf1,2044,71,64,397,
1.0,versemap-reference-d9969e023145ab13,paul-laurence-dunbar,Paul Laurence Dunbar,paul-laurence-dunbar-272c4f3dbc56f810,A Border Ballad,Paul Laurence Dunbar/A Border Ballad.txt,1004,f1d26747c64de4c1f74829bec223b2af4c140bef7e3e20e405a35a4271694249,f1d26747c64de4c1f74829bec223b2af4c140bef7e3e20e405a35a4271694249,1004,26,24,200,
1.0,versemap-reference-d9969e023145ab13,paul-laurence-dunbar,Paul Laurence Dunbar,paul-laurence-dunbar-8fbd7f5a7572cbc8,A Boy's Summer Song,Paul Laurence Dunbar/A Boy's Summer Song.txt,632,0c2ad4e5ce7992739b01132b5e0542eb894a53d8058af4ffe4ab4ff2aa3f4c46,0c2ad4e5ce7992739b01132b5e0542eb894a53d8058af4ffe4ab4ff2aa3f4c46,632,27,26,120,
1.0,versemap-reference-d9969e023145ab13,paul-laurence-dunbar,Paul Laurence Dunbar,paul-laurence-dunbar-8b3424168aa4bf09,A Bridal Measure,Paul Laurence Dunbar/A Bridal Measure.txt,948,e8a373f6b257bea5b8f34ff7b8b491adebd1e9df12caac99a7271fe0bb211830,e8a373f6b257bea5b8f34ff7b8b491adebd1e9df12caac99a7271fe0bb211830,948,34,28,167,
1.0,versemap-reference-d9969e023145ab13,paul-laurence-dunbar,Paul Laurence Dunbar,paul-laurence-dunbar-51253c4847ebfbc9,A Cabin Tale,Paul Laurence Dunbar/A Cabin Tale.txt,3448,b71312512cb15558c4d1a5988c16c859213d3d0745dee5035fc639f25c15a4b0,b71312512cb15558c4d1a5988c16c859213d3d0745dee5035fc639f25c15a4b0,3448,115,112,721,
1.0,versemap-reference-d9969e023145ab13,paul-laurence-dunbar,Paul Laurence Dunbar,paul-laurence-dunbar-fffa99db3142f2c0,A Career,Paul Laurence Dunbar/A Career.txt,941,2a5aca2a4d880bd657db8f369d61843dfdf3e9c7414afa501cff670679da2526,2a5aca2a4d880bd657db8f369d61843dfdf3e9c7414afa501cff670679da2526,941,27,26,176,
1.0,versemap-reference-d9969e023145ab13,paul-laurence-dunbar,Paul Laurence Dunbar,paul-laurence-dunbar-9f1ac1a4c435ad0a,A Choice,Paul Laurence Dunbar/A Choice.txt,280,6670e6ee3ee65669b93bac4c994597345755afcf6b600a20612ae45bc49b1500,6670e6ee3ee65669b93bac4c994597345755afcf6b600a20612ae45bc49b1500,280,8,8,52,
1.0,versemap-reference-d9969e023145ab13,paul-laurence-dunbar,Paul Laurence Dunbar,paul-laurence-dunbar-bb6e6489a91bbf71,A Christmas Folksong,Paul Laurence Dunbar/A Christmas Folksong.txt,1464,4d472725a2beb14b7916afcd1c0bb74bc2963fd8b17f84e449165a81cf7d5e9a,4d472725a2beb14b7916afcd1c0bb74bc2963fd8b17f84e449165a81cf7d5e9a,1464,51,48,268,
1.0,versemap-reference-d9969e023145ab13,paul-laurence-dunbar,Paul Laurence Dunbar,paul-laurence-dunbar-d0d4fa6ba0278b0e,A Confidence,Paul Laurence Dunbar/A Confidence.txt,2791,345814c2216c9006a8a4214c33fc026ae674be619be3f8abe25f739739f09286,345814c2216c9006a8a4214c33fc026ae674be619be3f8abe25f739739f09286,2791,90,90,579,
1.0,versemap-reference-d9969e023145ab13,paul-laurence-dunbar,Paul Laurence Dunbar,paul-laurence-dunbar-647238f44ebd4b0b,A Coquette Conquered,Paul Laurence Dunbar/A Coquette Conquered.txt,765,fc7b09149aad64eb5dd3f24e6b97f7c86f76b4f468509292bd4249086afbc5a2,fc7b09149aad64eb5dd3f24e6b97f7c86f76b4f468509292bd4249086afbc5a2,765,29,24,156,
1.0,versemap-reference-d9969e023145ab13,paul-laurence-dunbar,Paul Laurence Dunbar,paul-laurence-dunbar-26a7ef92c63559a5,A Corn-Song,Paul Laurence Dunbar/A Corn-Song.txt,1244,f7e85b9e2a0092ea0d2ac00df4f0b744dafda6105e5ba7b6e45c51253b61155f,f7e85b9e2a0092ea0d2ac00df4f0b744dafda6105e5ba7b6e45c51253b61155f,1244,47,40,226,
1.0,versemap-reference-d9969e023145ab13,paul-laurence-dunbar,Paul Laurence Dunbar,paul-laurence-dunbar-58c13b6ea129bd1f,A Death Song,Paul Laurence Dunbar/A Death Song.txt,597,92f56d740f1192c58828d315099c887cc53459aec38ce3bff36bc87908e4047d,92f56d740f1192c58828d315099c887cc53459aec38ce3bff36bc87908e4047d,597,17,15,121,
1.0,versemap-reference-d9969e023145ab13,paul-laurence-dunbar,Paul Laurence Dunbar,paul-laurence-dunbar-3153369720589992,A Drowsy Day,Paul Laurence Dunbar/A Drowsy Day.txt,1086,048fecc587b24f92a089eaace99ab5c2c2a88f935c6e1c2bf0baa366e50ca21c,048fecc587b24f92a089eaace99ab5c2c2a88f935c6e1c2bf0baa366e50ca21c,1086,34,30,193,
1.0,versemap-reference-d9969e023145ab13,paul-laurence-dunbar,Paul Laurence Dunbar,paul-laurence-dunbar-47625d98df13f895,A Florida Night,Paul Laurence Dunbar/A Florida Night.txt,994,51cf371ed88c1e17e0386521e73636bc8d00c444d4eb13d385f6a50fe3636f56,51cf371ed88c1e17e0386521e73636bc8d00c444d4eb13d385f6a50fe3636f56,994,26,24,181,
1.0,versemap-reference-d9969e023145ab13,paul-laurence-dunbar,Paul Laurence Dunbar,paul-laurence-dunbar-3b8548c6c856df77,A Frolic,Paul Laurence Dunbar/A Frolic.txt,659,85df7f3822aa72ea966003383c524c8b9165eceb74d05bd60065267340dcec39,85df7f3822aa72ea966003383c524c8b9165eceb74d05bd60065267340dcec39,659,26,24,123,
1.0,versemap-reference-d9969e023145ab13,paul-laurence-dunbar,Paul Laurence Dunbar,paul-laurence-dunbar-7449208c21014274,A Golden Day,Paul Laurence Dunbar/A Golden Day.txt,338,083b94e15e5cdb05077fb803dbd5d1f75f94caed1bd56359b527f168d12f6d9f,083b94e15e5cdb05077fb803dbd5d1f75f94caed1bd56359b527f168d12f6d9f,338,14,12,70,
1.0,versemap-reference-d9969e023145ab13,paul-laurence-dunbar,Paul Laurence Dunbar,paul-laurence-dunbar-0df6818970b52fb9,A Grievance,Paul Laurence Dunbar/A Grievance.txt,968,d44f046531ecac4f6168d5e4538d397983f532d1c16fad7820152a2cedf9a5e9,d44f046531ecac4f6168d5e4538d397983f532d1c16fad7820152a2cedf9a5e9,968,44,40,191,
1.0,versemap-reference-d9969e023145ab13,paul-laurence-dunbar,Paul Laurence Dunbar,paul-laurence-dunbar-3c8589815ddfbcc4,A Hymn,Paul Laurence Dunbar/A Hymn.txt,547,073a193c8f4ccd1319aa5c2969a8472244bcb6c2c7eecabae67affb5a738190b,073a193c8f4ccd1319aa5c2969a8472244bcb6c2c7eecabae67affb5a738190b,547,24,20,100,
1.0,versemap-reference-d9969e023145ab13,paul-laurence-dunbar,Paul Laurence Dunbar,paul-laurence-dunbar-9ff720039cd4a797,A Lazy Day,Paul Laurence Dunbar/A Lazy Day.txt,640,07283fe2d98a48316163e1cba3cd3ba8e9bae3b0f5bae7b3dd41acf8a69f107c,07283fe2d98a48316163e1cba3cd3ba8e9bae3b0f5bae7b3dd41acf8a69f107c,640,19,17,115,
1.0,versemap-reference-d9969e023145ab13,paul-laurence-dunbar,Paul Laurence Dunbar,paul-laurence-dunbar-0550ce7c50af1301,A Letter,Paul Laurence Dunbar/A Letter.txt,2670,143b698feff4bdf86544a829d3d167868d264bc9442837b3de3459a0f1a8b2e3,143b698feff4bdf86544a829d3d167868d264bc9442837b3de3459a0f1a8b2e3,2670,43,42,548,
1.0,versemap-reference-d9969e023145ab13,paul-laurence-dunbar,Paul Laurence Dunbar,paul-laurence-dunbar-b9c20ec8c9b1d183,A Little Christmas Basket,Paul Laurence Dunbar/A Little Christmas Basket.txt,1269,408e569ea61b96cf47ed0a3e4323b650c7e8a40c4172978cad47a34990d80cff,408e569ea61b96cf47ed0a3e4323b650c7e8a40c4172978cad47a34990d80cff,1269,26,24,256,
1.0,versemap-reference-d9969e023145ab13,paul-laurence-dunbar,Paul Laurence Dunbar,paul-laurence-dunbar-b2c47076328ceadf,A Lost Dream,Paul Laurence Dunbar/A Lost Dream.txt,1672,950000107d4a3667998d305fcb0fcd5fbfdc2a66f3a0ba67e1c0f61995f7cc0e,950000107d4a3667998d305fcb0fcd5fbfdc2a66f3a0ba67e1c0f61995f7cc0e,1672,59,48,312,
1.0,versemap-reference-d9969e023145ab13,paul-laurence-dunbar,Paul Laurence Dunbar,paul-laurence-dunbar-8911371dd7cb65e4,A Love Letter,Paul Laurence Dunbar/A Love Letter.txt,1038,9f11585f7c795d91c445ea8615dfbd2d4bbd7bc5e1784db4d1d8304d7b5321d8,9f11585f7c795d91c445ea8615dfbd2d4bbd7bc5e1784db4d1d8304d7b5321d8,1038,26,24,220,
1.0,versemap-reference-d9969e023145ab13,paul-laurence-dunbar,Paul Laurence Dunbar,paul-laurence-dunbar-bda63c72172fdc65,A Love Song,Paul Laurence Dunbar/A Love Song.txt,612,5467d0c389575c8e59ace3a26ab5f214b36fce76bc116b9dea1812ef0b0ddf3f,5467d0c389575c8e59ace3a26ab5f214b36fce76bc116b9dea1812ef0b0ddf3f,612,18,16,128,
1.0,versemap-reference-d9969e023145ab13,paul-laurence-dunbar,Paul Laurence Dunbar,paul-laurence-dunbar-e365949f7a955dc8,A Lyric,Paul Laurence Dunbar/A Lyric.txt,862,279bf06df9bc57063f5cceae2786007abe525839f3ab83ca4994fb60e22e7593,279bf06df9bc57063f5cceae2786007abe525839f3ab83ca4994fb60e22e7593,862,29,24,175,
1.0,versemap-reference-d9969e023145ab13,paul-laurence-dunbar,Paul Laurence Dunbar,paul-laurence-dunbar-573865030526d956,A Madrigal,Paul Laurence Dunbar/A Madrigal.txt,834,353608478e6fff16733346a9b739fa5a717d30f10e8e3d361527fd52cf598a50,353608478e6fff16733346a9b739fa5a717d30f10e8e3d361527fd52cf598a50,834,27,24,156,
1.0,versemap-reference-d9969e023145ab13,paul-laurence-dunbar,Paul Laurence Dunbar,paul-laurence-dunbar-4ce2f4eda2e507e2,A Misty Day,Paul Laurence Dunbar/A Misty Day.txt,634,4f8957da576276b45504340d4a66d4c98e0c92087ae2af6fb63b4e60e72439fe,4f8957da576276b45504340d4a66d4c98e0c92087ae2af6fb63b4e60e72439fe,634,17,16,122,
1.0,versemap-reference-d9969e023145ab13,paul-laurence-dunbar,Paul Laurence Dunbar,paul-laurence-dunbar-50d633e611fb7d02,A Musical,Paul Laurence Dunbar/A Musical.txt,231,47a74d9299b15f01758ceb1c1c1298571a9f2be4434b691d3e17f61a3b010854,47a74d9299b15f01758ceb1c1c1298571a9f2be4434b691d3e17f61a3b010854,231,9,8,43,
1.0,versemap-reference-d9969e023145ab13,paul-laurence-dunbar,Paul Laurence Dunbar,paul-laurence-dunbar-7872a2db9c394964,A Negro Love Song,Paul Laurence Dunbar/A Negro Love Song.txt,742,1556743553e8317a2d9d62e6fa0dfaeef2b068229aded52e55c45e50190e6936,1556743553e8317a2d9d62e6fa0dfaeef2b068229aded52e55c45e50190e6936,742,26,24,140,
1.0,versemap-reference-d9969e023145ab13,paul-laurence-dunbar,Paul Laurence Dunbar,paul-laurence-dunbar-1ccc999d3da0ae44,A Plantation Melody,Paul Laurence Dunbar/A Plantation Melody.txt,800,0cb3123292ebbf3e6494653ab8ec7268cc51da1619bdad44ace4d72cf72c9820,0cb3123292ebbf3e6494653ab8ec7268cc51da1619bdad44ace4d72cf72c9820,800,27,24,156,
1.0,versemap-reference-d9969e023145ab13,paul-laurence-dunbar,Paul Laurence Dunbar,paul-laurence-dunbar-8dad0e0a0281118a,A Plantation Portrait,Paul Laurence Dunbar/A Plantation Portrait.txt,932,21412df6d19196741dd74a642fc55ad71191342a83dcab730c2e61270402f63d,21412df6d19196741dd74a642fc55ad71191342a83dcab730c2e61270402f63d,932,44,40,178,
1.0,versemap-reference-d9969e023145ab13,paul-laurence-dunbar,Paul Laurence Dunbar,paul-laurence-dunbar-d11ad150f9341c74,A Plea,Paul Laurence Dunbar/A Plea.txt,617,3f9a246d9d3cf6acabdb630bdc1f3d5fc9aeb4ae744e36a39609eed2d9a6fe91,3f9a246d9d3cf6acabdb630bdc1f3d5fc9aeb4ae744e36a39609eed2d9a6fe91,617,26,24,116,
1.0,versemap-reference-d9969e023145ab13,paul-laurence-dunbar,Paul Laurence Dunbar,paul-laurence-dunbar-1021098664b9210e,A Prayer,Paul Laurence Dunbar/A Prayer.txt,338,c60d338b855427ed7848c1f4456eb99653d61952880f034b9c67288638026203,c60d338b855427ed7848c1f4456eb99653d61952880f034b9c67288638026203,338,14,12,60,
1.0,versemap-reference-d9969e023145ab13,paul-laurence-dunbar,Paul Laurence Dunbar,paul-laurence-dunbar-dc9637166596f06b,A Preference,Paul Laurence Dunbar/A Preference.txt,864,a7e4b1cefe0931d5ea0086d61fa0852f5d7f7f1e8984b4c6ef10c804c16d9ebe,a7e4b1cefe0931d5ea0086d61fa0852f5d7f7f1e8984b4c6ef10c804c16d9ebe,864,29,25,159,
1.0,versemap-reference-d9969e023145ab13,paul-laurence-dunbar,Paul Laurence Dunbar,paul-laurence-dunbar-c8f7213738c9645a,A Roadway,Paul Laurence Dunbar/A Roadway.txt,355,b977f67be8f11bd03f7768fc6b255f4623fa8727a08fec223e55926b6aa039f2,b977f67be8f11bd03f7768fc6b255f4623fa8727a08fec223e55926b6aa039f2,355,8,8,65,
1.0,versemap-reference-d9969e023145ab13,paul-laurence-dunbar,Paul Laurence Dunbar,paul-laurence-dunbar-53d6f5612c83c96a,A Sailor's Song,Paul Laurence Dunbar/A Sailor's Song.txt,894,874cd6dfb1e3b5f276262e7d0fcd365eb82d963e1c40c6786b29110da9bad3e7,874cd6dfb1e3b5f276262e7d0fcd365eb82d963e1c40c6786b29110da9bad3e7,894,27,24,186,
1.0,versemap-reference-d9969e023145ab13,paul-laurence-dunbar,Paul Laurence Dunbar,paul-laurence-dunbar-d2163a831ad144d6,"A Song - On a summer's day as I sat by a stream,","Paul Laurence Dunbar/A Song - On a summer's day as I sat by a stream,.txt",559,000479b86dc8b237b4c881b4f9a3a7cbc9a938df9cdc39fe6d5962ac37b177e8,000479b86dc8b237b4c881b4f9a3a7cbc9a938df9cdc39fe6d5962ac37b177e8,559,17,15,119,
1.0,versemap-reference-d9969e023145ab13,paul-laurence-dunbar,Paul Laurence Dunbar,paul-laurence-dunbar-880c503e31e0d75b,"A Song - Thou art the soul of a summer's day,","Paul Laurence Dunbar/A Song - Thou art the soul of a summer's day,.txt",487,f746f5c5f2e8e02cb259b6e7dcda7eba3848ce9b15508cb2f2e0644d5b7ffab9,f746f5c5f2e8e02cb259b6e7dcda7eba3848ce9b15508cb2f2e0644d5b7ffab9,487,17,15,95,
1.0,versemap-reference-d9969e023145ab13,paul-laurence-dunbar,Paul Laurence Dunbar,paul-laurence-dunbar-488f7b6f71739bdd,A Spiritual,Paul Laurence Dunbar/A Spiritual.txt,882,a88481dda5fede646ca110b3075be0308be0cc8333edfbfa8154a4bcb8bd986c,a88481dda5fede646ca110b3075be0308be0cc8333edfbfa8154a4bcb8bd986c,882,27,22,180,
1.0,versemap-reference-d9969e023145ab13,paul-laurence-dunbar,Paul Laurence Dunbar,paul-laurence-dunbar-418ae03b503bbb57,A Spring Wooing,Paul Laurence Dunbar/A Spring Wooing.txt,1738,7559f23e83cc7554224e89d4f94d1cd72d9f882013fc7d338ce1a8fdbb1476ad,7559f23e83cc7554224e89d4f94d1cd72d9f882013fc7d338ce1a8fdbb1476ad,1738,35,32,342,
1.0,versemap-reference-d9969e023145ab13,paul-laurence-dunbar,Paul Laurence Dunbar,paul-laurence-dunbar-4dd3cb3592dfd6fa,A Starry Night,Paul Laurence Dunbar/A Starry Night.txt,270,c1901618c22caf1487159f8af5d3be294466b2d9c3d2c8fe18f26843bf9b0d2f,c1901618c22caf1487159f8af5d3be294466b2d9c3d2c8fe18f26843bf9b0d2f,270,9,8,50,
1.0,versemap-reference-d9969e023145ab13,paul-laurence-dunbar,Paul Laurence Dunbar,paul-laurence-dunbar-bd217f3508f1719b,A Summer Night,Paul Laurence Dunbar/A Summer Night.txt,859,e28fed99fbeac250ac014e7a15dea19ac4aaafaea1e3a987511db1fb808139c1,e28fed99fbeac250ac014e7a15dea19ac4aaafaea1e3a987511db1fb808139c1,859,35,32,157,
1.0,versemap-reference-d9969e023145ab13,paul-laurence-dunbar,Paul Laurence Dunbar,paul-laurence-dunbar-b20c94d555385a58,A Summer Pastoral,Paul Laurence Dunbar/A Summer Pastoral.txt,2119,53437bec7d7d5cb4ad68c77e1f64db7ee62796eb99f30dafb29164e1897d1012,53437bec7d7d5cb4ad68c77e1f64db7ee62796eb99f30dafb29164e1897d1012,2119,71,64,394,
1.0,versemap-reference-d9969e023145ab13,paul-laurence-dunbar,Paul Laurence Dunbar,paul-laurence-dunbar-754146a30c242f14,A Summer's Night,Paul Laurence Dunbar/A Summer's Night.txt,363,9ec19d56f7e0203a888183db31a21738adb52ef8fddbdb5013a3d419f1da9964,9ec19d56f7e0203a888183db31a21738adb52ef8fddbdb5013a3d419f1da9964,363,8,8,64,
1.0,versemap-reference-d9969e023145ab13,paul-laurence-dunbar,Paul Laurence Dunbar,paul-laurence-dunbar-b8eeebd869762ff2,A Thanksgiving Poem,Paul Laurence Dunbar/A Thanksgiving Poem.txt,1178,69124a66e288726a708aeeaa418127bab4381e763d88336005a01730bca8c611,69124a66e288726a708aeeaa418127bab4381e763d88336005a01730bca8c611,1178,39,32,213,
1.0,versemap-reference-d9969e023145ab13,paul-laurence-dunbar,Paul Laurence Dunbar,paul-laurence-dunbar-2ce3346c5d7197b9,A Warm Day in Winter,Paul Laurence Dunbar/A Warm Day in Winter.txt,811,4f946f0de86c9da3539391b8667a3668880f6a8f70d49bd3ac45318cabc358a7,4f946f0de86c9da3539391b8667a3668880f6a8f70d49bd3ac45318cabc358a7,811,35,32,143,
1.0,versemap-reference-d9969e023145ab13,paul-laurence-dunbar,Paul Laurence Dunbar,paul-laurence-dunbar-a8f521b53c31eb5c,A Winter's Day,Paul Laurence Dunbar/A Winter's Day.txt,622,7eebef73365bd31efa9dd220e4b00878b74c24279def86a95ec59db0d36e9137,7eebef73365bd31efa9dd220e4b00878b74c24279def86a95ec59db0d36e9137,622,14,14,108,
1.0,versemap-reference-d9969e023145ab13,paul-laurence-dunbar,Paul Laurence Dunbar,paul-laurence-dunbar-45ec235170b21b03,Absence,Paul Laurence Dunbar/Absence.txt,1248,2819a4fd56bb8723776126d20dd3104d834e5a1cc87f472589f2369c0810f5fb,2819a4fd56bb8723776126d20dd3104d834e5a1cc87f472589f2369c0810f5fb,1248,31,28,236,
1.0,versemap-reference-d9969e023145ab13,paul-laurence-dunbar,Paul Laurence Dunbar,paul-laurence-dunbar-15608aef25f7f2dc,Accountability,Paul Laurence Dunbar/Accountability.txt,1075,a46ce6742eda7d3ececee506890748a5889697ee1c45b694ee4e5428cd34976e,a46ce6742eda7d3ececee506890748a5889697ee1c45b694ee4e5428cd34976e,1075,19,16,208,
1.0,versemap-reference-d9969e023145ab13,paul-laurence-dunbar,Paul Laurence Dunbar,paul-laurence-dunbar-ccd45ca146adaea5,Advice,Paul Laurence Dunbar/Advice.txt,915,b158b26c0f32494f2e8b1c872e9a035cc2b8dbc69fc94cb91c27a3ee9febc79c,b158b26c0f32494f2e8b1c872e9a035cc2b8dbc69fc94cb91c27a3ee9febc79c,915,38,36,162,
1.0,versemap-reference-d9969e023145ab13,paul-laurence-dunbar,Paul Laurence Dunbar,paul-laurence-dunbar-e486c540aceaf0ca,After a Visit,Paul Laurence Dunbar/After a Visit.txt,1050,ffa4b95b4cc120a71cc5d67866d7bfcb20f713d908c5b32d429e79305455585e,ffa4b95b4cc120a71cc5d67866d7bfcb20f713d908c5b32d429e79305455585e,1050,35,32,207,
1.0,versemap-reference-d9969e023145ab13,paul-laurence-dunbar,Paul Laurence Dunbar,paul-laurence-dunbar-ae1c0a989732ff8d,After Many Days,Paul Laurence Dunbar/After Many Days.txt,626,7d9d4d7b395361db903aa5ba520ef4b9e9c9c6380788ea81830db72af30a6b4d,7d9d4d7b395361db903aa5ba520ef4b9e9c9c6380788ea81830db72af30a6b4d,626,24,20,123,
1.0,versemap-reference-d9969e023145ab13,paul-laurence-dunbar,Paul Laurence Dunbar,paul-laurence-dunbar-3fdc4a8a263c69dc,After the Quarrel,Paul Laurence Dunbar/After the Quarrel.txt,1207,eec60f05db18f4c73e773871f93e2e79162b66cd7fcd730dfbba941b1ef125e5,eec60f05db18f4c73e773871f93e2e79162b66cd7fcd730dfbba941b1ef125e5,1207,35,32,232,
1.0,versemap-reference-d9969e023145ab13,paul-laurence-dunbar,Paul Laurence Dunbar,paul-laurence-dunbar-3d5b78db7659b6b6,After While,Paul Laurence Dunbar/After While.txt,1061,94bc723447a4963f0044405127c81e25af31850de9820b5c8c69b439c1614d80,94bc723447a4963f0044405127c81e25af31850de9820b5c8c69b439c1614d80,1061,32,30,186,
1.0,versemap-reference-d9969e023145ab13,paul-laurence-dunbar,Paul Laurence Dunbar,paul-laurence-dunbar-5a6a060d53932f80,Alexander Crummell--Dead,Paul Laurence Dunbar/Alexander Crummell--Dead.txt,671,e84bdb9cef2d1f8bc615909f6e0a41a6a9e48696b3046d976f168f7729676785,e84bdb9cef2d1f8bc615909f6e0a41a6a9e48696b3046d976f168f7729676785,671,24,23,132,
1.0,versemap-reference-d9969e023145ab13,paul-laurence-dunbar,Paul Laurence Dunbar,paul-laurence-dunbar-271d4e4b238d11d7,Alice,Paul Laurence Dunbar/Alice.txt,538,40cdbeb83c60ffaa0013741add779ce7cd3321d911f9613225cf3bb5d890c789,40cdbeb83c60ffaa0013741add779ce7cd3321d911f9613225cf3bb5d890c789,538,20,18,94,
1.0,versemap-reference-d9969e023145ab13,paul-laurence-dunbar,Paul Laurence Dunbar,paul-laurence-dunbar-6928bdd2178b0c6c,An Ante-Bellum Sermon,Paul Laurence Dunbar/An Ante-Bellum Sermon.txt,2840,7fc17aaba7b0f93cd687cb3710be4cff24a24caccd795c0637369d6337b4581c,7fc17aaba7b0f93cd687cb3710be4cff24a24caccd795c0637369d6337b4581c,2840,98,88,536,
1.0,versemap-reference-d9969e023145ab13,paul-laurence-dunbar,Paul Laurence Dunbar,paul-laurence-dunbar-db013f3030dfb775,An Easy-Goin' Feller,Paul Laurence Dunbar/An Easy-Goin' Feller.txt,698,d4003d3ef62ed1266024f0776f066691c3c9423785a69f68917d657c0df565ab,d4003d3ef62ed1266024f0776f066691c3c9423785a69f68917d657c0df565ab,698,20,20,146,
1.0,versemap-reference-d9969e023145ab13,paul-laurence-dunbar,Paul Laurence Dunbar,paul-laurence-dunbar-eca1f5da7c6775e0,An Old Memory,Paul Laurence Dunbar/An Old Memory.txt,1184,687d2c48e1b8b56790d69f7a68e7fddd075ad92e0f1af97753c66d77253e52de,687d2c48e1b8b56790d69f7a68e7fddd075ad92e0f1af97753c66d77253e52de,1184,49,40,224,
1.0,versemap-reference-d9969e023145ab13,paul-laurence-dunbar,Paul Laurence Dunbar,paul-laurence-dunbar-2df3eef4d3be66b4,Anchored,Paul Laurence Dunbar/Anchored.txt,383,7a8e22dbeb3a37552133683d9f443ea196e1840509d9058418f92bda0b1d9201,7a8e22dbeb3a37552133683d9f443ea196e1840509d9058418f92bda0b1d9201,383,9,8,69,
1.0,versemap-reference-d9969e023145ab13,paul-laurence-dunbar,Paul Laurence Dunbar,paul-laurence-dunbar-bd167895d31accc2,Angelina,Paul Laurence Dunbar/Angelina.txt,1955,50f1fde649f87c5de9248c57bf8937aa2e3946aa62e08340d096e78e7e3e8621,50f1fde649f87c5de9248c57bf8937aa2e3946aa62e08340d096e78e7e3e8621,1955,35,32,379,
1.0,versemap-reference-d9969e023145ab13,paul-laurence-dunbar,Paul Laurence Dunbar,paul-laurence-dunbar-3254d90d5065e514,Appreciation,Paul Laurence Dunbar/Appreciation.txt,1046,4b97d201474c3e88414fbe6d23dbd522956e36f1deaefa174dade14a4b2572a4,4b97d201474c3e88414fbe6d23dbd522956e36f1deaefa174dade14a4b2572a4,1046,39,32,196,
1.0,versemap-reference-d9969e023145ab13,paul-laurence-dunbar,Paul Laurence Dunbar,paul-laurence-dunbar-d0ef65ce26aacd9a,At Candle-Lightin' Time,Paul Laurence Dunbar/At Candle-Lightin' Time.txt,1505,6ca536b826a49aca0aca9350f9f046568657c8b8128a9bfde4e671716e26e96d,6ca536b826a49aca0aca9350f9f046568657c8b8128a9bfde4e671716e26e96d,1505,29,24,302,
1.0,versemap-reference-d9969e023145ab13,paul-laurence-dunbar,Paul Laurence Dunbar,paul-laurence-dunbar-6b6f4bcdd3dfbb4f,At Cheshire Cheese,Paul Laurence Dunbar/At Cheshire Cheese.txt,679,5f70229d5b77e85a6b066a949c6551de7f76a9736881247c6d9d3a8a9ce7bc3c,5f70229d5b77e85a6b066a949c6551de7f76a9736881247c6d9d3a8a9ce7bc3c,679,24,20,119,
1.0,versemap-reference-d9969e023145ab13,paul-laurence-dunbar,Paul Laurence Dunbar,paul-laurence-dunbar-8a79e5505f79a8f2,At Loafing-Holt,Paul Laurence Dunbar/At Loafing-Holt.txt,1195,b1cfc18c4ca4883f88e84165a4e2fb44dede956b16587cc21553a4686051e20c,b1cfc18c4ca4883f88e84165a4e2fb44dede956b16587cc21553a4686051e20c,1195,38,38,219,
1.0,versemap-reference-d9969e023145ab13,paul-laurence-dunbar,Paul Laurence Dunbar,paul-laurence-dunbar-2fdef523411a342b,At Night,Paul Laurence Dunbar/At Night.txt,1728,6855fea6fac7a80f2183f0b84ff1146aee61dbfcda97cca95a7c131787670032,6855fea6fac7a80f2183f0b84ff1146aee61dbfcda97cca95a7c131787670032,1728,54,49,340,
1.0,versemap-reference-d9969e023145ab13,paul-laurence-dunbar,Paul Laurence Dunbar,paul-laurence-dunbar-e40ffd2df8aaed30,At Sunset Time,Paul Laurence Dunbar/At Sunset Time.txt,744,94f74053c7aaa558b19f20d8f32ca3bbc3d60c2ced2b51ec47552885e8a615b6,94f74053c7aaa558b19f20d8f32ca3bbc3d60c2ced2b51ec47552885e8a615b6,744,26,24,140,
1.0,versemap-reference-d9969e023145ab13,paul-laurence-dunbar,Paul Laurence Dunbar,paul-laurence-dunbar-c5222d2e11b594ad,At the Tavern,Paul Laurence Dunbar/At the Tavern.txt,451,9fa443ccd5039f3a13a0803e1500a5e5decf3567db4ba115be97cf57cae792b0,9fa443ccd5039f3a13a0803e1500a5e5decf3567db4ba115be97cf57cae792b0,451,15,14,94,
1.0,versemap-reference-d9969e023145ab13,paul-laurence-dunbar,Paul Laurence Dunbar,paul-laurence-dunbar-d705a57cc68cb068,Ballad,Paul Laurence Dunbar/Ballad.txt,660,57c2469ccb9393362fdf44da3588e2bf794166d42e1c6ec6c2c4a2407953839c,57c2469ccb9393362fdf44da3588e2bf794166d42e1c6ec6c2c4a2407953839c,660,26,24,138,
1.0,versemap-reference-d9969e023145ab13,paul-laurence-dunbar,Paul Laurence Dunbar,paul-laurence-dunbar-f3808cf8eee879ef,Ballade,Paul Laurence Dunbar/Ballade.txt,861,76c1760d2af22142cd882a30e5a717af42b244025814df76f4a880fda51c154e,76c1760d2af22142cd882a30e5a717af42b244025814df76f4a880fda51c154e,861,26,24,145,
1.0,versemap-reference-d9969e023145ab13,paul-laurence-dunbar,Paul Laurence Dunbar,paul-laurence-dunbar-1f0577ef1df2eddb,Behind the Arras,Paul Laurence Dunbar/Behind the Arras.txt,510,2b7ceda322bea39f58ab7ea1f662fc9d4aa3477e6f8308c44813a03a0ec8d8f3,2b7ceda322bea39f58ab7ea1f662fc9d4aa3477e6f8308c44813a03a0ec8d8f3,510,12,12,92,
1.0,versemap-reference-d9969e023145ab13,paul-laurence-dunbar,Paul Laurence Dunbar,paul-laurence-dunbar-5939b84968fbc388,Bein' Back Home,Paul Laurence Dunbar/Bein' Back Home.txt,1551,a58fe453577f91a44de3e3104696af0a589af36ea94af403d0d3c9780f6b6124,a58fe453577f91a44de3e3104696af0a589af36ea94af403d0d3c9780f6b6124,1551,53,48,290,
1.0,versemap-reference-d9969e023145ab13,paul-laurence-dunbar,Paul Laurence Dunbar,paul-laurence-dunbar-4c66561b294b16b6,Beyond the Years,Paul Laurence Dunbar/Beyond the Years.txt,675,105352c53da9f7198060c19b4df4740819c4af5839e225118529f1b6a759b8cd,105352c53da9f7198060c19b4df4740819c4af5839e225118529f1b6a759b8cd,675,27,23,113,
1.0,versemap-reference-d9969e023145ab13,paul-laurence-dunbar,Paul Laurence Dunbar,paul-laurence-dunbar-a8f32793e8433ab3,Black Samson of Brandywine,Paul Laurence Dunbar/Black Samson of Brandywine.txt,1502,5aa9369e8c185ebc7aa038790d8731cd252d3527a2189b29c11a62c31a3abff0,5aa9369e8c185ebc7aa038790d8731cd252d3527a2189b29c11a62c31a3abff0,1502,53,48,280,
1.0,versemap-reference-d9969e023145ab13,paul-laurence-dunbar,Paul Laurence Dunbar,paul-laurence-dunbar-a33bc5600f9d7b53,Blue,Paul Laurence Dunbar/Blue.txt,783,33cccf0f62d9de72a042ab7433f8d49b318dd1a50c3a30ba3f3106493e98a52d,33cccf0f62d9de72a042ab7433f8d49b318dd1a50c3a30ba3f3106493e98a52d,783,35,32,132,
1.0,versemap-reference-d9969e023145ab13,paul-laurence-dunbar,Paul Laurence Dunbar,paul-laurence-dunbar-73e65669fc3b86fe,Booker T. Washington,Paul Laurence Dunbar/Booker T. Washington.txt,601,b523c10f103696e98c71751e3564e88af832c7585e035313223885f6bfa2b01c,b523c10f103696e98c71751e3564e88af832c7585e035313223885f6bfa2b01c,601,14,14,115,
1.0,versemap-reference-d9969e023145ab13,paul-laurence-dunbar,Paul Laurence Dunbar,paul-laurence-dunbar-9b332a5b3b22d3fb,Breaking the Charm,Paul Laurence Dunbar/Breaking the Charm.txt,2392,800241846e1f75852e44e6a110bbb0dbb832413ee3aac920a22cff20cef78bff,800241846e1f75852e44e6a110bbb0dbb832413ee3aac920a22cff20cef78bff,2392,76,76,462,
1.0,versemap-reference-d9969e023145ab13,paul-laurence-dunbar,Paul Laurence Dunbar,paul-laurence-dunbar-d29ae8befabd38ed,By Rugged Ways,Paul Laurence Dunbar/By Rugged Ways.txt,1148,bfc33789633d510fb2fa5cf93977ff5d7f3e3f60b77173ff2576d8734a3c5397,bfc33789633d510fb2fa5cf93977ff5d7f3e3f60b77173ff2576d8734a3c5397,1148,35,32,205,
1.0,versemap-reference-d9969e023145ab13,paul-laurence-dunbar,Paul Laurence Dunbar,paul-laurence-dunbar-9a97e845e6dd603c,By the Stream,Paul Laurence Dunbar/By the Stream.txt,507,f5ddea3da762f845135fe19ece89392963abfb26f9ac5474e25e8384d0b1e9da,f5ddea3da762f845135fe19ece89392963abfb26f9ac5474e25e8384d0b1e9da,507,8,8,97,
1.0,versemap-reference-d9969e023145ab13,paul-laurence-dunbar,Paul Laurence Dunbar,paul-laurence-dunbar-eea88268f2bfd2fd,Changing Time,Paul Laurence Dunbar/Changing Time.txt,313,a7ef8e511ef9679850dae1fe1ca02127b3b98f3cf247c4cff569cabcd29b21ca,a7ef8e511ef9679850dae1fe1ca02127b3b98f3cf247c4cff569cabcd29b21ca,313,9,8,59,
1.0,versemap-reference-d9969e023145ab13,paul-laurence-dunbar,Paul Laurence Dunbar,paul-laurence-dunbar-8f37c96ec14286a4,Chrismus Is a-Comin',Paul Laurence Dunbar/Chrismus Is a-Comin'.txt,1140,1c4657e253cee848e21d7cc9c4c09da80f8d19c29c5996e9273b62aeeeba3cda,1c4657e253cee848e21d7cc9c4c09da80f8d19c29c5996e9273b62aeeeba3cda,1140,51,48,213,
1.0,versemap-reference-d9969e023145ab13,paul-laurence-dunbar,Paul Laurence Dunbar,paul-laurence-dunbar-038ad77eafa16ee5,Chrismus on the Plantation,Paul Laurence Dunbar/Chrismus on the Plantation.txt,2264,29e5d088b8cc4e5ae0f976cfa9aeaa00e87ef52ce822a607e588d53d359b2233,29e5d088b8cc4e5ae0f976cfa9aeaa00e87ef52ce822a607e588d53d359b2233,2264,44,36,470,
1.0,versemap-reference-d9969e023145ab13,paul-laurence-dunbar,Paul Laurence Dunbar,paul-laurence-dunbar-87bbe4423d0098e1,Christmas Carol,Paul Laurence Dunbar/Christmas Carol.txt,964,75b8386f5b54f7a8945998bfb2388cc20b87cb50ce0ca31ec3f75fc909ce03a2,75b8386f5b54f7a8945998bfb2388cc20b87cb50ce0ca31ec3f75fc909ce03a2,964,41,36,165,
1.0,versemap-reference-d9969e023145ab13,paul-laurence-dunbar,Paul Laurence Dunbar,paul-laurence-dunbar-07286a286ba0b333,Christmas in the Heart,Paul Laurence Dunbar/Christmas in the Heart.txt,1127,f0a16627ba5d18a15e13d50dae09e55291fc29cdf3d5762587832721e39864bf,f0a16627ba5d18a15e13d50dae09e55291fc29cdf3d5762587832721e39864bf,1127,35,32,213,
1.0,versemap-reference-d9969e023145ab13,paul-laurence-dunbar,Paul Laurence Dunbar,paul-laurence-dunbar-8436681a56d371c7,Christmas,Paul Laurence Dunbar/Christmas.txt,945,8fa106043047f66cb4bfbb9936c7a5c4068270ee83474167c7f81c303e3b83cf,8fa106043047f66cb4bfbb9936c7a5c4068270ee83474167c7f81c303e3b83cf,945,23,20,177,
1.0,versemap-reference-d9969e023145ab13,paul-laurence-dunbar,Paul Laurence Dunbar,paul-laurence-dunbar-28e063fdfd0790ec,Circumstances Alter Cases,Paul Laurence Dunbar/Circumstances Alter Cases.txt,1436,fd0edd8555c1f3c29b0219e3af66b65c49b0ebe89a1d5c6fe95ee2b069fe6568,fd0edd8555c1f3c29b0219e3af66b65c49b0ebe89a1d5c6fe95ee2b069fe6568,1436,44,40,268,
1.0,versemap-reference-d9969e023145ab13,paul-laurence-dunbar,Paul Laurence Dunbar,paul-laurence-dunbar-bb0bf49e91354e0d,Columbian Ode,Paul Laurence Dunbar/Columbian Ode.txt,1645,0b667a7a6bf02e038dcf38102aa69b1b4c9b7ee94fd4ffcd55891a400f4baf1a,0b667a7a6bf02e038dcf38102aa69b1b4c9b7ee94fd4ffcd55891a400f4baf1a,1645,42,38,276,
1.0,versemap-reference-d9969e023145ab13,paul-laurence-dunbar,Paul Laurence Dunbar,paul-laurence-dunbar-212f12a583ff1694,Communion,Paul Laurence Dunbar/Communion.txt,1552,79fe7ccfafe27255f924d4e82bdbad23f0299b1556d0b7fa67d538cdc33eff9b,79fe7ccfafe27255f924d4e82bdbad23f0299b1556d0b7fa67d538cdc33eff9b,1552,59,48,291,
1.0,versemap-reference-d9969e023145ab13,paul-laurence-dunbar,Paul Laurence Dunbar,paul-laurence-dunbar-79122e98f6be100f,Comparison,Paul Laurence Dunbar/Comparison.txt,360,dd521c5a73daf64c13e09f99e7a0190632bd17e317ae33b6751e067b2a832f26,dd521c5a73daf64c13e09f99e7a0190632bd17e317ae33b6751e067b2a832f26,360,11,10,64,
1.0,versemap-reference-d9969e023145ab13,paul-laurence-dunbar,Paul Laurence Dunbar,paul-laurence-dunbar-6d5a8afafce45121,Compensation,Paul Laurence Dunbar/Compensation.txt,247,b9e0e8064efcbf5bada9438d66129505a9229190dad0dd6cc26cc837563a547c,b9e0e8064efcbf5bada9438d66129505a9229190dad0dd6cc26cc837563a547c,247,9,8,45,
1.0,versemap-reference-d9969e023145ab13,paul-laurence-dunbar,Paul Laurence Dunbar,paul-laurence-dunbar-5fa13b0d2a4ca32f,Confessional,Paul Laurence Dunbar/Confessional.txt,404,ec2c3834e3dca342c6687f76221052e4d115a4ead3fe661257349e76bc5e17b0,ec2c3834e3dca342c6687f76221052e4d115a4ead3fe661257349e76bc5e17b0,404,24,20,75,
1.0,versemap-reference-d9969e023145ab13,paul-laurence-dunbar,Paul Laurence Dunbar,paul-laurence-dunbar-d91d228748e5fb09,Conscience and Remorse,Paul Laurence Dunbar/Conscience and Remorse.txt,375,30488f922b71249b1736a7a7c71a7b143e14b5ca71e91077f13872a177c3ddbf,30488f922b71249b1736a7a7c71a7b143e14b5ca71e91077f13872a177c3ddbf,375,13,12,67,
1.0,versemap-reference-d9969e023145ab13,paul-laurence-dunbar,Paul Laurence Dunbar,paul-laurence-dunbar-917ae5354347c244,Curiosity,Paul Laurence Dunbar/Curiosity.txt,1474,521676a2c53114814b893999bc8bb8a9700967247a2ba71a797229e590042e2b,521676a2c53114814b893999bc8bb8a9700967247a2ba71a797229e590042e2b,1474,37,33,276,
1.0,versemap-reference-d9969e023145ab13,paul-laurence-dunbar,Paul Laurence Dunbar,paul-laurence-dunbar-b341cc5c42e50f0d,Curtain,Paul Laurence Dunbar/Curtain.txt,267,07846336fb207664477258900983fdc11085bd47ad7f7949e461aef78f8aec37,07846336fb207664477258900983fdc11085bd47ad7f7949e461aef78f8aec37,267,8,8,37,
1.0,versemap-reference-d9969e023145ab13,paul-laurence-dunbar,Paul Laurence Dunbar,paul-laurence-dunbar-2bcb6e87ccdca2fe,Dat Ol' Mare O' Mine,Paul Laurence Dunbar/Dat Ol' Mare O' Mine.txt,2153,0b7902b235ae4ad9dd8fe5ec211214e945386619c54436abad888cd8f0eb129f,0b7902b235ae4ad9dd8fe5ec211214e945386619c54436abad888cd8f0eb129f,2153,47,42,450,
1.0,versemap-reference-d9969e023145ab13,paul-laurence-dunbar,Paul Laurence Dunbar,paul-laurence-dunbar-c87e50a51693655a,Dawn,Paul Laurence Dunbar/Dawn.txt,156,532b7257c94f00632b8d8c6fbd17c1851473c54854e8d3036efcce43fe96e212,532b7257c94f00632b8d8c6fbd17c1851473c54854e8d3036efcce43fe96e212,156,4,4,29,
1.0,versemap-reference-d9969e023145ab13,paul-laurence-dunbar,Paul Laurence Dunbar,paul-laurence-dunbar-84c34cd8ad07518f,Day,Paul Laurence Dunbar/Day.txt,250,f7181255a63e17b70d821c19e49f9e69c7adbf84fbfbebe505b693998976a310,f7181255a63e17b70d821c19e49f9e69c7adbf84fbfbebe505b693998976a310,250,9,8,48,
1.0,versemap-reference-d9969e023145ab13,paul-laurence-dunbar,Paul Laurence Dunbar,paul-laurence-dunbar-633fb106cd836733,De Critters' Dance,Paul Laurence Dunbar/De Critters' Dance.txt,2454,02e37e4fad60d4755c74353f01f9c5e958f97e616d6f77b8d95b42f44dbb40a7,02e37e4fad60d4755c74353f01f9c5e958f97e616d6f77b8d95b42f44dbb40a7,2454,54,44,454,
1.0,versemap-reference-d9969e023145ab13,paul-laurence-dunbar,Paul Laurence Dunbar,paul-laurence-dunbar-a15db838d83f1b06,De Way T'ings Come,Paul Laurence Dunbar/De Way T'ings Come.txt,1130,5893621840631f2a614c495a1aa3c202332b3c645d105e87ad2779301909524b,5893621840631f2a614c495a1aa3c202332b3c645d105e87ad2779301909524b,1130,35,32,233,
1.0,versemap-reference-d9969e023145ab13,paul-laurence-dunbar,Paul Laurence Dunbar,paul-laurence-dunbar-63de05a58a71af03,Deacon Jones' Grievance,Paul Laurence Dunbar/Deacon Jones' Grievance.txt,2315,a7ab9065ebbc026e34a9acb0f6c2a1c3a54103ea00465131777857db30457183,a7ab9065ebbc026e34a9acb0f6c2a1c3a54103ea00465131777857db30457183,2315,80,72,447,
1.0,versemap-reference-d9969e023145ab13,paul-laurence-dunbar,Paul Laurence Dunbar,paul-laurence-dunbar-6c50c0ce283cd203,Dead,Paul Laurence Dunbar/Dead.txt,627,499e123ae52b83ce036a8e3c95c5e878c832781eea341689fe99880e2e3a96ce,499e123ae52b83ce036a8e3c95c5e878c832781eea341689fe99880e2e3a96ce,627,15,14,119,
1.0,versemap-reference-d9969e023145ab13,paul-laurence-dunbar,Paul Laurence Dunbar,paul-laurence-dunbar-6c855d9c2047bf3d,Death,Paul Laurence Dunbar/Death.txt,309,6446cad2e3ad18005ac84c7b06a396d09ec90c86c21fb45ec47a3aea7624b909,6446cad2e3ad18005ac84c7b06a396d09ec90c86c21fb45ec47a3aea7624b909,309,14,12,62,
1.0,versemap-reference-d9969e023145ab13,paul-laurence-dunbar,Paul Laurence Dunbar,paul-laurence-dunbar-a4580d25e9fe491f,Dely,Paul Laurence Dunbar/Dely.txt,1598,e0088e0f57a91398013f5162a44ff1a46797d3db6c12348565102a25f572025b,e0088e0f57a91398013f5162a44ff1a46797d3db6c12348565102a25f572025b,1598,62,56,317,
1.0,versemap-reference-d9969e023145ab13,paul-laurence-dunbar,Paul Laurence Dunbar,paul-laurence-dunbar-e41fe1e00532538d,Despair,Paul Laurence Dunbar/Despair.txt,276,95a4d65257910cb768bfc359ea8d74e9c4bdaa377739daec4ed89d135f41462c,95a4d65257910cb768bfc359ea8d74e9c4bdaa377739daec4ed89d135f41462c,276,11,9,58,
1.0,versemap-reference-d9969e023145ab13,paul-laurence-dunbar,Paul Laurence Dunbar,paul-laurence-dunbar-f94c76ddca7bf677,Differences,Paul Laurence Dunbar/Differences.txt,749,8aad8097923adc0c551d05b434250576cc5bc891c40244bfcd76fbb7340f3af8,8aad8097923adc0c551d05b434250576cc5bc891c40244bfcd76fbb7340f3af8,749,27,24,155,
1.0,versemap-reference-d9969e023145ab13,paul-laurence-dunbar,Paul Laurence Dunbar,paul-laurence-dunbar-def1bcc3888a275e,Dinah Kneading Dough,Paul Laurence Dunbar/Dinah Kneading Dough.txt,746,fd31a51ed82af0f57bcca9283cb90b38828de050eca4f6fc3138d775dc873654,fd31a51ed82af0f57bcca9283cb90b38828de050eca4f6fc3138d775dc873654,746,26,24,135,
1.0,versemap-reference-d9969e023145ab13,paul-laurence-dunbar,Paul Laurence Dunbar,paul-laurence-dunbar-bd153998aca5a6a4,Diplomacy,Paul Laurence Dunbar/Diplomacy.txt,346,9357cdc414971d1b428835d32ddde319c9090841f573dad7d8d05d1792d4bfd8,9357cdc414971d1b428835d32ddde319c9090841f573dad7d8d05d1792d4bfd8,346,9,9,63,
1.0,versemap-reference-d9969e023145ab13,paul-laurence-dunbar,Paul Laurence Dunbar,paul-laurence-dunbar-8be95218b387778c,Dirge for a Soldier,Paul Laurence Dunbar/Dirge for a Soldier.txt,1368,e98632c8a1709b2778edc243d12bf27e2a300384b81e15430d1af36b1268eaf3,e98632c8a1709b2778edc243d12bf27e2a300384b81e15430d1af36b1268eaf3,1368,53,48,254,
1.0,versemap-reference-d9969e023145ab13,paul-laurence-dunbar,Paul Laurence Dunbar,paul-laurence-dunbar-19949b0fec60dd11,Dirge,Paul Laurence Dunbar/Dirge.txt,1172,298f349083d0e928f7fb76e08e90f59ee8eef59c6116f2d0b9e08e9dee06b58c,298f349083d0e928f7fb76e08e90f59ee8eef59c6116f2d0b9e08e9dee06b58c,1172,47,42,217,
1.0,versemap-reference-d9969e023145ab13,paul-laurence-dunbar,Paul Laurence Dunbar,paul-laurence-dunbar-c03630e95f626a07,Disappointed,Paul Laurence Dunbar/Disappointed.txt,746,919745baf0bbda47fe01c95be75e552f6674aa3551c733dc859d6b0ee7cc9260,919745baf0bbda47fe01c95be75e552f6674aa3551c733dc859d6b0ee7cc9260,746,20,18,139,
1.0,versemap-reference-d9969e023145ab13,paul-laurence-dunbar,Paul Laurence Dunbar,paul-laurence-dunbar-c07f77b53151ff2d,Discovered,Paul Laurence Dunbar/Discovered.txt,710,cdafa219b4846d1b58f35b94578bcd88fc5fbfed93e04b3824c248374657dffb,cdafa219b4846d1b58f35b94578bcd88fc5fbfed93e04b3824c248374657dffb,710,26,24,137,
1.0,versemap-reference-d9969e023145ab13,paul-laurence-dunbar,Paul Laurence Dunbar,paul-laurence-dunbar-89363c0d8db604c6,Distinction,Paul Laurence Dunbar/Distinction.txt,128,85ae8a49a7b3df8c8a7b14cb61e3fefb4ad2dc13d2fb8bebc1d61ed18fe1b74a,85ae8a49a7b3df8c8a7b14cb61e3fefb4ad2dc13d2fb8bebc1d61ed18fe1b74a,128,4,4,23,
1.0,versemap-reference-d9969e023145ab13,paul-laurence-dunbar,Paul Laurence Dunbar,paul-laurence-dunbar-76e75fb1aeed6bd8,Douglass,Paul Laurence Dunbar/Douglass.txt,621,1a5a5bd7b2b27bf3255a79b207bbf07ccd2a4f68fe5fa301a256b492cd7e118f,1a5a5bd7b2b27bf3255a79b207bbf07ccd2a4f68fe5fa301a256b492cd7e118f,621,15,14,111,
1.0,versemap-reference-d9969e023145ab13,paul-laurence-dunbar,Paul Laurence Dunbar,paul-laurence-dunbar-4d4120b8ce62a6f9,Dream Song I,Paul Laurence Dunbar/Dream Song I.txt,687,66e1cc385a417375bb269824d5349d6c79d17e4c23d25ceea8b1d0ade8a913b9,66e1cc385a417375bb269824d5349d6c79d17e4c23d25ceea8b1d0ade8a913b9,687,17,16,136,
1.0,versemap-reference-d9969e023145ab13,paul-laurence-dunbar,Paul Laurence Dunbar,paul-laurence-dunbar-2402af90b73c7fe2,Dream Song Ii,Paul Laurence Dunbar/Dream Song Ii.txt,394,8dac044103235e0a5852bf7b2df93860814360edb56b558cc182504ad3a0640d,8dac044103235e0a5852bf7b2df93860814360edb56b558cc182504ad3a0640d,394,13,12,74,
1.0,versemap-reference-d9969e023145ab13,paul-laurence-dunbar,Paul Laurence Dunbar,paul-laurence-dunbar-d739097aaf45bcba,Dreamin' Town,Paul Laurence Dunbar/Dreamin' Town.txt,846,553a4590a45c8ec7a738cc0dafd87889c24afdf8d8c3478db1f95c7f66e9c418,553a4590a45c8ec7a738cc0dafd87889c24afdf8d8c3478db1f95c7f66e9c418,846,34,31,147,
1.0,versemap-reference-d9969e023145ab13,paul-laurence-dunbar,Paul Laurence Dunbar,paul-laurence-dunbar-48cbd127889966b0,"Dreams - Dream on, for dreams are sweet","Paul Laurence Dunbar/Dreams - Dream on, for dreams are sweet.txt",449,60d1a3bc8271c4e55a4dc21a7308acb22516e528d33d45fdaba755bcb788b87a,60d1a3bc8271c4e55a4dc21a7308acb22516e528d33d45fdaba755bcb788b87a,449,19,16,75,
1.0,versemap-reference-d9969e023145ab13,paul-laurence-dunbar,Paul Laurence Dunbar,paul-laurence-dunbar-62b4e6f27392be98,Dreams - What dreams we have and how they fly,Paul Laurence Dunbar/Dreams - What dreams we have and how they fly.txt,620,24f4ab0d36a624425e44e7181cc67ac8700ed47461aa43fc82068919fc065c34,24f4ab0d36a624425e44e7181cc67ac8700ed47461aa43fc82068919fc065c34,620,17,16,110,
1.0,versemap-reference-d9969e023145ab13,paul-laurence-dunbar,Paul Laurence Dunbar,paul-laurence-dunbar-e38646a30298a74a,Drizzle,Paul Laurence Dunbar/Drizzle.txt,1070,11fe7c07f16c7bc29a2124229b6925288190cf515947ef917b497f9b03789c51,11fe7c07f16c7bc29a2124229b6925288190cf515947ef917b497f9b03789c51,1070,35,32,205,
1.0,versemap-reference-d9969e023145ab13,paul-laurence-dunbar,Paul Laurence Dunbar,paul-laurence-dunbar-758ce92911f2d1b5,Encouraged,Paul Laurence Dunbar/Encouraged.txt,179,dbed4ca2a4a809b0acd73a736efe23edb7bd4e8b7f87135864e768e2e027e10f,dbed4ca2a4a809b0acd73a736efe23edb7bd4e8b7f87135864e768e2e027e10f,179,4,4,33,
1.0,versemap-reference-d9969e023145ab13,paul-laurence-dunbar,Paul Laurence Dunbar,paul-laurence-dunbar-f103cce52344dacf,Encouragement,Paul Laurence Dunbar/Encouragement.txt,1690,5ef7bee526c97f90a60d410d3a3a70a234e895a48500cdf27db5b84c22f8cbbd,5ef7bee526c97f90a60d410d3a3a70a234e895a48500cdf27db5b84c22f8cbbd,1690,59,54,341,
1.0,versemap-reference-d9969e023145ab13,paul-laurence-dunbar,Paul Laurence Dunbar,paul-laurence-dunbar-a6ef42c842b2f4dd,Equipment,Paul Laurence Dunbar/Equipment.txt,655,34b944c377d049899dc18714c29657e5af16c928512716a5c4a9373297651d25,34b944c377d049899dc18714c29657e5af16c928512716a5c4a9373297651d25,655,18,16,121,
1.0,versemap-reference-d9969e023145ab13,paul-laurence-dunbar,Paul Laurence Dunbar,paul-laurence-dunbar-47104f066cedc3c4,Ere Sleep Comes Down to Soothe the Weary Eyes,Paul Laurence Dunbar/Ere Sleep Comes Down to Soothe the Weary Eyes.txt,2475,3bc48e6bb03f9e352390aa848be8e8822f2d9e99a6e2fff0c5a208fe84313c7d,3bc48e6bb03f9e352390aa848be8e8822f2d9e99a6e2fff0c5a208fe84313c7d,2475,59,54,432,
1.0,versemap-reference-d9969e023145ab13,paul-laurence-dunbar,Paul Laurence Dunbar,paul-laurence-dunbar-94b725d2c1d151bc,Evening,Paul Laurence Dunbar/Evening.txt,378,501df5d60f0b1928ddf07c0398c7c46b565355f806f163855c5b5badfe18b1a5,501df5d60f0b1928ddf07c0398c7c46b565355f806f163855c5b5badfe18b1a5,378,14,12,65,
1.0,versemap-reference-d9969e023145ab13,paul-laurence-dunbar,Paul Laurence Dunbar,paul-laurence-dunbar-0315af7acdace7ec,Expectation,Paul Laurence Dunbar/Expectation.txt,1285,c7dea2d8f8be2d806dec55fe2dc2009087a07484a2fc0973c22dcb5e6bf53845,c7dea2d8f8be2d806dec55fe2dc2009087a07484a2fc0973c22dcb5e6bf53845,1285,44,40,256,
1.0,versemap-reference-d9969e023145ab13,paul-laurence-dunbar,Paul Laurence Dunbar,paul-laurence-dunbar-0a88beef5d5ec514,Faith,Paul Laurence Dunbar/Faith.txt,1336,31c3a46ed201df9a7b06ec8d718d1a1732af5662e58bf82af6de62df10732e73,31c3a46ed201df9a7b06ec8d718d1a1732af5662e58bf82af6de62df10732e73,1336,28,24,259,
1.0,versemap-reference-d9969e023145ab13,paul-laurence-dunbar,Paul Laurence Dunbar,paul-laurence-dunbar-ed2590512b8898fe,Farewell to Arcady,Paul Laurence Dunbar/Farewell to Arcady.txt,734,271fa1270214e7415afed37719133d68d9d0aa55f1e00335d3fd3efd6f13c70a,271fa1270214e7415afed37719133d68d9d0aa55f1e00335d3fd3efd6f13c70a,734,24,21,131,
1.0,versemap-reference-d9969e023145ab13,paul-laurence-dunbar,Paul Laurence Dunbar,paul-laurence-dunbar-2aaac0f77141f058,Fishing,Paul Laurence Dunbar/Fishing.txt,2500,b9f6aea1dce81bfc884a5a6f5abf02ba5f19a5b5ad3ba5e9e0b895880c83fcd8,b9f6aea1dce81bfc884a5a6f5abf02ba5f19a5b5ad3ba5e9e0b895880c83fcd8,2500,49,40,513,
1.0,versemap-reference-d9969e023145ab13,paul-laurence-dunbar,Paul Laurence Dunbar,paul-laurence-dunbar-fafc57a7da6f2023,Foolin' Wid de Seasons,Paul Laurence Dunbar/Foolin' Wid de Seasons.txt,1534,41afa785c3db36cc69e419113527b81967be1837618f028ed6c346855925bf64,41afa785c3db36cc69e419113527b81967be1837618f028ed6c346855925bf64,1534,53,48,295,
1.0,versemap-reference-d9969e023145ab13,paul-laurence-dunbar,Paul Laurence Dunbar,paul-laurence-dunbar-9003e40543197cd9,For the Man Who Fails,Paul Laurence Dunbar/For the Man Who Fails.txt,1227,2bcb41f6717445c16d9baffb2dccb692d36bf9e2ec4bf1456021a10c0c0ebf7e,2bcb41f6717445c16d9baffb2dccb692d36bf9e2ec4bf1456021a10c0c0ebf7e,1227,35,32,245,
1.0,versemap-reference-d9969e023145ab13,paul-laurence-dunbar,Paul Laurence Dunbar,paul-laurence-dunbar-fdd27bd2dcb59de2,Forever,Paul Laurence Dunbar/Forever.txt,469,a595166b340f7bbe6d5666d2b4b1a54e2a26863e0b911ad4cee986746c9e3efa,a595166b340f7bbe6d5666d2b4b1a54e2a26863e0b911ad4cee986746c9e3efa,469,19,16,93,
1.0,versemap-reference-d9969e023145ab13,paul-laurence-dunbar,Paul Laurence Dunbar,paul-laurence-dunbar-6f6fe6b09bc6d8e8,Frederick Douglass,Paul Laurence Dunbar/Frederick Douglass.txt,2767,379ae04c6b91821c5fd7bf70e250b8df58c141473a3a81277efd7b4fad7f22ad,379ae04c6b91821c5fd7bf70e250b8df58c141473a3a81277efd7b4fad7f22ad,2767,71,62,504,
1.0,versemap-reference-d9969e023145ab13,paul-laurence-dunbar,Paul Laurence Dunbar,paul-laurence-dunbar-a3042066f802c477,From the Porch at Runnymede,Paul Laurence Dunbar/From the Porch at Runnymede.txt,701,55ba6c88f2535446da3fbb216ef944035a2ddc13c60dcbebf3c4976095e073a4,55ba6c88f2535446da3fbb216ef944035a2ddc13c60dcbebf3c4976095e073a4,701,19,16,135,
1.0,versemap-reference-d9969e023145ab13,paul-laurence-dunbar,Paul Laurence Dunbar,paul-laurence-dunbar-595c301ac46c2599,Fulfilment,Paul Laurence Dunbar/Fulfilment.txt,558,ce4f8ffbd05c6eef0821c3cad5da7fb38c921c629db67fb77fa3dd5b4f7f78a5,ce4f8ffbd05c6eef0821c3cad5da7fb38c921c629db67fb77fa3dd5b4f7f78a5,558,12,12,110,
1.0,versemap-reference-d9969e023145ab13,paul-laurence-dunbar,Paul Laurence Dunbar,paul-laurence-dunbar-30815e34c1bda43b,Good-Night,Paul Laurence Dunbar/Good-Night.txt,488,286f092e64f6f42c667a7a5e474f38f6c6a1fa9b346197ea1cd360f9e5fbc0f9,286f092e64f6f42c667a7a5e474f38f6c6a1fa9b346197ea1cd360f9e5fbc0f9,488,14,12,79,
1.0,versemap-reference-d9969e023145ab13,paul-laurence-dunbar,Paul Laurence Dunbar,paul-laurence-dunbar-e0c4e9a6e16e143b,Growin' Gray,Paul Laurence Dunbar/Growin' Gray.txt,1110,ab86b9368dfc8f584f9796601da1bda86b1c840d11b02efdd90a759377780b90,ab86b9368dfc8f584f9796601da1bda86b1c840d11b02efdd90a759377780b90,1110,29,27,219,
1.0,versemap-reference-d9969e023145ab13,paul-laurence-dunbar,Paul Laurence Dunbar,paul-laurence-dunbar-391b3506ff0fb3bb,Harriet Beecher Stowe,Paul Laurence Dunbar/Harriet Beecher Stowe.txt,635,5dae11448c26faf1c1e7c267c170a96729ac53d22c99391d8e5cf2ff1f147f50,5dae11448c26faf1c1e7c267c170a96729ac53d22c99391d8e5cf2ff1f147f50,635,14,14,110,
1.0,versemap-reference-d9969e023145ab13,paul-laurence-dunbar,Paul Laurence Dunbar,paul-laurence-dunbar-e546608a889e5ddd,He Had His Dream,Paul Laurence Dunbar/He Had His Dream.txt,615,38a291c3c69796d654f08fba0161dcd5ede732040e69fb4f5674e7c56f2f68c6,38a291c3c69796d654f08fba0161dcd5ede732040e69fb4f5674e7c56f2f68c6,615,21,20,113,
1.0,versemap-reference-d9969e023145ab13,paul-laurence-dunbar,Paul Laurence Dunbar,paul-laurence-dunbar-8becba61cb5446bf,Her Thought and His,Paul Laurence Dunbar/Her Thought and His.txt,560,3b58e6bbdf792f4ba91d25c6c3ea6d0954512c87ddc5aebb0ea6b3c5cc2d97de,3b58e6bbdf792f4ba91d25c6c3ea6d0954512c87ddc5aebb0ea6b3c5cc2d97de,560,14,12,113,
1.0,versemap-reference-d9969e023145ab13,paul-laurence-dunbar,Paul Laurence Dunbar,paul-laurence-dunbar-1db1db291f3437c2,Hope,Paul Laurence Dunbar/Hope.txt,784,5f9a6dced8e2809e49654327bce4a229dbbaf9253b7ae18655b4e00a6b9c7b7f,5f9a6dced8e2809e49654327bce4a229dbbaf9253b7ae18655b4e00a6b9c7b7f,784,26,24,156,
1.0,versemap-reference-d9969e023145ab13,paul-laurence-dunbar,Paul Laurence Dunbar,paul-laurence-dunbar-cc0a6e42111156fa,How Lucy Backslid,Paul Laurence Dunbar/How Lucy Backslid.txt,5557,4c91c8ee368c5be7c37b99fc9dd15ce9e87030f6897bc384cd219c4ebde7afb0,4c91c8ee368c5be7c37b99fc9dd15ce9e87030f6897bc384cd219c4ebde7afb0,5557,114,92,1124,
1.0,versemap-reference-d9969e023145ab13,paul-laurence-dunbar,Paul Laurence Dunbar,paul-laurence-dunbar-4062725a73871868,How Shall I Woo Thee,Paul Laurence Dunbar/How Shall I Woo Thee.txt,820,7a501dc4821a7b542b7c8785d3b02dbff898641eaf97576614468895ee88f406,7a501dc4821a7b542b7c8785d3b02dbff898641eaf97576614468895ee88f406,820,20,18,167,
1.0,versemap-reference-d9969e023145ab13,paul-laurence-dunbar,Paul Laurence Dunbar,paul-laurence-dunbar-0d485ca1b4a3c922,"howdy, Honey, Howdy!","Paul Laurence Dunbar/howdy, Honey, Howdy!.txt",1017,d7fdc724420bded480c0a3673609006b72f6cb5460ca45a0575135af6a408b67,d7fdc724420bded480c0a3673609006b72f6cb5460ca45a0575135af6a408b67,1017,24,20,198,
1.0,versemap-reference-d9969e023145ab13,paul-laurence-dunbar,Paul Laurence Dunbar,paul-laurence-dunbar-91f720a718f987fd,Hunting Song,Paul Laurence Dunbar/Hunting Song.txt,1828,c273e7ca2880bde189ce6aae2d4aabb7e4dd1a74b024650066f908d18fced555,c273e7ca2880bde189ce6aae2d4aabb7e4dd1a74b024650066f908d18fced555,1828,51,48,337,
1.0,versemap-reference-d9969e023145ab13,paul-laurence-dunbar,Paul Laurence Dunbar,paul-laurence-dunbar-48473997e879ca62,"Hymn - O li'l' lamb out in de col',","Paul Laurence Dunbar/Hymn - O li'l' lamb out in de col',.txt",719,b55a3dab699b8ab407a4f214875c060d888dd824aa3c3c4da474692e2ec25289,b55a3dab699b8ab407a4f214875c060d888dd824aa3c3c4da474692e2ec25289,719,27,24,128,
1.0,versemap-reference-d9969e023145ab13,paul-laurence-dunbar,Paul Laurence Dunbar,paul-laurence-dunbar-ba99b8d4c3b9af3c,Hymn - When storms arise,Paul Laurence Dunbar/Hymn - When storms arise.txt,479,3357bfa7fe38d07c81a16d1cec82af9c202f7abb7d4d34d37f58dee696f4153b,3357bfa7fe38d07c81a16d1cec82af9c202f7abb7d4d34d37f58dee696f4153b,479,20,18,86,
1.0,versemap-reference-d9969e023145ab13,paul-laurence-dunbar,Paul Laurence Dunbar,paul-laurence-dunbar-8ebad00766a91389,If,Paul Laurence Dunbar/If.txt,531,9b8583a870ad15c4e82efb4a09e413b363beb11b2283b240213a3fbb1f2ac6c2,9b8583a870ad15c4e82efb4a09e413b363beb11b2283b240213a3fbb1f2ac6c2,531,17,16,101,
1.0,versemap-reference-d9969e023145ab13,paul-laurence-dunbar,Paul Laurence Dunbar,paul-laurence-dunbar-ce19f6404acd21d6,In an English Garden,Paul Laurence Dunbar/In an English Garden.txt,631,bf082f1bc8910f921949f150d78e056038aecd8ca6e43d4db37e50feecad66f2,bf082f1bc8910f921949f150d78e056038aecd8ca6e43d4db37e50feecad66f2,631,15,14,107,
1.0,versemap-reference-d9969e023145ab13,paul-laurence-dunbar,Paul Laurence Dunbar,paul-laurence-dunbar-9e3f543990f3f700,In August,Paul Laurence Dunbar/In August.txt,824,1b10dccb4592895f3d6370d3ea9b8f55c4eb4f0c223a5dbca7181cf40b77f712,1b10dccb4592895f3d6370d3ea9b8f55c4eb4f0c223a5dbca7181cf40b77f712,824,29,24,167,
1.0,versemap-reference-d9969e023145ab13,paul-laurence-dunbar,Paul Laurence Dunbar,paul-laurence-dunbar-e3f0ea5716ed006b,In May,Paul Laurence Dunbar/In May.txt,371,8ab6c11e94548e60804f37257ad1a27391086587a2b79d4d8df219777ebce58d,8ab6c11e94548e60804f37257ad1a27391086587a2b79d4d8df219777ebce58d,371,14,12,70,
1.0,versemap-reference-d9969e023145ab13,paul-laurence-dunbar,Paul Laurence Dunbar,paul-laurence-dunbar-331539af1dd14d19,In Summer Time,Paul Laurence Dunbar/In Summer Time.txt,1608,73d93be306ceb36ec5804cace816061d8951a57de2e01b05726dd7114479e81f,73d93be306ceb36ec5804cace816061d8951a57de2e01b05726dd7114479e81f,1608,46,46,307,
1.0,versemap-reference-d9969e023145ab13,paul-laurence-dunbar,Paul Laurence Dunbar,paul-laurence-dunbar-13395af7e8ecbe79,In Summer,Paul Laurence Dunbar/In Summer.txt,1165,434741a9137449092895736edf53e85a5809ce05f67332beb8ec2d765d808f96,434741a9137449092895736edf53e85a5809ce05f67332beb8ec2d765d808f96,1165,39,32,236,
1.0,versemap-reference-d9969e023145ab13,paul-laurence-dunbar,Paul Laurence Dunbar,paul-laurence-dunbar-4036a978edf90ef0,In the Morning,Paul Laurence Dunbar/In the Morning.txt,1513,12dfd7fb82b86077d4c2e324f82f9d12ed916d76d2765c6b341ef911a0703a68,12dfd7fb82b86077d4c2e324f82f9d12ed916d76d2765c6b341ef911a0703a68,1513,53,48,299,
1.0,versemap-reference-d9969e023145ab13,paul-laurence-dunbar,Paul Laurence Dunbar,paul-laurence-dunbar-a69f5cabafc3e640,In the Tents of Akbar,Paul Laurence Dunbar/In the Tents of Akbar.txt,1715,e17f01d73e607d4dfd3b90cc1454b8810a923d91cbf0cbfc6015d447ac503cb6,e17f01d73e607d4dfd3b90cc1454b8810a923d91cbf0cbfc6015d447ac503cb6,1715,74,60,296,
1.0,versemap-reference-d9969e023145ab13,paul-laurence-dunbar,Paul Laurence Dunbar,paul-laurence-dunbar-040d66453f045e09,Inspiration,Paul Laurence Dunbar/Inspiration.txt,374,2e737fea71779cb2e87c5a5b433d741d6c0b3b007598a451be0f2b6005d6d584,2e737fea71779cb2e87c5a5b433d741d6c0b3b007598a451be0f2b6005d6d584,374,14,12,74,
1.0,versemap-reference-d9969e023145ab13,paul-laurence-dunbar,Paul Laurence Dunbar,paul-laurence-dunbar-3cb2cc974234bd16,Invitation to Love,Paul Laurence Dunbar/Invitation to Love.txt,710,b51b7eba5d5742a22aefb07c16929eacafcb351bd642026a082d87599968f303,b51b7eba5d5742a22aefb07c16929eacafcb351bd642026a082d87599968f303,710,22,20,135,
1.0,versemap-reference-d9969e023145ab13,paul-laurence-dunbar,Paul Laurence Dunbar,paul-laurence-dunbar-65eb07c858d2fd1a,Ione,Paul Laurence Dunbar/Ione.txt,9747,1d737eb7aeae9e9889e4abbf1aea30f65f2fb5979bc37ac1bdf29a0b72631ea5,1d737eb7aeae9e9889e4abbf1aea30f65f2fb5979bc37ac1bdf29a0b72631ea5,9747,293,263,1807,
1.0,versemap-reference-d9969e023145ab13,paul-laurence-dunbar,Paul Laurence Dunbar,paul-laurence-dunbar-ea181d965b39647e,Itching Heels,Paul Laurence Dunbar/Itching Heels.txt,960,0c3349b11b9145a13b3408e1d1bdbad37d26a0bb440822f1d20f42d48c8c182b,0c3349b11b9145a13b3408e1d1bdbad37d26a0bb440822f1d20f42d48c8c182b,960,26,24,203,
1.0,versemap-reference-d9969e023145ab13,paul-laurence-dunbar,Paul Laurence Dunbar,paul-laurence-dunbar-4a1f615931a76a4d,James Whitcomb Riley,Paul Laurence Dunbar/James Whitcomb Riley.txt,1186,9e89bde9bc10100d80da151debb8ff4f80a574e526781ae681128eb6dffdabcd,9e89bde9bc10100d80da151debb8ff4f80a574e526781ae681128eb6dffdabcd,1186,37,36,223,
1.0,versemap-reference-d9969e023145ab13,paul-laurence-dunbar,Paul Laurence Dunbar,paul-laurence-dunbar-eeedf2ea52299b63,Jealous,Paul Laurence Dunbar/Jealous.txt,798,cdc08b7e10a1f83931b4e052465e7bcfae987c8e4088439abb4866649e9f3d25,cdc08b7e10a1f83931b4e052465e7bcfae987c8e4088439abb4866649e9f3d25,798,35,32,160,
1.0,versemap-reference-d9969e023145ab13,paul-laurence-dunbar,Paul Laurence Dunbar,paul-laurence-dunbar-e64ec6525d3e22a0,Jilted,Paul Laurence Dunbar/Jilted.txt,687,1acf2b38a2475696ea721a1840de802477e3ad67cf2155f82ed5d2d98118122e,1acf2b38a2475696ea721a1840de802477e3ad67cf2155f82ed5d2d98118122e,687,26,24,140,
1.0,versemap-reference-d9969e023145ab13,paul-laurence-dunbar,Paul Laurence Dunbar,paul-laurence-dunbar-c3a629ec9c4f654f,Joggin' Erlong,Paul Laurence Dunbar/Joggin' Erlong.txt,1091,56acdbdfac1dab1efaa8ca20059a650f7555f73f0ca9845cdac7c005978a5b42,56acdbdfac1dab1efaa8ca20059a650f7555f73f0ca9845cdac7c005978a5b42,1091,32,30,217,
1.0,versemap-reference-d9969e023145ab13,paul-laurence-dunbar,Paul Laurence Dunbar,paul-laurence-dunbar-aca9535b5d31398a,Johnny Speaks,Paul Laurence Dunbar/Johnny Speaks.txt,400,790d6783a0d2028137e350d0afdee2512cc7f880b57b02d0d606f1d40135f99b,790d6783a0d2028137e350d0afdee2512cc7f880b57b02d0d606f1d40135f99b,400,11,10,80,
1.0,versemap-reference-d9969e023145ab13,paul-laurence-dunbar,Paul Laurence Dunbar,paul-laurence-dunbar-23e28f11259fb6e5,Just Whistle a Bit,Paul Laurence Dunbar/Just Whistle a Bit.txt,1330,b162c1ec8221a285e191c41b01c94f8266ce3565ff427200c6baa7884c0a827d,b162c1ec8221a285e191c41b01c94f8266ce3565ff427200c6baa7884c0a827d,1330,39,32,265,
1.0,versemap-reference-d9969e023145ab13,paul-laurence-dunbar,Paul Laurence Dunbar,paul-laurence-dunbar-9366a75640834f3e,Keep a Song Up on de Way,Paul Laurence Dunbar/Keep a Song Up on de Way.txt,984,e8a241c53f660d2347e5be0e78e71f440f9dea7075a7fd1c841f28397fd6fc4b,e8a241c53f660d2347e5be0e78e71f440f9dea7075a7fd1c841f28397fd6fc4b,984,35,33,214,
1.0,versemap-reference-d9969e023145ab13,paul-laurence-dunbar,Paul Laurence Dunbar,paul-laurence-dunbar-ff46963a4fcb7e30,Keep a-Pluggin' Away,Paul Laurence Dunbar/Keep a-Pluggin' Away.txt,1202,7f1495d257dd97d906bb4ac7098f16effcbbf785bb4f47640d0a2eefb86f8d93,7f1495d257dd97d906bb4ac7098f16effcbbf785bb4f47640d0a2eefb86f8d93,1202,43,40,206,
1.0,versemap-reference-d9969e023145ab13,paul-laurence-dunbar,Paul Laurence Dunbar,paul-laurence-dunbar-0736ed299fa93b28,Kidnaped,Paul Laurence Dunbar/Kidnaped.txt,541,4ce298613041e94c0cdeb4d2134a990466a7d88fdb8929929aab1b235ea7727c,4ce298613041e94c0cdeb4d2134a990466a7d88fdb8929929aab1b235ea7727c,541,19,16,102,
1.0,versemap-reference-d9969e023145ab13,paul-laurence-dunbar,Paul Laurence Dunbar,paul-laurence-dunbar-7bdddb78c23e1b14,Li'l' Gal,Paul Laurence Dunbar/Li'l' Gal.txt,1101,7fa475fac7af2ca8634afe35de0fece6a78c041b38b36a74c1cca873e36fd79e,7fa475fac7af2ca8634afe35de0fece6a78c041b38b36a74c1cca873e36fd79e,1101,26,24,210,
1.0,versemap-reference-d9969e023145ab13,paul-laurence-dunbar,Paul Laurence Dunbar,paul-laurence-dunbar-f0edcd01b2fd5f67,Life's Tragedy,Paul Laurence Dunbar/Life's Tragedy.txt,679,021e6e505e2dd89ec90814578e4c880a6e39a9fdafa9ba0cf3caab651daa45eb,021e6e505e2dd89ec90814578e4c880a6e39a9fdafa9ba0cf3caab651daa45eb,679,19,16,130,
1.0,versemap-reference-d9969e023145ab13,paul-laurence-dunbar,Paul Laurence Dunbar,paul-laurence-dunbar-7549be12182468b1,Life,Paul Laurence Dunbar/Life.txt,409,324e27339bac8830b6d579b3979ce22d6bc03ddbbe0e3bdabafae6a11365f959,324e27339bac8830b6d579b3979ce22d6bc03ddbbe0e3bdabafae6a11365f959,409,11,10,84,
1.0,versemap-reference-d9969e023145ab13,paul-laurence-dunbar,Paul Laurence Dunbar,paul-laurence-dunbar-8c8880560cad1916,Limitations,Paul Laurence Dunbar/Limitations.txt,933,6f65566297cef0fe4f84f8ec885cd1f46a7dce52c16ad0c90648afd91b2ba1cf,6f65566297cef0fe4f84f8ec885cd1f46a7dce52c16ad0c90648afd91b2ba1cf,933,20,18,176,
1.0,versemap-reference-d9969e023145ab13,paul-laurence-dunbar,Paul Laurence Dunbar,paul-laurence-dunbar-2b8675aa4b777e75,Lincoln,Paul Laurence Dunbar/Lincoln.txt,821,f0d2f6586915a5ec3f4cf49caaed845d9a67f1910f4e20f586a2b58d02d490bf,f0d2f6586915a5ec3f4cf49caaed845d9a67f1910f4e20f586a2b58d02d490bf,821,18,18,146,
1.0,versemap-reference-d9969e023145ab13,paul-laurence-dunbar,Paul Laurence Dunbar,paul-laurence-dunbar-61593f528e289d39,Little Brown Baby,Paul Laurence Dunbar/Little Brown Baby.txt,1415,6058a681eb2e06ef9e505631b2766fa9ebc7743f3e5394abbece59f86dc39b48,6058a681eb2e06ef9e505631b2766fa9ebc7743f3e5394abbece59f86dc39b48,1415,35,32,271,
1.0,versemap-reference-d9969e023145ab13,paul-laurence-dunbar,Paul Laurence Dunbar,paul-laurence-dunbar-2d5802bf3b32faf8,Little Lucy Landman,Paul Laurence Dunbar/Little Lucy Landman.txt,1276,16058d30bd30c19b3a0141a3486c0cac25afaf28c7b4655ce67cd7d0c1bf4758,16058d30bd30c19b3a0141a3486c0cac25afaf28c7b4655ce67cd7d0c1bf4758,1276,44,40,242,
1.0,versemap-reference-d9969e023145ab13,paul-laurence-dunbar,Paul Laurence Dunbar,paul-laurence-dunbar-14b8fdc7d89430f4,Liza May,Paul Laurence Dunbar/Liza May.txt,1610,b7d70c62098e4820300f08735f05697c119545c91569319d5b040c31af58dabf,b7d70c62098e4820300f08735f05697c119545c91569319d5b040c31af58dabf,1610,79,60,283,
1.0,versemap-reference-d9969e023145ab13,paul-laurence-dunbar,Paul Laurence Dunbar,paul-laurence-dunbar-5d07d643aceb7abc,Lonesome,Paul Laurence Dunbar/Lonesome.txt,1815,c078bded46910d5916a4dcdaf579b6457b6d1042b4dda9478a61806ee780df64,c078bded46910d5916a4dcdaf579b6457b6d1042b4dda9478a61806ee780df64,1815,34,30,363,
1.0,versemap-reference-d9969e023145ab13,paul-laurence-dunbar,Paul Laurence Dunbar,paul-laurence-dunbar-08895fd40504930a,Long Ago,Paul Laurence Dunbar/Long Ago.txt,1142,6005b0c9a454f7d52392cf1472a9ce11554446bcc5dd059eab87240936b49a03,6005b0c9a454f7d52392cf1472a9ce11554446bcc5dd059eab87240936b49a03,1142,41,36,240,
1.0,versemap-reference-d9969e023145ab13,paul-laurence-dunbar,Paul Laurence Dunbar,paul-laurence-dunbar-b6897862740250cb,Longing,Paul Laurence Dunbar/Longing.txt,620,c161f4d6cf00428790a7488f74ce113d7a5af8ead8c73a502178498eec475c24,c161f4d6cf00428790a7488f74ce113d7a5af8ead8c73a502178498eec475c24,620,14,12,127,
1.0,versemap-reference-d9969e023145ab13,paul-laurence-dunbar,Paul Laurence Dunbar,paul-laurence-dunbar-2d532dec19bfd9a5,Love and Grief,Paul Laurence Dunbar/Love and Grief.txt,303,3cc9653d63f9b39fefecb0136bd51441cbbf4b900ae810f493f33d6156856eb3,3cc9653d63f9b39fefecb0136bd51441cbbf4b900ae810f493f33d6156856eb3,303,7,7,55,
1.0,versemap-reference-d9969e023145ab13,paul-laurence-dunbar,Paul Laurence Dunbar,paul-laurence-dunbar-4c3e7bebcdddd88b,Love Despoiled,Paul Laurence Dunbar/Love Despoiled.txt,548,44647096ccfa02fe91a4af847d8a037f22a18c3dc231ae404aed00102610f6b8,44647096ccfa02fe91a4af847d8a037f22a18c3dc231ae404aed00102610f6b8,548,17,15,103,
1.0,versemap-reference-d9969e023145ab13,paul-laurence-dunbar,Paul Laurence Dunbar,paul-laurence-dunbar-37e607aba8b9db68,Love's Apotheosis,Paul Laurence Dunbar/Love's Apotheosis.txt,849,6a359f28384bbc3f94804497ac6469cbedd10efd54bd915c03ab126d91899c56,6a359f28384bbc3f94804497ac6469cbedd10efd54bd915c03ab126d91899c56,849,29,24,155,
1.0,versemap-reference-d9969e023145ab13,paul-laurence-dunbar,Paul Laurence Dunbar,paul-laurence-dunbar-ba39e9e301dab09f,Love's Castle,Paul Laurence Dunbar/Love's Castle.txt,466,3677eebe7f66d36412e44581663f0911f6318a5e46dadbb6f49618717296777e,3677eebe7f66d36412e44581663f0911f6318a5e46dadbb6f49618717296777e,466,19,16,91,
1.0,versemap-reference-d9969e023145ab13,paul-laurence-dunbar,Paul Laurence Dunbar,paul-laurence-dunbar-d10a05fd67787e99,Love's Chastening,Paul Laurence Dunbar/Love's Chastening.txt,325,56c7bb950add48bc999ba2a7625ef93924fe8cbca0fccc2e547897b109cf7095,56c7bb950add48bc999ba2a7625ef93924fe8cbca0fccc2e547897b109cf7095,325,7,7,62,
1.0,versemap-reference-d9969e023145ab13,paul-laurence-dunbar,Paul Laurence Dunbar,paul-laurence-dunbar-0a962a3e4a8e92a1,Love's Draft,Paul Laurence Dunbar/Love's Draft.txt,267,f560179ed40bf12c329c2fbcf160f1cb0a2d1c4e26ac7062ffb7da8cbf13ac90,f560179ed40bf12c329c2fbcf160f1cb0a2d1c4e26ac7062ffb7da8cbf13ac90,267,9,8,52,
1.0,versemap-reference-d9969e023145ab13,paul-laurence-dunbar,Paul Laurence Dunbar,paul-laurence-dunbar-0f4dd489efaf59ae,Love's Humility,Paul Laurence Dunbar/Love's Humility.txt,169,554d65444233ba1d346634dbe3d6d394faef8f4c7e75a09afd634a81772e4c7f,554d65444233ba1d346634dbe3d6d394faef8f4c7e75a09afd634a81772e4c7f,169,4,4,33,
1.0,versemap-reference-d9969e023145ab13,paul-laurence-dunbar,Paul Laurence Dunbar,paul-laurence-dunbar-2aaacae2839d192c,Love's Phases,Paul Laurence Dunbar/Love's Phases.txt,852,9e3ab06fee145d87495f38703b0ed74620ae7fdc01f0d7301b09b6c37e0a3786,9e3ab06fee145d87495f38703b0ed74620ae7fdc01f0d7301b09b6c37e0a3786,852,27,24,155,
1.0,versemap-reference-d9969e023145ab13,paul-laurence-dunbar,Paul Laurence Dunbar,paul-laurence-dunbar-41e6919e4d5df65c,Love's Pictures,Paul Laurence Dunbar/Love's Pictures.txt,674,63387000e22e0a2fe735bb515a65094c978beca4238ab86a5a1bcd96bc668d8c,63387000e22e0a2fe735bb515a65094c978beca4238ab86a5a1bcd96bc668d8c,674,29,24,114,
1.0,versemap-reference-d9969e023145ab13,paul-laurence-dunbar,Paul Laurence Dunbar,paul-laurence-dunbar-df1966d295e4ec67,Love's Seasons,Paul Laurence Dunbar/Love's Seasons.txt,799,3b1fde431dc0a1293bf40b4118566f6b4337a5b4731b1e86696336137315be3b,3b1fde431dc0a1293bf40b4118566f6b4337a5b4731b1e86696336137315be3b,799,19,16,144,
1.0,versemap-reference-d9969e023145ab13,paul-laurence-dunbar,Paul Laurence Dunbar,paul-laurence-dunbar-729d4396c8c1740c,Love-Song,Paul Laurence Dunbar/Love-Song.txt,737,0bfa237e2030f74108d4fe6aa271fbceb317058d332d2bcb47c096d19521891d,0bfa237e2030f74108d4fe6aa271fbceb317058d332d2bcb47c096d19521891d,737,17,16,141,
1.0,versemap-reference-d9969e023145ab13,paul-laurence-dunbar,Paul Laurence Dunbar,paul-laurence-dunbar-f7a61a2d9236f72f,Love,Paul Laurence Dunbar/Love.txt,608,1df1929be86b90786e273a7e98e3cf73114c5050b72b99e6be417b21ac82642f,1df1929be86b90786e273a7e98e3cf73114c5050b72b99e6be417b21ac82642f,608,14,14,114,
1.0,versemap-reference-d9969e023145ab13,paul-laurence-dunbar,Paul Laurence Dunbar,paul-laurence-dunbar-6f93fab840fb45b1,Lover's Lane,Paul Laurence Dunbar/Lover's Lane.txt,1114,2bb55840de2cb0aa7fc1d18fb2d8c3fbde1f5d1ad248b3088e8505235c50387d,2bb55840de2cb0aa7fc1d18fb2d8c3fbde1f5d1ad248b3088e8505235c50387d,1114,44,40,211,
1.0,versemap-reference-d9969e023145ab13,paul-laurence-dunbar,Paul Laurence Dunbar,paul-laurence-dunbar-b1053d88c83f6c15,Lullaby,Paul Laurence Dunbar/Lullaby.txt,1174,7b93315b7fd7c69792d0f9e2358fa0e5a16f91678dd5c0517c2ac69ea12f27c8,7b93315b7fd7c69792d0f9e2358fa0e5a16f91678dd5c0517c2ac69ea12f27c8,1174,44,40,208,
1.0,versemap-reference-d9969e023145ab13,paul-laurence-dunbar,Paul Laurence Dunbar,paul-laurence-dunbar-edc561e438b78ebf,Lyrics of Love and Sorrow,Paul Laurence Dunbar/Lyrics of Love and Sorrow.txt,1870,1fcd9070f65fdce1acab54abb327905b14cd7047c7f6219d560a64d6fcaab4ce,1fcd9070f65fdce1acab54abb327905b14cd7047c7f6219d560a64d6fcaab4ce,1870,73,60,364,
1.0,versemap-reference-d9969e023145ab13,paul-laurence-dunbar,Paul Laurence Dunbar,paul-laurence-dunbar-1ee967be4f0f622d,Mare Rubrum,Paul Laurence Dunbar/Mare Rubrum.txt,637,dc7ce74820c3b1e32640d50b72d36066e66a8dc169e61c13a3ae2cc39d368f1a,dc7ce74820c3b1e32640d50b72d36066e66a8dc169e61c13a3ae2cc39d368f1a,637,15,14,108,
1.0,versemap-reference-d9969e023145ab13,paul-laurence-dunbar,Paul Laurence Dunbar,paul-laurence-dunbar-e413bc730732eac7,Melancholia,Paul Laurence Dunbar/Melancholia.txt,1555,bb2fd06dc646b99778c068406d42ed290daf81f7d5820dde71319ce3525a30ca,bb2fd06dc646b99778c068406d42ed290daf81f7d5820dde71319ce3525a30ca,1555,63,56,271,
1.0,versemap-reference-d9969e023145ab13,paul-laurence-dunbar,Paul Laurence Dunbar,paul-laurence-dunbar-47a8a0a4a4191184,Merry Autumn,Paul Laurence Dunbar/Merry Autumn.txt,1356,d15774aa2f6d6ed8d81e7cae42cd4f608eb8a71d047cbc40a29c1d96678cf1fb,d15774aa2f6d6ed8d81e7cae42cd4f608eb8a71d047cbc40a29c1d96678cf1fb,1356,49,40,235,
1.0,versemap-reference-d9969e023145ab13,paul-laurence-dunbar,Paul Laurence Dunbar,paul-laurence-dunbar-748ad4635a770217,Misapprehension,Paul Laurence Dunbar/Misapprehension.txt,330,cde8b4636636947a5dcaf7db00a3acf8b384bea7d4740d3a722ae7cfc31ca38f,cde8b4636636947a5dcaf7db00a3acf8b384bea7d4740d3a722ae7cfc31ca38f,330,11,11,53,
1.0,versemap-reference-d9969e023145ab13,paul-laurence-dunbar,Paul Laurence Dunbar,paul-laurence-dunbar-b7317f73606b17d5,Morning Song of Love,Paul Laurence Dunbar/Morning Song of Love.txt,799,f6bd41440bbc8149dda91690292c4e5f29b0538ec67c8e1d3a7cf8d86cf79565,f6bd41440bbc8149dda91690292c4e5f29b0538ec67c8e1d3a7cf8d86cf79565,799,19,16,148,
1.0,versemap-reference-d9969e023145ab13,paul-laurence-dunbar,Paul Laurence Dunbar,paul-laurence-dunbar-a503ce608820d070,Morning,Paul Laurence Dunbar/Morning.txt,546,f47a6a15d2c9f0b591119011f6941c6e57adfc0f3cd1c9bde120b403b3f7034c,f47a6a15d2c9f0b591119011f6941c6e57adfc0f3cd1c9bde120b403b3f7034c,546,17,16,92,
1.0,versemap-reference-d9969e023145ab13,paul-laurence-dunbar,Paul Laurence Dunbar,paul-laurence-dunbar-abaf7d4a2b0130e5,Mortality,Paul Laurence Dunbar/Mortality.txt,492,27433b84f42d9ba84df869b9f0686f537b8fc5123e5e561e242df3ddbacef23f,27433b84f42d9ba84df869b9f0686f537b8fc5123e5e561e242df3ddbacef23f,492,12,12,95,
1.0,versemap-reference-d9969e023145ab13,paul-laurence-dunbar,Paul Laurence Dunbar,paul-laurence-dunbar-aeb89739de8a2630,My Corn-Cob Pipe,Paul Laurence Dunbar/My Corn-Cob Pipe.txt,930,2b15c7bf5f59a06cf8cc9a9dbc84a83970933c9153708588d357b6ba453e4dc4,2b15c7bf5f59a06cf8cc9a9dbc84a83970933c9153708588d357b6ba453e4dc4,930,19,16,180,
1.0,versemap-reference-d9969e023145ab13,paul-laurence-dunbar,Paul Laurence Dunbar,paul-laurence-dunbar-eeb1a976f86ef3ce,My Lady of Castle Grand,Paul Laurence Dunbar/My Lady of Castle Grand.txt,1112,48a2fb83b97e38b833bb8b43195558a6b37730aa00e3413eb21b1b4da7737ed1,48a2fb83b97e38b833bb8b43195558a6b37730aa00e3413eb21b1b4da7737ed1,1112,39,32,204,
1.0,versemap-reference-d9969e023145ab13,paul-laurence-dunbar,Paul Laurence Dunbar,paul-laurence-dunbar-d4d1dda9c6b00ee4,My Little March Girl,Paul Laurence Dunbar/My Little March Girl.txt,1047,d7c6a82fba456c84300f5daa091a3e1849ef2adae728ed58aa7ba954ecf5a60f,d7c6a82fba456c84300f5daa091a3e1849ef2adae728ed58aa7ba954ecf5a60f,1047,26,24,188,
1.0,versemap-reference-d9969e023145ab13,paul-laurence-dunbar,Paul Laurence Dunbar,paul-laurence-dunbar-d749fc9f4dd20ab5,My Sort O' Man,Paul Laurence Dunbar/My Sort O' Man.txt,2091,f3f9b4f2d877360e6393cdc85ad1a685fcc6eb0671e474eb4150846b3ebd1d6b,f3f9b4f2d877360e6393cdc85ad1a685fcc6eb0671e474eb4150846b3ebd1d6b,2091,71,64,387,
1.0,versemap-reference-d9969e023145ab13,paul-laurence-dunbar,Paul Laurence Dunbar,paul-laurence-dunbar-bdaff0e8e9b031c6,My Sweet Brown Gal,Paul Laurence Dunbar/My Sweet Brown Gal.txt,910,bfa236ea50d3f48ca3b3937e3a971b7d3a1e1f15418b23d33a32d333ad58b09c,bfa236ea50d3f48ca3b3937e3a971b7d3a1e1f15418b23d33a32d333ad58b09c,910,24,20,178,
1.0,versemap-reference-d9969e023145ab13,paul-laurence-dunbar,Paul Laurence Dunbar,paul-laurence-dunbar-ba40e7d121e5723c,Nature and Art,Paul Laurence Dunbar/Nature and Art.txt,1280,f979a27d95f0f21d9f4c045346fe3a90a51d419ae5b71ae0df074cefc98f35ac,f979a27d95f0f21d9f4c045346fe3a90a51d419ae5b71ae0df074cefc98f35ac,1280,31,29,235,
1.0,versemap-reference-d9969e023145ab13,paul-laurence-dunbar,Paul Laurence Dunbar,paul-laurence-dunbar-547f168d0083bc55,Night of Love,Paul Laurence Dunbar/Night of Love.txt,789,b50aa9cc95a5dd37964f87c95cebdbcc30a4c07e5d32658d9412a4ca72988993,b50aa9cc95a5dd37964f87c95cebdbcc30a4c07e5d32658d9412a4ca72988993,789,26,24,144,
1.0,versemap-reference-d9969e023145ab13,paul-laurence-dunbar,Paul Laurence Dunbar,paul-laurence-dunbar-0eb9de2b80ba2bec,"Night, Dim Night","Paul Laurence Dunbar/Night, Dim Night.txt",405,9a1077e422db1348291a95b3420b13508c48da84cc41e6107a1a9f6ff938f9d4,9a1077e422db1348291a95b3420b13508c48da84cc41e6107a1a9f6ff938f9d4,405,11,10,74,
1.0,versemap-reference-d9969e023145ab13,paul-laurence-dunbar,Paul Laurence Dunbar,paul-laurence-dunbar-c5b06329a6a1a7df,Night,Paul Laurence Dunbar/Night.txt,259,f3716ad42e0ebb0359335c2c9101770b26ab9453dd330c79623e6d2a56c494f3,f3716ad42e0ebb0359335c2c9101770b26ab9453dd330c79623e6d2a56c494f3,259,9,8,42,
1.0,versemap-reference-d9969e023145ab13,paul-laurence-dunbar,Paul Laurence Dunbar,paul-laurence-dunbar-0548aebe05c5a825,Noddin' by de Fire,Paul Laurence Dunbar/Noddin' by de Fire.txt,1044,5fbb5944a3c1497fd580aad3865a21e8a650f63268f15374cca990ddc81ff5c0,5fbb5944a3c1497fd580aad3865a21e8a650f63268f15374cca990ddc81ff5c0,1044,35,32,199,
1.0,versemap-reference-d9969e023145ab13,paul-laurence-dunbar,Paul Laurence Dunbar,paul-laurence-dunbar-154df91f2dd9e190,Noon,Paul Laurence Dunbar/Noon.txt,741,c01c3ac5052b1e564f09214b5c196145fbb209b50a0b1ffdbd6a1d3556209a07,c01c3ac5052b1e564f09214b5c196145fbb209b50a0b1ffdbd6a1d3556209a07,741,35,32,148,
1.0,versemap-reference-d9969e023145ab13,paul-laurence-dunbar,Paul Laurence Dunbar,paul-laurence-dunbar-7fdadf5d420ac71c,Nora a Serenade,Paul Laurence Dunbar/Nora a Serenade.txt,942,c3ca9a7ebce32c4505d2a99d075ee05f7b2e9f3f71257e1d54b25181dc598bb2,c3ca9a7ebce32c4505d2a99d075ee05f7b2e9f3f71257e1d54b25181dc598bb2,942,22,20,178,
1.0,versemap-reference-d9969e023145ab13,paul-laurence-dunbar,Paul Laurence Dunbar,paul-laurence-dunbar-e1564331cd00c092,Not They Who Soar,Paul Laurence Dunbar/Not They Who Soar.txt,512,4d063e41ae4d9faeb2aa6afbe3461e3e43f3d81562bc2a4b187bcf3c00e0d88a,4d063e41ae4d9faeb2aa6afbe3461e3e43f3d81562bc2a4b187bcf3c00e0d88a,512,16,15,98,
1.0,versemap-reference-d9969e023145ab13,paul-laurence-dunbar,Paul Laurence Dunbar,paul-laurence-dunbar-15a5e277eb6c7d07,Nutting Song,Paul Laurence Dunbar/Nutting Song.txt,1051,bbf12fc026bde87bf92d2ef5c0660c54875d8fe79209e6345c790ae33ae450a9,bbf12fc026bde87bf92d2ef5c0660c54875d8fe79209e6345c790ae33ae450a9,1051,35,32,193,
1.0,versemap-reference-d9969e023145ab13,paul-laurence-dunbar,Paul Laurence Dunbar,paul-laurence-dunbar-e6a40f9c31b0af32,October,Paul Laurence Dunbar/October.txt,986,c73012c7848513eabad46097ded210ca3076c0bd3f6065ab7b83691b626bdf6a,c73012c7848513eabad46097ded210ca3076c0bd3f6065ab7b83691b626bdf6a,986,26,24,169,
1.0,versemap-reference-d9969e023145ab13,paul-laurence-dunbar,Paul Laurence Dunbar,paul-laurence-dunbar-1b9591a07ef3e0ff,Ode for Memorial Day,Paul Laurence Dunbar/Ode for Memorial Day.txt,1612,3f38621825ea8e1590cfb22836a7a1d88312c2f8ea41eab56fe89136746c51f8,3f38621825ea8e1590cfb22836a7a1d88312c2f8ea41eab56fe89136746c51f8,1612,38,36,282,
1.0,versemap-reference-d9969e023145ab13,paul-laurence-dunbar,Paul Laurence Dunbar,paul-laurence-dunbar-ad4cde14cbfbfeaa,Ode to Ethiopia,Paul Laurence Dunbar/Ode to Ethiopia.txt,1662,d611a56caf4b20ab03637e9f7fe602258b3ef4ab4b81b0a5f7ec3ce54a301ae9,d611a56caf4b20ab03637e9f7fe602258b3ef4ab4b81b0a5f7ec3ce54a301ae9,1662,55,48,290,
1.0,versemap-reference-d9969e023145ab13,paul-laurence-dunbar,Paul Laurence Dunbar,paul-laurence-dunbar-2d6e21b2c93f76bf,On a Clean Book,Paul Laurence Dunbar/On a Clean Book.txt,257,a10b29742147958e4107db00e9662c8925a6cb2f3f78e5c11844fa3f63e2706a,a10b29742147958e4107db00e9662c8925a6cb2f3f78e5c11844fa3f63e2706a,257,9,8,50,
1.0,versemap-reference-d9969e023145ab13,paul-laurence-dunbar,Paul Laurence Dunbar,paul-laurence-dunbar-7cff56c58d82db83,On the Death of W. C,Paul Laurence Dunbar/On the Death of W. C.txt,672,9448629713ea6e9dc280d4bfd97c9e2988da921f1992af0a9cc6e41ce1de1021,9448629713ea6e9dc280d4bfd97c9e2988da921f1992af0a9cc6e41ce1de1021,672,26,23,122,
1.0,versemap-reference-d9969e023145ab13,paul-laurence-dunbar,Paul Laurence Dunbar,paul-laurence-dunbar-94af466c4a353fc9,On the Dedication of Dorothy Hall,Paul Laurence Dunbar/On the Dedication of Dorothy Hall.txt,1024,09dac361b5af2a22911e085622898b21587875f267e07253c47b09f27979ed5c,09dac361b5af2a22911e085622898b21587875f267e07253c47b09f27979ed5c,1024,29,24,187,
1.0,versemap-reference-d9969e023145ab13,paul-laurence-dunbar,Paul Laurence Dunbar,paul-laurence-dunbar-2311ab54c5bf9767,On the River,Paul Laurence Dunbar/On the River.txt,567,ed10f2b590df4c8e9a3c457c3c3b087646a415d42800758f67af0bcf36b41eba,ed10f2b590df4c8e9a3c457c3c3b087646a415d42800758f67af0bcf36b41eba,567,27,24,106,
1.0,versemap-reference-d9969e023145ab13,paul-laurence-dunbar,Paul Laurence Dunbar,paul-laurence-dunbar-e8073f172b2d5d83,On the Road,Paul Laurence Dunbar/On the Road.txt,1065,7d6e86471bb303ed3205a7c01213b0d60760aecea1e377999a1351b8a19890c4,7d6e86471bb303ed3205a7c01213b0d60760aecea1e377999a1351b8a19890c4,1065,35,32,214,
1.0,versemap-reference-d9969e023145ab13,paul-laurence-dunbar,Paul Laurence Dunbar,paul-laurence-dunbar-d235089cfbbacff5,On the Sea Wall,Paul Laurence Dunbar/On the Sea Wall.txt,1183,b3baef1bf0e1bb869071c1d39677f199913420cc6d3e7ec56971f7645e430513,b3baef1bf0e1bb869071c1d39677f199913420cc6d3e7ec56971f7645e430513,1183,41,36,216,
1.0,versemap-reference-d9969e023145ab13,paul-laurence-dunbar,Paul Laurence Dunbar,paul-laurence-dunbar-45aa3ff6c72cf585,One Life,Paul Laurence Dunbar/One Life.txt,1078,d3dacee770626e9c3bb2c19633b4fe09d47c96ee85e0eb008c0addbb9c0b223e,d3dacee770626e9c3bb2c19633b4fe09d47c96ee85e0eb008c0addbb9c0b223e,1078,34,30,211,
1.0,versemap-reference-d9969e023145ab13,paul-laurence-dunbar,Paul Laurence Dunbar,paul-laurence-dunbar-c1382bdb03bf3370,Opportunity,Paul Laurence Dunbar/Opportunity.txt,1079,6fae31612003f7bcc4f732beb997a1d7689ab8af3d8f85f2ae694879b5c72b7d,6fae31612003f7bcc4f732beb997a1d7689ab8af3d8f85f2ae694879b5c72b7d,1079,44,40,201,
1.0,versemap-reference-d9969e023145ab13,paul-laurence-dunbar,Paul Laurence Dunbar,paul-laurence-dunbar-c0a9d85574e5f897,Over the Hills,Paul Laurence Dunbar/Over the Hills.txt,298,c4d7f8d8954d0ee5f337b6ee4463471fd755ccba4e2dd15cfb560ad4b6b21be3,c4d7f8d8954d0ee5f337b6ee4463471fd755ccba4e2dd15cfb560ad4b6b21be3,298,9,8,52,
1.0,versemap-reference-d9969e023145ab13,paul-laurence-dunbar,Paul Laurence Dunbar,paul-laurence-dunbar-c8b073b7882db507,Parted - De breeze is blowin' 'cross de bay,Paul Laurence Dunbar/Parted - De breeze is blowin' 'cross de bay.txt,902,ff7d0b9bffd015bb71bb77f9d84aaed6a84f90b1f420a117a5e9d4bafc7d2ef3,ff7d0b9bffd015bb71bb77f9d84aaed6a84f90b1f420a117a5e9d4bafc7d2ef3,902,32,29,189,
1.0,versemap-reference-d9969e023145ab13,paul-laurence-dunbar,Paul Laurence Dunbar,paul-laurence-dunbar-525bc469dcf4d0e9,"Parted - She wrapped her soul in a lace of lies,","Paul Laurence Dunbar/Parted - She wrapped her soul in a lace of lies,.txt",294,bd21ffbe245a59313835b8b1416340a58a9119e9bb43f4152759f4317c42f0d4,bd21ffbe245a59313835b8b1416340a58a9119e9bb43f4152759f4317c42f0d4,294,9,8,60,
1.0,versemap-reference-d9969e023145ab13,paul-laurence-dunbar,Paul Laurence Dunbar,paul-laurence-dunbar-66bdbe01c4297314,Passion and Love,Paul Laurence Dunbar/Passion and Love.txt,617,30d8c41a133a251fd3b5359d0770be1ba24cc862f899d2c0886f7dd4a57307f8,30d8c41a133a251fd3b5359d0770be1ba24cc862f899d2c0886f7dd4a57307f8,617,15,14,115,
1.0,versemap-reference-d9969e023145ab13,paul-laurence-dunbar,Paul Laurence Dunbar,paul-laurence-dunbar-6b0e4881020b44a0,Philosophy,Paul Laurence Dunbar/Philosophy.txt,1008,0a35a635ed7108b934deda4c5c96d531dd494c1e373234189c86409be65099e9,0a35a635ed7108b934deda4c5c96d531dd494c1e373234189c86409be65099e9,1008,19,16,193,
1.0,versemap-reference-d9969e023145ab13,paul-laurence-dunbar,Paul Laurence Dunbar,paul-laurence-dunbar-f24bbb96ddad5134,Phyllis,Paul Laurence Dunbar/Phyllis.txt,680,13b16be3e25c03a636a9bc7cf642d76c8f5981378466cb00962ad3bb5f4db690,13b16be3e25c03a636a9bc7cf642d76c8f5981378466cb00962ad3bb5f4db690,680,17,15,129,
1.0,versemap-reference-d9969e023145ab13,paul-laurence-dunbar,Paul Laurence Dunbar,paul-laurence-dunbar-67c212326a44e0a6,Poor Withered Rose,Paul Laurence Dunbar/Poor Withered Rose.txt,806,bf027f739bfe9998e18fd0480bd70ed8c25aeaa47acc71fb144551ae84137625,bf027f739bfe9998e18fd0480bd70ed8c25aeaa47acc71fb144551ae84137625,806,27,23,149,
1.0,versemap-reference-d9969e023145ab13,paul-laurence-dunbar,Paul Laurence Dunbar,paul-laurence-dunbar-68a2a4359621c9e5,Possession,Paul Laurence Dunbar/Possession.txt,1295,4070150b96c4da31972844f68ccf1cd93a523ce099e4fcdf183b0d9f7c8c6e8e,4070150b96c4da31972844f68ccf1cd93a523ce099e4fcdf183b0d9f7c8c6e8e,1295,44,40,252,
1.0,versemap-reference-d9969e023145ab13,paul-laurence-dunbar,Paul Laurence Dunbar,paul-laurence-dunbar-41799dfe0971c0ab,Possum Trot,Paul Laurence Dunbar/Possum Trot.txt,2769,759dd2e22cb76bb2b0a2340dadd39006c4cf68b1a07a9ed1cd74eacd6f8c72b3,759dd2e22cb76bb2b0a2340dadd39006c4cf68b1a07a9ed1cd74eacd6f8c72b3,2769,51,46,554,
1.0,versemap-reference-d9969e023145ab13,paul-laurence-dunbar,Paul Laurence Dunbar,paul-laurence-dunbar-e489eff78772a814,Possum,Paul Laurence Dunbar/Possum.txt,1038,913f7432aa909d1f100fea0bb6994b4c7c5e1307e16515303a540e4512eb276f,913f7432aa909d1f100fea0bb6994b4c7c5e1307e16515303a540e4512eb276f,1038,35,32,207,
1.0,versemap-reference-d9969e023145ab13,paul-laurence-dunbar,Paul Laurence Dunbar,paul-laurence-dunbar-26cc32c474b8dbad,Precedent,Paul Laurence Dunbar/Precedent.txt,160,e6a52a5593b80b3df0f056117d374bc642797c46014e612222594a710700e47e,e6a52a5593b80b3df0f056117d374bc642797c46014e612222594a710700e47e,160,4,4,32,
1.0,versemap-reference-d9969e023145ab13,paul-laurence-dunbar,Paul Laurence Dunbar,paul-laurence-dunbar-82ef52385d38b4bb,Premonition,Paul Laurence Dunbar/Premonition.txt,877,7d15bf14e8c9f561f97bb170e4903f035f44d84e14733a4e86ae6342d77334af,7d15bf14e8c9f561f97bb170e4903f035f44d84e14733a4e86ae6342d77334af,877,27,24,148,
1.0,versemap-reference-d9969e023145ab13,paul-laurence-dunbar,Paul Laurence Dunbar,paul-laurence-dunbar-3388d5c4a3eb8f4a,Preparation,Paul Laurence Dunbar/Preparation.txt,353,3808ea5e828b2d6414e1f27e7cf7e764243a6802f176724e1e9dfd6e959139a1,3808ea5e828b2d6414e1f27e7cf7e764243a6802f176724e1e9dfd6e959139a1,353,8,8,67,
1.0,versemap-reference-d9969e023145ab13,paul-laurence-dunbar,Paul Laurence Dunbar,paul-laurence-dunbar-b2e8229d9568d42b,Prometheus,Paul Laurence Dunbar/Prometheus.txt,920,614825bb91e33c883ec926030aabbc90e1f8df674e64cbfeb9f8b65b9ac9b65e,614825bb91e33c883ec926030aabbc90e1f8df674e64cbfeb9f8b65b9ac9b65e,920,24,20,163,
1.0,versemap-reference-d9969e023145ab13,paul-laurence-dunbar,Paul Laurence Dunbar,paul-laurence-dunbar-778db6268f2858f6,Promise,Paul Laurence Dunbar/Promise.txt,532,1f0bf1f795a8cc146bf0563043390e13d7c2a28da45e16619cc02f02614c4838,1f0bf1f795a8cc146bf0563043390e13d7c2a28da45e16619cc02f02614c4838,532,13,12,106,
1.0,versemap-reference-d9969e023145ab13,paul-laurence-dunbar,Paul Laurence Dunbar,paul-laurence-dunbar-61eae2afa5646031,Protest,Paul Laurence Dunbar/Protest.txt,805,fcbff43347b3fcd596d1d931c3bbe29d037af22b0eac19d0caf80e8fa7bf662e,fcbff43347b3fcd596d1d931c3bbe29d037af22b0eac19d0caf80e8fa7bf662e,805,26,24,161,
1.0,versemap-reference-d9969e023145ab13,paul-laurence-dunbar,Paul Laurence Dunbar,paul-laurence-dunbar-81f79d3280479d2c,Puttin' the Baby Away,Paul Laurence Dunbar/Puttin' the Baby Away.txt,1392,e41cb3e6653de52d6a909c743e614129bfbc9d40f3e16f7df73f62f07728afe2,e41cb3e6653de52d6a909c743e614129bfbc9d40f3e16f7df73f62f07728afe2,1392,44,40,276,
1.0,versemap-reference-d9969e023145ab13,paul-laurence-dunbar,Paul Laurence Dunbar,paul-laurence-dunbar-90137e8cb798fa8f,Rain-Songs,Paul Laurence Dunbar/Rain-Songs.txt,185,4c000ae794047eddf32ccb81d8baa0c703dbdec2bc1d9af84f48ab0b3c738d78,4c000ae794047eddf32ccb81d8baa0c703dbdec2bc1d9af84f48ab0b3c738d78,185,4,4,32,
1.0,versemap-reference-d9969e023145ab13,paul-laurence-dunbar,Paul Laurence Dunbar,paul-laurence-dunbar-0f8206182079ab15,Religion,Paul Laurence Dunbar/Religion.txt,547,33d0258629e6afaaa8435a42c425bfff74c12b734326ec1fd170a23006c4fb60,33d0258629e6afaaa8435a42c425bfff74c12b734326ec1fd170a23006c4fb60,547,17,15,99,
1.0,versemap-reference-d9969e023145ab13,paul-laurence-dunbar,Paul Laurence Dunbar,paul-laurence-dunbar-51d9274a35c8b57f,Reluctance,Paul Laurence Dunbar/Reluctance.txt,1272,9ae03f100799915273614be98d117bd46e53e9e8bec1151175892e3d14a59c25,9ae03f100799915273614be98d117bd46e53e9e8bec1151175892e3d14a59c25,1272,47,42,253,
1.0,versemap-reference-d9969e023145ab13,paul-laurence-dunbar,Paul Laurence Dunbar,paul-laurence-dunbar-bc0315a2e2f4fa25,Remembered,Paul Laurence Dunbar/Remembered.txt,844,39b93dcc4c3b5ae8d48780503edc668c94dff8f5a9c0ae99ce598681e72c8cbc,39b93dcc4c3b5ae8d48780503edc668c94dff8f5a9c0ae99ce598681e72c8cbc,844,23,20,161,
1.0,versemap-reference-d9969e023145ab13,paul-laurence-dunbar,Paul Laurence Dunbar,paul-laurence-dunbar-9f22581b39a08564,Reponse,Paul Laurence Dunbar/Reponse.txt,440,6be9a2eaee11d713b5b91f878de9f7793149b6773d1b1cb68a24afb35946b30f,6be9a2eaee11d713b5b91f878de9f7793149b6773d1b1cb68a24afb35946b30f,440,14,12,81,
1.0,versemap-reference-d9969e023145ab13,paul-laurence-dunbar,Paul Laurence Dunbar,paul-laurence-dunbar-0d6f699cdda886d5,Resignation,Paul Laurence Dunbar/Resignation.txt,168,29f3a0bdb0d60b8d8913024c30c53619ec42f2debcc8d58edc62c2ad7c17f757,29f3a0bdb0d60b8d8913024c30c53619ec42f2debcc8d58edc62c2ad7c17f757,168,4,4,37,
1.0,versemap-reference-d9969e023145ab13,paul-laurence-dunbar,Paul Laurence Dunbar,paul-laurence-dunbar-22050ba49ca6fe87,Retort,Paul Laurence Dunbar/Retort.txt,421,67029606b7a4923972a034971fb407643965e1af8c7094ca00e9ebc6c80ff795,67029606b7a4923972a034971fb407643965e1af8c7094ca00e9ebc6c80ff795,421,11,10,85,
1.0,versemap-reference-d9969e023145ab13,paul-laurence-dunbar,Paul Laurence Dunbar,paul-laurence-dunbar-5f6ef89c43f69afe,Retrospection,Paul Laurence Dunbar/Retrospection.txt,2053,394e7629b1fac57ac4e5d14de53042227bd434bc38b1baa27da96fb3538f4a97,394e7629b1fac57ac4e5d14de53042227bd434bc38b1baa27da96fb3538f4a97,2053,59,55,372,
1.0,versemap-reference-d9969e023145ab13,paul-laurence-dunbar,Paul Laurence Dunbar,paul-laurence-dunbar-874ac9c161c8b6fd,Riding to Town,Paul Laurence Dunbar/Riding to Town.txt,1354,c9f9ef77241e4564cc67de3ed3049cf1646732de5bd61819743a7a41095e27e5,c9f9ef77241e4564cc67de3ed3049cf1646732de5bd61819743a7a41095e27e5,1354,35,32,259,
1.0,versemap-reference-d9969e023145ab13,paul-laurence-dunbar,Paul Laurence Dunbar,paul-laurence-dunbar-29b2a5d68f0d11a6,Right's Security,Paul Laurence Dunbar/Right's Security.txt,859,dfb62f14fb0426997f8d037700112874f124a95093db7086ec54f5f05320d118,dfb62f14fb0426997f8d037700112874f124a95093db7086ec54f5f05320d118,859,26,24,154,
1.0,versemap-reference-d9969e023145ab13,paul-laurence-dunbar,Paul Laurence Dunbar,paul-laurence-dunbar-15ae2641b08356e8,Robert Gould Shaw,Paul Laurence Dunbar/Robert Gould Shaw.txt,648,fc7cd2319f93e9cc7b9588672234eb4a0fe84896de666953f01e073b36178096,fc7cd2319f93e9cc7b9588672234eb4a0fe84896de666953f01e073b36178096,648,15,14,114,
1.0,versemap-reference-d9969e023145ab13,paul-laurence-dunbar,Paul Laurence Dunbar,paul-laurence-dunbar-fac8ce4c3640e90f,Roses and Pearls,Paul Laurence Dunbar/Roses and Pearls.txt,354,50a4837f33b1cfedfa6e1c8eb18cdbad8694d454da3dfb45032bba185c3db0a2,50a4837f33b1cfedfa6e1c8eb18cdbad8694d454da3dfb45032bba185c3db0a2,354,9,8,66,
1.0,versemap-reference-d9969e023145ab13,paul-laurence-dunbar,Paul Laurence Dunbar,paul-laurence-dunbar-9ae45c7a85001941,Roses,Paul Laurence Dunbar/Roses.txt,628,a6fb5617d666e5a437bb216d0370793e9f3f77cfe4426b16077ef91e026bed27,a6fb5617d666e5a437bb216d0370793e9f3f77cfe4426b16077ef91e026bed27,628,17,15,123,
1.0,versemap-reference-d9969e023145ab13,paul-laurence-dunbar,Paul Laurence Dunbar,paul-laurence-dunbar-0e55c29b219e40ca,Scamp,Paul Laurence Dunbar/Scamp.txt,1199,ead6d3c94a177ce45751ec5e4374fcba28c87a201f83ce9e111f35f5d9cd4714,ead6d3c94a177ce45751ec5e4374fcba28c87a201f83ce9e111f35f5d9cd4714,1199,41,39,225,
1.0,versemap-reference-d9969e023145ab13,paul-laurence-dunbar,Paul Laurence Dunbar,paul-laurence-dunbar-03da4dab597540ae,She Gave Me a Rose,Paul Laurence Dunbar/She Gave Me a Rose.txt,496,c1dac54f52531798ae4b1dea517df2e685f97ee8412181f8022fe30b483bea98,c1dac54f52531798ae4b1dea517df2e685f97ee8412181f8022fe30b483bea98,496,20,18,101,
1.0,versemap-reference-d9969e023145ab13,paul-laurence-dunbar,Paul Laurence Dunbar,paul-laurence-dunbar-57cd4b4117e19781,She Told Her Beads,Paul Laurence Dunbar/She Told Her Beads.txt,443,42da3cc34ce93a5561402738211d948d72fae0eec1a4ebaf91f9d513d54ae379,42da3cc34ce93a5561402738211d948d72fae0eec1a4ebaf91f9d513d54ae379,443,12,12,76,
1.0,versemap-reference-d9969e023145ab13,paul-laurence-dunbar,Paul Laurence Dunbar,paul-laurence-dunbar-9ed46e14410855d2,Ships That Pass in the Night,Paul Laurence Dunbar/Ships That Pass in the Night.txt,710,d7c2af72b95e9ec96800b3db1aec3f8675ae6daf14e920e04267f2a98ba968fd,d7c2af72b95e9ec96800b3db1aec3f8675ae6daf14e920e04267f2a98ba968fd,710,17,15,137,
1.0,versemap-reference-d9969e023145ab13,paul-laurence-dunbar,Paul Laurence Dunbar,paul-laurence-dunbar-df3828b540eccf39,Signs of the Times,Paul Laurence Dunbar/Signs of the Times.txt,1332,9da9218ca4ec95ed093108752ad756c3edda3bf12bc627962420990351f6e7e2,9da9218ca4ec95ed093108752ad756c3edda3bf12bc627962420990351f6e7e2,1332,44,40,227,
1.0,versemap-reference-d9969e023145ab13,paul-laurence-dunbar,Paul Laurence Dunbar,paul-laurence-dunbar-c9770697ff3e7e5c,Silence,Paul Laurence Dunbar/Silence.txt,148,09c2bdc5c3e94c074442395288aa5ae6228c66129a273d60f78a575319701e6e,09c2bdc5c3e94c074442395288aa5ae6228c66129a273d60f78a575319701e6e,148,4,4,27,
1.0,versemap-reference-d9969e023145ab13,paul-laurence-dunbar,Paul Laurence Dunbar,paul-laurence-dunbar-214d5fe183a8b5bc,Slow Through the Dark,Paul Laurence Dunbar/Slow Through the Dark.txt,659,c1f2e3cebfead68fc2972754c603c769e85f74221b3ec35aa3ecc3488d080ad8,c1f2e3cebfead68fc2972754c603c769e85f74221b3ec35aa3ecc3488d080ad8,659,14,14,111,
1.0,versemap-reference-d9969e023145ab13,paul-laurence-dunbar,Paul Laurence Dunbar,paul-laurence-dunbar-21fe22408b7c129b,Snowin',Paul Laurence Dunbar/Snowin'.txt,1974,dcda18f6e155f6be0ca910071864fdc99567e5176e923789ad12592570a43c45,dcda18f6e155f6be0ca910071864fdc99567e5176e923789ad12592570a43c45,1974,35,32,411,
1.0,versemap-reference-d9969e023145ab13,paul-laurence-dunbar,Paul Laurence Dunbar,paul-laurence-dunbar-2b20cad167270eb9,Soliloquy of a Turkey,Paul Laurence Dunbar/Soliloquy of a Turkey.txt,1786,f67fa2d7cd47e8366af0097c6bc12e0daf57d3b19dc8272325b7b2c292592a6f,f67fa2d7cd47e8366af0097c6bc12e0daf57d3b19dc8272325b7b2c292592a6f,1786,37,33,351,
1.0,versemap-reference-d9969e023145ab13,paul-laurence-dunbar,Paul Laurence Dunbar,paul-laurence-dunbar-fcc7faaacfeb0a43,"Song - My heart to thy heart,","Paul Laurence Dunbar/Song - My heart to thy heart,.txt",338,6602119cb98543b438607169cd038f96768e53cd76553ea71ba34049b469c1f7,6602119cb98543b438607169cd038f96768e53cd76553ea71ba34049b469c1f7,338,13,12,63,
1.0,versemap-reference-d9969e023145ab13,paul-laurence-dunbar,Paul Laurence Dunbar,paul-laurence-dunbar-81335eb0fcc0fbf3,"Song - Wintah, summah, snow er shine,","Paul Laurence Dunbar/Song - Wintah, summah, snow er shine,.txt",485,9aacb503113900e73a2e7cc76cbee96569dc67999882434c602fef71aece6dc9,9aacb503113900e73a2e7cc76cbee96569dc67999882434c602fef71aece6dc9,485,19,16,94,
1.0,versemap-reference-d9969e023145ab13,paul-laurence-dunbar,Paul Laurence Dunbar,paul-laurence-dunbar-b00d57ebb2b99051,Song of Summer,Paul Laurence Dunbar/Song of Summer.txt,922,23d7e4e519e2438a1a6f65cab59bd23e9af503013caa29850678a06ee4613788,23d7e4e519e2438a1a6f65cab59bd23e9af503013caa29850678a06ee4613788,922,35,32,157,
1.0,versemap-reference-d9969e023145ab13,paul-laurence-dunbar,Paul Laurence Dunbar,paul-laurence-dunbar-80746dc5600fa441,Sonnet,Paul Laurence Dunbar/Sonnet.txt,611,66c180101b20b0eb77a15f8d2655f92e5389b63152905c5433913adb4e932f17,66c180101b20b0eb77a15f8d2655f92e5389b63152905c5433913adb4e932f17,611,15,14,109,
1.0,versemap-reference-d9969e023145ab13,paul-laurence-dunbar,Paul Laurence Dunbar,paul-laurence-dunbar-5d1f3e67a590f99d,Speakin' at de Cou't-House,Paul Laurence Dunbar/Speakin' at de Cou't-House.txt,1501,43b02cf78e8ae6189ef02f313261b7ad46edc777239dee6bda518fbe6f56413f,43b02cf78e8ae6189ef02f313261b7ad46edc777239dee6bda518fbe6f56413f,1501,53,48,291,
1.0,versemap-reference-d9969e023145ab13,paul-laurence-dunbar,Paul Laurence Dunbar,paul-laurence-dunbar-7c0c9ad37a378d63,Speakin' O' Christmas,Paul Laurence Dunbar/Speakin' O' Christmas.txt,2007,09f738c61f9f6e1f8a5696ca06e284615d14f43cb25c00aed03747b4b282c9cc,09f738c61f9f6e1f8a5696ca06e284615d14f43cb25c00aed03747b4b282c9cc,2007,64,64,363,
1.0,versemap-reference-d9969e023145ab13,paul-laurence-dunbar,Paul Laurence Dunbar,paul-laurence-dunbar-b7d26f1038fcedff,Spring Fever,Paul Laurence Dunbar/Spring Fever.txt,996,3430e631400743b62d73946c0e202fabd74923cf0473b1658df2e8cd2ba5541a,3430e631400743b62d73946c0e202fabd74923cf0473b1658df2e8cd2ba5541a,996,44,40,176,
1.0,versemap-reference-d9969e023145ab13,paul-laurence-dunbar,Paul Laurence Dunbar,paul-laurence-dunbar-336e486f49e53907,Spring Song,Paul Laurence Dunbar/Spring Song.txt,626,90c616d190ad45afda9a1fbd04738ba7dae283c78d1fb09b53148a88ab13dc05,90c616d190ad45afda9a1fbd04738ba7dae283c78d1fb09b53148a88ab13dc05,626,20,18,116,
1.0,versemap-reference-d9969e023145ab13,paul-laurence-dunbar,Paul Laurence Dunbar,paul-laurence-dunbar-e75475812f613003,Sunset,Paul Laurence Dunbar/Sunset.txt,508,e689fa6d19b660facca994b09d1f024ff640bdd334972f9ea267cc66e57dc887,e689fa6d19b660facca994b09d1f024ff640bdd334972f9ea267cc66e57dc887,508,15,14,92,
1.0,versemap-reference-d9969e023145ab13,paul-laurence-dunbar,Paul Laurence Dunbar,paul-laurence-dunbar-be1e31c604710928,Suppose,Paul Laurence Dunbar/Suppose.txt,464,bd035918db12e11e78c5e774a4f11cdd2339221f2ca08b2f92c735cacc67a1ed,bd035918db12e11e78c5e774a4f11cdd2339221f2ca08b2f92c735cacc67a1ed,464,15,14,89,
1.0,versemap-reference-d9969e023145ab13,paul-laurence-dunbar,Paul Laurence Dunbar,paul-laurence-dunbar-06bf44478617f76d,Sympathy,Paul Laurence Dunbar/Sympathy.txt,918,1f6908ead6b20d848e5244b91bf3cc23c4c63c415f4ca7a2a259fa7c8eb6b86f,1f6908ead6b20d848e5244b91bf3cc23c4c63c415f4ca7a2a259fa7c8eb6b86f,918,23,21,186,
1.0,versemap-reference-d9969e023145ab13,paul-laurence-dunbar,Paul Laurence Dunbar,paul-laurence-dunbar-5eae586ca694d6b1,Temptation,Paul Laurence Dunbar/Temptation.txt,1512,e8dd0889479635d2d9bd96f6a3266c47c78b2acee96dbb0636e37245ae75f48b,e8dd0889479635d2d9bd96f6a3266c47c78b2acee96dbb0636e37245ae75f48b,1512,29,24,315,
1.0,versemap-reference-d9969e023145ab13,paul-laurence-dunbar,Paul Laurence Dunbar,paul-laurence-dunbar-70f19a7d312611fa,The Awakening,Paul Laurence Dunbar/The Awakening.txt,341,9c362754709073026fa6ffe96e6ed6842d54ed4f7fc5b0d2fc98a9d3ab1fbd7b,9c362754709073026fa6ffe96e6ed6842d54ed4f7fc5b0d2fc98a9d3ab1fbd7b,341,9,8,73,
1.0,versemap-reference-d9969e023145ab13,paul-laurence-dunbar,Paul Laurence Dunbar,paul-laurence-dunbar-556ea12d467a19dd,The Barrier,Paul Laurence Dunbar/The Barrier.txt,667,88a8bad3317fad138b38b650275887c7cbde53340d52cf47ce3996bda10cab75,88a8bad3317fad138b38b650275887c7cbde53340d52cf47ce3996bda10cab75,667,24,20,112,
1.0,versemap-reference-d9969e023145ab13,paul-laurence-dunbar,Paul Laurence Dunbar,paul-laurence-dunbar-10b213f608d2a6f3,The Bohemian,Paul Laurence Dunbar/The Bohemian.txt,255,0c0785ab5d4f2bef7b03cd536ea0e007913dc508bb39bba98cd6821da40172f7,0c0785ab5d4f2bef7b03cd536ea0e007913dc508bb39bba98cd6821da40172f7,255,6,6,49,
1.0,versemap-reference-d9969e023145ab13,paul-laurence-dunbar,Paul Laurence Dunbar,paul-laurence-dunbar-fd5dc8d2651e7ab9,The Boogah Man,Paul Laurence Dunbar/The Boogah Man.txt,1084,db15419c1a3bd0d97b7b1bcab7c570b9457c8044ae7c0c634e44b05cb9caebbd,db15419c1a3bd0d97b7b1bcab7c570b9457c8044ae7c0c634e44b05cb9caebbd,1084,47,44,201,
1.0,versemap-reference-d9969e023145ab13,paul-laurence-dunbar,Paul Laurence Dunbar,paul-laurence-dunbar-5505ce268bfc9f46,The Capture,Paul Laurence Dunbar/The Capture.txt,689,0efd5d9c2a617ab907c3ee9755c69ee42838a783222a8c8a77684c93aedee120,0efd5d9c2a617ab907c3ee9755c69ee42838a783222a8c8a77684c93aedee120,689,26,24,132,
1.0,versemap-reference-d9969e023145ab13,paul-laurence-dunbar,Paul Laurence Dunbar,paul-laurence-dunbar-f8cb6053e216b139,The Change Has Come,Paul Laurence Dunbar/The Change Has Come.txt,487,6a26bf61300e25b74cad2ead4401c51e320b3ceaa025a9a71ecc945dfafeb464,6a26bf61300e25b74cad2ead4401c51e320b3ceaa025a9a71ecc945dfafeb464,487,15,14,81,
1.0,versemap-reference-d9969e023145ab13,paul-laurence-dunbar,Paul Laurence Dunbar,paul-laurence-dunbar-3cda2f2f5eab5556,The Change,Paul Laurence Dunbar/The Change.txt,577,f33908fba7273d82a1e757565ab13e9fa4939a6ff9a777eb25ec730a6988d7c9,f33908fba7273d82a1e757565ab13e9fa4939a6ff9a777eb25ec730a6988d7c9,577,19,16,108,
1.0,versemap-reference-d9969e023145ab13,paul-laurence-dunbar,Paul Laurence Dunbar,paul-laurence-dunbar-3dd5f3cb699ba294,The Chase,Paul Laurence Dunbar/The Chase.txt,315,b9fc544724650f01d44213d4f6f284fddef17247faf83ac86e59175c98b9121b,b9fc544724650f01d44213d4f6f284fddef17247faf83ac86e59175c98b9121b,315,8,8,58,
1.0,versemap-reference-d9969e023145ab13,paul-laurence-dunbar,Paul Laurence Dunbar,paul-laurence-dunbar-021dc8984736eccb,The Colored Band,Paul Laurence Dunbar/The Colored Band.txt,1294,dbe839046d94d2fd0169f3495b178da38c3b4629f2115e3c45f0f328e11093a5,dbe839046d94d2fd0169f3495b178da38c3b4629f2115e3c45f0f328e11093a5,1294,32,28,234,
1.0,versemap-reference-d9969e023145ab13,paul-laurence-dunbar,Paul Laurence Dunbar,paul-laurence-dunbar-eb17b034b698fa1b,The Colored Soldiers,Paul Laurence Dunbar/The Colored Soldiers.txt,2736,100e181d80a73b361a8c56fc469d8e0ccd2895d03ee8b183e6a429d46ddc234b,100e181d80a73b361a8c56fc469d8e0ccd2895d03ee8b183e6a429d46ddc234b,2736,90,80,483,
1.0,versemap-reference-d9969e023145ab13,paul-laurence-dunbar,Paul Laurence Dunbar,paul-laurence-dunbar-116b1ff432556cbc,The Conquerors,Paul Laurence Dunbar/The Conquerors.txt,1028,300dc1d9f619527357c9d587ac5cac47884780cc324dfc061ba7f8c1c5bbc29c,300dc1d9f619527357c9d587ac5cac47884780cc324dfc061ba7f8c1c5bbc29c,1028,27,24,182,
1.0,versemap-reference-d9969e023145ab13,paul-laurence-dunbar,Paul Laurence Dunbar,paul-laurence-dunbar-a94c93a4ad9742fe,The Corn-Stalk Fiddle,Paul Laurence Dunbar/The Corn-Stalk Fiddle.txt,1884,df15ef1d03d978ec08d4c077139c84f5a5c685a89ec367f9b5a34d6295fc55cc,df15ef1d03d978ec08d4c077139c84f5a5c685a89ec367f9b5a34d6295fc55cc,1884,48,42,341,
1.0,versemap-reference-d9969e023145ab13,paul-laurence-dunbar,Paul Laurence Dunbar,paul-laurence-dunbar-6d5775ed56847db9,The Crisis,Paul Laurence Dunbar/The Crisis.txt,1128,eea820ee35b32e9c27e18f740278fb8fd6a098ae6ecb1fbf7a6b04fdddcdc992,eea820ee35b32e9c27e18f740278fb8fd6a098ae6ecb1fbf7a6b04fdddcdc992,1128,27,24,193,
1.0,versemap-reference-d9969e023145ab13,paul-laurence-dunbar,Paul Laurence Dunbar,paul-laurence-dunbar-6c67bed323680e8e,The Dance,Paul Laurence Dunbar/The Dance.txt,837,92b730f82e487d66978046c9d518b345a2939e7d2c1c520ae20ee9fa842e23e7,92b730f82e487d66978046c9d518b345a2939e7d2c1c520ae20ee9fa842e23e7,837,27,24,153,
1.0,versemap-reference-d9969e023145ab13,paul-laurence-dunbar,Paul Laurence Dunbar,paul-laurence-dunbar-a7bafe58c5a036e3,The Death of the First Born,Paul Laurence Dunbar/The Death of the First Born.txt,890,30d679d92fa7dfafc478326b19843f64d91ee46e92451931e2735ce45ec60335,30d679d92fa7dfafc478326b19843f64d91ee46e92451931e2735ce45ec60335,890,29,24,164,
1.0,versemap-reference-d9969e023145ab13,paul-laurence-dunbar,Paul Laurence Dunbar,paul-laurence-dunbar-38a1b77a5f3b8ff8,The Debt,Paul Laurence Dunbar/The Debt.txt,323,2c6458236869ec5d3125e722adb30b4509a0358761c07e97489a1700591dd2d7,2c6458236869ec5d3125e722adb30b4509a0358761c07e97489a1700591dd2d7,323,14,12,64,
1.0,versemap-reference-d9969e023145ab13,paul-laurence-dunbar,Paul Laurence Dunbar,paul-laurence-dunbar-d4aef5b950c7beab,The Delinquent,Paul Laurence Dunbar/The Delinquent.txt,850,665d79f36fe3d0b013be404329fb8fd5ee04dc5dc9de8a9115bd5f8ba9c186a1,665d79f36fe3d0b013be404329fb8fd5ee04dc5dc9de8a9115bd5f8ba9c186a1,850,32,27,167,
1.0,versemap-reference-d9969e023145ab13,paul-laurence-dunbar,Paul Laurence Dunbar,paul-laurence-dunbar-4250ab8d8c401ea2,The Deserted Plantation,Paul Laurence Dunbar/The Deserted Plantation.txt,1717,d2bc05974b6c6cc8b115d21e0bfa668f00938384a7c05bd63c5220865b2e7af4,d2bc05974b6c6cc8b115d21e0bfa668f00938384a7c05bd63c5220865b2e7af4,1717,44,36,348,
1.0,versemap-reference-d9969e023145ab13,paul-laurence-dunbar,Paul Laurence Dunbar,paul-laurence-dunbar-f487c959262cd856,The Dilettante a Modern Type,Paul Laurence Dunbar/The Dilettante a Modern Type.txt,535,61efe154512d3224d0826997a504f92389a8494e299cba79e70a6f777c5c35a9,61efe154512d3224d0826997a504f92389a8494e299cba79e70a6f777c5c35a9,535,19,16,92,
1.0,versemap-reference-d9969e023145ab13,paul-laurence-dunbar,Paul Laurence Dunbar,paul-laurence-dunbar-d8beb993ef9afa68,The Discovery,Paul Laurence Dunbar/The Discovery.txt,973,174fdecba3b829bc5876cd6f6bded1594ce712dc6cba0451d670f8d634e914f4,174fdecba3b829bc5876cd6f6bded1594ce712dc6cba0451d670f8d634e914f4,973,32,27,176,
1.0,versemap-reference-d9969e023145ab13,paul-laurence-dunbar,Paul Laurence Dunbar,paul-laurence-dunbar-4110dbb53607e2fd,The Disturber,Paul Laurence Dunbar/The Disturber.txt,1486,79c1179c0c0cdf3345d12320528a5f67a93f118bb20a6cebf18198c7fa7a0928,79c1179c0c0cdf3345d12320528a5f67a93f118bb20a6cebf18198c7fa7a0928,1486,35,32,308,
1.0,versemap-reference-d9969e023145ab13,paul-laurence-dunbar,Paul Laurence Dunbar,paul-laurence-dunbar-29aaf8b214b8b6a8,The Dove,Paul Laurence Dunbar/The Dove.txt,349,80615a87f069488eb3fe45d7cb77816a040acf2ff3c65e321518146c069cf469,80615a87f069488eb3fe45d7cb77816a040acf2ff3c65e321518146c069cf469,349,9,8,75,
1.0,versemap-reference-d9969e023145ab13,paul-laurence-dunbar,Paul Laurence Dunbar,paul-laurence-dunbar-8718ed8c525639ff,The Dreamer,Paul Laurence Dunbar/The Dreamer.txt,601,f15dbc14a4477099ca29046f591788628d75c9f2a179498a1d2094feb0b99d2b,f15dbc14a4477099ca29046f591788628d75c9f2a179498a1d2094feb0b99d2b,601,16,14,106,
1.0,versemap-reference-d9969e023145ab13,paul-laurence-dunbar,Paul Laurence Dunbar,paul-laurence-dunbar-0545538a9081f171,The End of the Chapter,Paul Laurence Dunbar/The End of the Chapter.txt,961,8ad5bd9cb95e3f6b26ddccd506def9b12609296f759d3d9c794b681665adb5bc,8ad5bd9cb95e3f6b26ddccd506def9b12609296f759d3d9c794b681665adb5bc,961,34,28,186,
1.0,versemap-reference-d9969e023145ab13,paul-laurence-dunbar,Paul Laurence Dunbar,paul-laurence-dunbar-90dc9825a806dfb4,The Farm Child's Lullaby,Paul Laurence Dunbar/The Farm Child's Lullaby.txt,1219,7f6287912c86515e8af22f6a3545d0b1f91710333d8c8b1c439c4338a2611516,7f6287912c86515e8af22f6a3545d0b1f91710333d8c8b1c439c4338a2611516,1219,26,24,227,
1.0,versemap-reference-d9969e023145ab13,paul-laurence-dunbar,Paul Laurence Dunbar,paul-laurence-dunbar-3103ba25cb9caac1,The Fisher Child's Lullaby,Paul Laurence Dunbar/The Fisher Child's Lullaby.txt,855,acaa5f0965a6653bf4818b99f00cd273c96a59c48e5ff97cbf2350f4e7445d88,acaa5f0965a6653bf4818b99f00cd273c96a59c48e5ff97cbf2350f4e7445d88,855,26,24,156,
1.0,versemap-reference-d9969e023145ab13,paul-laurence-dunbar,Paul Laurence Dunbar,paul-laurence-dunbar-156309c2c0326c1b,The Forest Greeting,Paul Laurence Dunbar/The Forest Greeting.txt,829,4f96b433f092ccdda1033842a4361cefb297d6324bf56f8387e0fc8ff548f2c2,4f96b433f092ccdda1033842a4361cefb297d6324bf56f8387e0fc8ff548f2c2,829,29,24,149,
1.0,versemap-reference-d9969e023145ab13,paul-laurence-dunbar,Paul Laurence Dunbar,paul-laurence-dunbar-3b14a352bdd0cccb,The Fount of Tears,Paul Laurence Dunbar/The Fount of Tears.txt,761,5069dc08e0d1aac56fb3f6d2d7cc69016a6abcfe6d792e075f5afbe73ed238f1,5069dc08e0d1aac56fb3f6d2d7cc69016a6abcfe6d792e075f5afbe73ed238f1,761,29,24,143,
1.0,versemap-reference-d9969e023145ab13,paul-laurence-dunbar,Paul Laurence Dunbar,paul-laurence-dunbar-a4fe838822ddc4de,The Garret,Paul Laurence Dunbar/The Garret.txt,992,2b57e01d7cbe812c4a2032591e85e5742cfce241bcf2472ce391266d9858cc98,2b57e01d7cbe812c4a2032591e85e5742cfce241bcf2472ce391266d9858cc98,992,35,32,190,
1.0,versemap-reference-d9969e023145ab13,paul-laurence-dunbar,Paul Laurence Dunbar,paul-laurence-dunbar-b381afea35c9b6a9,The Gourd,Paul Laurence Dunbar/The Gourd.txt,1299,943853de800f0f629338ce4e6c3b7bda1f419fa1c22fee7262e9b6eabef28fa4,943853de800f0f629338ce4e6c3b7bda1f419fa1c22fee7262e9b6eabef28fa4,1299,44,40,225,
1.0,versemap-reference-d9969e023145ab13,paul-laurence-dunbar,Paul Laurence Dunbar,paul-laurence-dunbar-c755a240e5362a46,The Haunted Oak,Paul Laurence Dunbar/The Haunted Oak.txt,2298,bde9f677d2b771a8d61fee9b579ccb2dd7274683c54f599ec0a08b51d7595e6c,bde9f677d2b771a8d61fee9b579ccb2dd7274683c54f599ec0a08b51d7595e6c,2298,79,64,458,
1.0,versemap-reference-d9969e023145ab13,paul-laurence-dunbar,Paul Laurence Dunbar,paul-laurence-dunbar-f583673220883f60,The King Is Dead,Paul Laurence Dunbar/The King Is Dead.txt,872,00330fa4dc40672d1138438068fb1b00ef69fa10fba49bcb6bed3b974634d66a,00330fa4dc40672d1138438068fb1b00ef69fa10fba49bcb6bed3b974634d66a,872,23,20,170,
1.0,versemap-reference-d9969e023145ab13,paul-laurence-dunbar,Paul Laurence Dunbar,paul-laurence-dunbar-3b9fbdcba4121ff2,The Knight,Paul Laurence Dunbar/The Knight.txt,585,f43b359b25227c60cb04d035f1f47282027cb66d2f296d7676d8edfdde6f9afb,f43b359b25227c60cb04d035f1f47282027cb66d2f296d7676d8edfdde6f9afb,585,19,18,114,
1.0,versemap-reference-d9969e023145ab13,paul-laurence-dunbar,Paul Laurence Dunbar,paul-laurence-dunbar-8674bd9507979059,The Lapse,Paul Laurence Dunbar/The Lapse.txt,1161,32dc8cb2e63f651806974fb5dd9ca9ed527702c9d564d24ff345b38a1fa6295f,32dc8cb2e63f651806974fb5dd9ca9ed527702c9d564d24ff345b38a1fa6295f,1161,46,42,226,
1.0,versemap-reference-d9969e023145ab13,paul-laurence-dunbar,Paul Laurence Dunbar,paul-laurence-dunbar-ae9e10bafc173a63,The Lawyers' Ways,Paul Laurence Dunbar/The Lawyers' Ways.txt,1010,726d2235a5f5948117c9b61719a1731eada005c02086806dd7d8927fca88f121,726d2235a5f5948117c9b61719a1731eada005c02086806dd7d8927fca88f121,1010,35,32,184,
1.0,versemap-reference-d9969e023145ab13,paul-laurence-dunbar,Paul Laurence Dunbar,paul-laurence-dunbar-83f290658ba4951e,The Lesson,Paul Laurence Dunbar/The Lesson.txt,943,14bd80f3f599705021093c2a1c508da3df75067cecd64965d51326209ecc0e42,14bd80f3f599705021093c2a1c508da3df75067cecd64965d51326209ecc0e42,943,29,24,186,
1.0,versemap-reference-d9969e023145ab13,paul-laurence-dunbar,Paul Laurence Dunbar,paul-laurence-dunbar-3c8d64dfaec93e86,The Lily of the Valley,Paul Laurence Dunbar/The Lily of the Valley.txt,909,303ecce856e3070bbf6cf5f803dc3a8917e9551ea0ef519d11d836c2d55b739a,303ecce856e3070bbf6cf5f803dc3a8917e9551ea0ef519d11d836c2d55b739a,909,34,28,162,
1.0,versemap-reference-d9969e023145ab13,paul-laurence-dunbar,Paul Laurence Dunbar,paul-laurence-dunbar-5fc6d91c685db463,The Looking-Glass,Paul Laurence Dunbar/The Looking-Glass.txt,685,24d99b7e281c3560df3648fe0dc5eb8720687e2539084164ec1bc04c27fa668f,24d99b7e281c3560df3648fe0dc5eb8720687e2539084164ec1bc04c27fa668f,685,26,24,133,
1.0,versemap-reference-d9969e023145ab13,paul-laurence-dunbar,Paul Laurence Dunbar,paul-laurence-dunbar-b4432578208248f6,The Lover and the Moon,Paul Laurence Dunbar/The Lover and the Moon.txt,2512,ca74e03bd18f01b4ff052c3b738edfbd2d3b2b688b0a7ee3461671d43a215f46,ca74e03bd18f01b4ff052c3b738edfbd2d3b2b688b0a7ee3461671d43a215f46,2512,62,56,477,
1.0,versemap-reference-d9969e023145ab13,paul-laurence-dunbar,Paul Laurence Dunbar,paul-laurence-dunbar-cb0cbc38437f663a,The Master-Player,Paul Laurence Dunbar/The Master-Player.txt,383,df288a0af99b488b8823f30b088fe1bb00d9414fd500f6fbb636035d57aff288,df288a0af99b488b8823f30b088fe1bb00d9414fd500f6fbb636035d57aff288,383,11,10,68,
1.0,versemap-reference-d9969e023145ab13,paul-laurence-dunbar,Paul Laurence Dunbar,paul-laurence-dunbar-8535b2043e322b27,The Masters,Paul Laurence Dunbar/The Masters.txt,558,31d117c478612c30c0fb66b1ea4bc2fdcdf702dfb1669674705082cbfbc207ee,31d117c478612c30c0fb66b1ea4bc2fdcdf702dfb1669674705082cbfbc207ee,558,19,16,115,
1.0,versemap-reference-d9969e023145ab13,paul-laurence-dunbar,Paul Laurence Dunbar,paul-laurence-dunbar-68768c5a84ed020c,The Meadow Lark,Paul Laurence Dunbar/The Meadow Lark.txt,725,dd19bbec603ac86fb5764cac890d01384866e3a53dac0a7c25cd60b55a1afc1b,dd19bbec603ac86fb5764cac890d01384866e3a53dac0a7c25cd60b55a1afc1b,725,25,24,127,
1.0,versemap-reference-d9969e023145ab13,paul-laurence-dunbar,Paul Laurence Dunbar,paul-laurence-dunbar-66d69e709beb53e7,The Memory of Martha,Paul Laurence Dunbar/The Memory of Martha.txt,1042,44ccbc61e476cd1b0233127f6b03e0730b1ebcebfd24eca62fac72af75475206,44ccbc61e476cd1b0233127f6b03e0730b1ebcebfd24eca62fac72af75475206,1042,29,27,204,
1.0,versemap-reference-d9969e023145ab13,paul-laurence-dunbar,Paul Laurence Dunbar,paul-laurence-dunbar-a2c09babb2ab0c41,The Monk's Walk,Paul Laurence Dunbar/The Monk's Walk.txt,1403,a4fdaa33a11ef52aca2924c15a312008d7b033fabeec22ed26fbaf89991611a6,a4fdaa33a11ef52aca2924c15a312008d7b033fabeec22ed26fbaf89991611a6,1403,54,44,249,
1.0,versemap-reference-d9969e023145ab13,paul-laurence-dunbar,Paul Laurence Dunbar,paul-laurence-dunbar-fd8dc65f10a58227,The Murdered Lover,Paul Laurence Dunbar/The Murdered Lover.txt,1466,0eeb6c7d50d558898fdb6605033bdd5118859d693c34671b83027128bf049d17,0eeb6c7d50d558898fdb6605033bdd5118859d693c34671b83027128bf049d17,1466,39,32,290,
1.0,versemap-reference-d9969e023145ab13,paul-laurence-dunbar,Paul Laurence Dunbar,paul-laurence-dunbar-c2879c7c1da360ea,The Mystery,Paul Laurence Dunbar/The Mystery.txt,840,8b3e97d7616bbecf7905c2982b7b23dc5966fe0f7953cbb7cdab7be78e3dcb4e,8b3e97d7616bbecf7905c2982b7b23dc5966fe0f7953cbb7cdab7be78e3dcb4e,840,20,20,170,
1.0,versemap-reference-d9969e023145ab13,paul-laurence-dunbar,Paul Laurence Dunbar,paul-laurence-dunbar-94f5d9a0e0f55552,The Mystic Sea,Paul Laurence Dunbar/The Mystic Sea.txt,584,fe31a19bdd2c70698513c011e0f57ed8e09b949ef3f39637e089e26127a1a88e,fe31a19bdd2c70698513c011e0f57ed8e09b949ef3f39637e089e26127a1a88e,584,19,16,112,
1.0,versemap-reference-d9969e023145ab13,paul-laurence-dunbar,Paul Laurence Dunbar,paul-laurence-dunbar-0e70d8204b93bacd,The News,Paul Laurence Dunbar/The News.txt,875,21676cf7638337bfb5c6abc7421a9833a5694aed6b5c0f59181534bd9b98f649,21676cf7638337bfb5c6abc7421a9833a5694aed6b5c0f59181534bd9b98f649,875,24,20,176,
1.0,versemap-reference-d9969e023145ab13,paul-laurence-dunbar,Paul Laurence Dunbar,paul-laurence-dunbar-cf06213ff4d9a873,The Ol' Tunes,Paul Laurence Dunbar/The Ol' Tunes.txt,1761,8f55163cd5efe546bc572b5d0027a00c115f493e24c855ba3d1086a4aa8b40dd,8f55163cd5efe546bc572b5d0027a00c115f493e24c855ba3d1086a4aa8b40dd,1761,62,56,329,
1.0,versemap-reference-d9969e023145ab13,paul-laurence-dunbar,Paul Laurence Dunbar,paul-laurence-dunbar-0fcdb3bdda6c8d56,The Old Apple-Tree,Paul Laurence Dunbar/The Old Apple-Tree.txt,2303,9830911f07fbd447bf3986a51b135b4de078177923b11ea34bec49dfd70b93cc,9830911f07fbd447bf3986a51b135b4de078177923b11ea34bec49dfd70b93cc,2303,77,72,425,
1.0,versemap-reference-d9969e023145ab13,paul-laurence-dunbar,Paul Laurence Dunbar,paul-laurence-dunbar-3b7f2d6bd393147b,The Old Cabin,Paul Laurence Dunbar/The Old Cabin.txt,1537,8f637a95c1417183ee69e80e448693292ac2ed5b808d7429c4af2c64308f2b2e,8f637a95c1417183ee69e80e448693292ac2ed5b808d7429c4af2c64308f2b2e,1537,53,48,291,
1.0,versemap-reference-d9969e023145ab13,paul-laurence-dunbar,Paul Laurence Dunbar,paul-laurence-dunbar-3170384533b70584,The Old Front Gate,Paul Laurence Dunbar/The Old Front Gate.txt,1264,bf2c94b283c78ebb660beed6d4d1cf1812e14a38832faea2b3fdf1ef20ec6b5f,bf2c94b283c78ebb660beed6d4d1cf1812e14a38832faea2b3fdf1ef20ec6b5f,1264,44,40,251,
1.0,versemap-reference-d9969e023145ab13,paul-laurence-dunbar,Paul Laurence Dunbar,paul-laurence-dunbar-fd9524ad875514d9,The Old Homestead,Paul Laurence Dunbar/The Old Homestead.txt,1352,c656e3b296e7557d0e6011f4c01f6819549104e8a404a5227442fd5f49a54a41,c656e3b296e7557d0e6011f4c01f6819549104e8a404a5227442fd5f49a54a41,1352,44,40,246,
1.0,versemap-reference-d9969e023145ab13,paul-laurence-dunbar,Paul Laurence Dunbar,paul-laurence-dunbar-2dbc2314817c355d,The Paradox,Paul Laurence Dunbar/The Paradox.txt,1064,bf1edac759bcfd38b68a7a378f34b2c26f4fbced544af62877ec5bac86c25687,bf1edac759bcfd38b68a7a378f34b2c26f4fbced544af62877ec5bac86c25687,1064,39,32,211,
1.0,versemap-reference-d9969e023145ab13,paul-laurence-dunbar,Paul Laurence Dunbar,paul-laurence-dunbar-9ee3178583b8d507,The Party,Paul Laurence Dunbar/The Party.txt,6387,f96aa36607091295f30141a8fd3ca4910457800b00bdd2c1affbc5740af26ad7,f96aa36607091295f30141a8fd3ca4910457800b00bdd2c1affbc5740af26ad7,6387,102,102,1255,
1.0,versemap-reference-d9969e023145ab13,paul-laurence-dunbar,Paul Laurence Dunbar,paul-laurence-dunbar-35a822d167232e65,The Path,Paul Laurence Dunbar/The Path.txt,621,db4399fb3b0b90e554e2213dfcabb651d4ed310006118dc8a4517b69104e57fb,db4399fb3b0b90e554e2213dfcabb651d4ed310006118dc8a4517b69104e57fb,621,14,14,118,
1.0,versemap-reference-d9969e023145ab13,paul-laurence-dunbar,Paul Laurence Dunbar,paul-laurence-dunbar-2b03c315012f2356,The Phantom Kiss,Paul Laurence Dunbar/The Phantom Kiss.txt,918,c89832912ac38315886825436ea48d9b28b49d992f3b853b4c105843d4349518,c89832912ac38315886825436ea48d9b28b49d992f3b853b4c105843d4349518,918,29,24,165,
1.0,versemap-reference-d9969e023145ab13,paul-laurence-dunbar,Paul Laurence Dunbar,paul-laurence-dunbar-d73b8753e4265f44,The Photograph,Paul Laurence Dunbar/The Photograph.txt,707,8b5f81fcf1a2bea0df22686c96b62f6a032b8873c67e1320e46a0994406baf91,8b5f81fcf1a2bea0df22686c96b62f6a032b8873c67e1320e46a0994406baf91,707,31,28,143,
1.0,versemap-reference-d9969e023145ab13,paul-laurence-dunbar,Paul Laurence Dunbar,paul-laurence-dunbar-9f922b45d6036971,The Place Where the Rainbow Ends,Paul Laurence Dunbar/The Place Where the Rainbow Ends.txt,1081,43c75d288b243892bf96ecbaf042b57253253639985033e458e1d5f92637bcc3,43c75d288b243892bf96ecbaf042b57253253639985033e458e1d5f92637bcc3,1081,41,36,189,
1.0,versemap-reference-d9969e023145ab13,paul-laurence-dunbar,Paul Laurence Dunbar,paul-laurence-dunbar-88c1e024794d7b08,The Plantation Child's Lullaby,Paul Laurence Dunbar/The Plantation Child's Lullaby.txt,942,ac91a81963f9860a87507af0d6283522ee57d396fcdf9c2fa9e7ad47c482e8bb,ac91a81963f9860a87507af0d6283522ee57d396fcdf9c2fa9e7ad47c482e8bb,942,44,40,167,
1.0,versemap-reference-d9969e023145ab13,paul-laurence-dunbar,Paul Laurence Dunbar,paul-laurence-dunbar-88ee0596484e6a23,The Poet and His Song,Paul Laurence Dunbar/The Poet and His Song.txt,1116,6eeb051c239a3ab10a170211442396d0da70011c529cdfbdf192500482d832e0,6eeb051c239a3ab10a170211442396d0da70011c529cdfbdf192500482d832e0,1116,35,32,226,
1.0,versemap-reference-d9969e023145ab13,paul-laurence-dunbar,Paul Laurence Dunbar,paul-laurence-dunbar-58f894c81b2d1980,The Poet and the Baby,Paul Laurence Dunbar/The Poet and the Baby.txt,585,6ea6f3797e6c62443a903326b0cd6fd3faaec212149d01eeceb410a06cf0330d,6ea6f3797e6c62443a903326b0cd6fd3faaec212149d01eeceb410a06cf0330d,585,17,15,112,
1.0,versemap-reference-d9969e023145ab13,paul-laurence-dunbar,Paul Laurence Dunbar,paul-laurence-dunbar-63be0b5984dcae22,The Poet,Paul Laurence Dunbar/The Poet.txt,294,859bf203d504dc0a1699f3e41a32f5bc2724c627f29e7f56ff4894ed330d9e7a,859bf203d504dc0a1699f3e41a32f5bc2724c627f29e7f56ff4894ed330d9e7a,294,9,8,55,
1.0,versemap-reference-d9969e023145ab13,paul-laurence-dunbar,Paul Laurence Dunbar,paul-laurence-dunbar-96e7e70e01a42563,The Pool,Paul Laurence Dunbar/The Pool.txt,518,4fb39aa407793a3c7a1ea2023734015cdfdf52afee22647dda6ba8e1de54c177,4fb39aa407793a3c7a1ea2023734015cdfdf52afee22647dda6ba8e1de54c177,518,14,12,106,
1.0,versemap-reference-d9969e023145ab13,paul-laurence-dunbar,Paul Laurence Dunbar,paul-laurence-dunbar-f25cb8d93b1b7f9b,The Quilting,Paul Laurence Dunbar/The Quilting.txt,329,7bd8491021c4971af20709c946a0c5e16f01b6f6a79c181652072d131fb9c638,7bd8491021c4971af20709c946a0c5e16f01b6f6a79c181652072d131fb9c638,329,6,6,63,
1.0,versemap-reference-d9969e023145ab13,paul-laurence-dunbar,Paul Laurence Dunbar,paul-laurence-dunbar-3346436c2fc3b367,The Real Question,Paul Laurence Dunbar/The Real Question.txt,757,be9ab0363d61478bcc224b0eafe825db3c703d73e958b09f3ee9fa656127e14f,be9ab0363d61478bcc224b0eafe825db3c703d73e958b09f3ee9fa656127e14f,757,14,12,156,
1.0,versemap-reference-d9969e023145ab13,paul-laurence-dunbar,Paul Laurence Dunbar,paul-laurence-dunbar-f0c6c7b771487b0f,The Right to Die,Paul Laurence Dunbar/The Right to Die.txt,820,56500e00344e61234d03fc683aa3ac768a9c1ba33634b2ef14f4167d09dd7a35,56500e00344e61234d03fc683aa3ac768a9c1ba33634b2ef14f4167d09dd7a35,820,19,19,148,
1.0,versemap-reference-d9969e023145ab13,paul-laurence-dunbar,Paul Laurence Dunbar,paul-laurence-dunbar-649c9496ba696389,The Rising of the Storm,Paul Laurence Dunbar/The Rising of the Storm.txt,1417,06bf29d49d5386d403d95cc80937b67fbb8dcfba846c4ec3bd77359cfc09dfd5,06bf29d49d5386d403d95cc80937b67fbb8dcfba846c4ec3bd77359cfc09dfd5,1417,62,54,251,
1.0,versemap-reference-d9969e023145ab13,paul-laurence-dunbar,Paul Laurence Dunbar,paul-laurence-dunbar-0b8426720d0075ab,The Rivals,Paul Laurence Dunbar/The Rivals.txt,3610,67dfb584f89cc251fcb5deb568b1934edf20255a604552ef71d8b19401681f2b,67dfb584f89cc251fcb5deb568b1934edf20255a604552ef71d8b19401681f2b,3610,104,104,739,
1.0,versemap-reference-d9969e023145ab13,paul-laurence-dunbar,Paul Laurence Dunbar,paul-laurence-dunbar-fd9965af96c51468,The River of Ruin,Paul Laurence Dunbar/The River of Ruin.txt,783,a2a984d07f1dd17fe31df845c0368999b3350c14facadff04eae757bfb9bf6e0,a2a984d07f1dd17fe31df845c0368999b3350c14facadff04eae757bfb9bf6e0,783,29,25,151,
1.0,versemap-reference-d9969e023145ab13,paul-laurence-dunbar,Paul Laurence Dunbar,paul-laurence-dunbar-31c42994bd806621,The Sand-Man,Paul Laurence Dunbar/The Sand-Man.txt,430,82536b12d15e9c467c2f00e4d751752c71e2c4a2770f67c99c2acd144c3ba0c8,82536b12d15e9c467c2f00e4d751752c71e2c4a2770f67c99c2acd144c3ba0c8,430,20,18,72,
1.0,versemap-reference-d9969e023145ab13,paul-laurence-dunbar,Paul Laurence Dunbar,paul-laurence-dunbar-7e3cbd0d65d57f83,The Secret,Paul Laurence Dunbar/The Secret.txt,673,4ebf58420f4b1ba2169e2926998ec632081f725e2b00153805eb205df60f7776,4ebf58420f4b1ba2169e2926998ec632081f725e2b00153805eb205df60f7776,673,20,18,126,
1.0,versemap-reference-d9969e023145ab13,paul-laurence-dunbar,Paul Laurence Dunbar,paul-laurence-dunbar-71db843d23bfba64,The Seedling,Paul Laurence Dunbar/The Seedling.txt,1022,b81e7658188431e210487ec362e21c097b9a1a75c624c5274f9d5a26c654e0c5,b81e7658188431e210487ec362e21c097b9a1a75c624c5274f9d5a26c654e0c5,1022,39,32,185,
1.0,versemap-reference-d9969e023145ab13,paul-laurence-dunbar,Paul Laurence Dunbar,paul-laurence-dunbar-d1f92fa94293e695,The Song,Paul Laurence Dunbar/The Song.txt,1139,6219d6b85afeb67bffff7a6d00b52e551de8177978d46b96df1cd86ba01bd673,6219d6b85afeb67bffff7a6d00b52e551de8177978d46b96df1cd86ba01bd673,1139,35,32,214,
1.0,versemap-reference-d9969e023145ab13,paul-laurence-dunbar,Paul Laurence Dunbar,paul-laurence-dunbar-e344fc5b018f74be,The Sparrow,Paul Laurence Dunbar/The Sparrow.txt,551,c341ab285a1c499de07d6a9208f6a63f6dece434945e2b0467c152eba03c674b,c341ab285a1c499de07d6a9208f6a63f6dece434945e2b0467c152eba03c674b,551,17,16,103,
1.0,versemap-reference-d9969e023145ab13,paul-laurence-dunbar,Paul Laurence Dunbar,paul-laurence-dunbar-8341ef57fd4c90af,The Spellin'-Bee,Paul Laurence Dunbar/The Spellin'-Bee.txt,5984,5a765ae5c08e13ea75998262212e0e0b9b5e8a95d8b12cad2cd8f87f07e2ed26,5a765ae5c08e13ea75998262212e0e0b9b5e8a95d8b12cad2cd8f87f07e2ed26,5984,94,94,1147,
1.0,versemap-reference-d9969e023145ab13,paul-laurence-dunbar,Paul Laurence Dunbar,paul-laurence-dunbar-c5252efb2ab1da11,The Stirrup Cup,Paul Laurence Dunbar/The Stirrup Cup.txt,700,bb3a60e2f7cd076a10032874ecd02e3c33ab102a88d964db83afb39441018a91,bb3a60e2f7cd076a10032874ecd02e3c33ab102a88d964db83afb39441018a91,700,23,21,133,
1.0,versemap-reference-d9969e023145ab13,paul-laurence-dunbar,Paul Laurence Dunbar,paul-laurence-dunbar-635c85e8bbd3fb20,The Sum,Paul Laurence Dunbar/The Sum.txt,545,d7707389f6a229baf119fb665eaae4467f4e16751d368382313c870415623170,d7707389f6a229baf119fb665eaae4467f4e16751d368382313c870415623170,545,19,16,104,
1.0,versemap-reference-d9969e023145ab13,paul-laurence-dunbar,Paul Laurence Dunbar,paul-laurence-dunbar-6dc096cb0ce0f00e,The Tryst,Paul Laurence Dunbar/The Tryst.txt,996,62b76459be8769920b41603124398d24f1d5ec2ed075668964944b883fda623c,62b76459be8769920b41603124398d24f1d5ec2ed075668964944b883fda623c,996,35,32,193,
1.0,versemap-reference-d9969e023145ab13,paul-laurence-dunbar,Paul Laurence Dunbar,paul-laurence-dunbar-b816b96f84bb2469,The Turning of the Babies in the Bed,Paul Laurence Dunbar/The Turning of the Babies in the Bed.txt,1508,f2bb82d4a40f0feab6b32a171d2e1f2a5577bda333da8734f0ec9b672ac4113e,f2bb82d4a40f0feab6b32a171d2e1f2a5577bda333da8734f0ec9b672ac4113e,1508,29,24,300,
1.0,versemap-reference-d9969e023145ab13,paul-laurence-dunbar,Paul Laurence Dunbar,paul-laurence-dunbar-3640d63d50ccddce,The Unlucky Apple,Paul Laurence Dunbar/The Unlucky Apple.txt,248,7c949cffa9fc3f81faa5b4df59fb6a68243c8e213ac374a60be1cf00d256fb22,7c949cffa9fc3f81faa5b4df59fb6a68243c8e213ac374a60be1cf00d256fb22,248,8,8,46,
1.0,versemap-reference-d9969e023145ab13,paul-laurence-dunbar,Paul Laurence Dunbar,paul-laurence-dunbar-06cd0ada17597e17,The Unsung Heroes,Paul Laurence Dunbar/The Unsung Heroes.txt,2269,0ca63ed159b2bb6c3d15af06c7bd19fc1a19a041812dc94588b4f4774b54be2c,0ca63ed159b2bb6c3d15af06c7bd19fc1a19a041812dc94588b4f4774b54be2c,2269,46,39,420,
1.0,versemap-reference-d9969e023145ab13,paul-laurence-dunbar,Paul Laurence Dunbar,paul-laurence-dunbar-cba7d72ad88970b1,The Valse,Paul Laurence Dunbar/The Valse.txt,1144,33bf52561c399cd46dfea464b6191c6738eff42d4468db92b1ca6c9c7193aace,33bf52561c399cd46dfea464b6191c6738eff42d4468db92b1ca6c9c7193aace,1144,26,24,207,
1.0,versemap-reference-d9969e023145ab13,paul-laurence-dunbar,Paul Laurence Dunbar,paul-laurence-dunbar-477b1ae36e6af5e2,The Veteran,Paul Laurence Dunbar/The Veteran.txt,1249,6701ec84d035eae323776ec11cff50531e70bb567f021c3bd3dd4feab292226c,6701ec84d035eae323776ec11cff50531e70bb567f021c3bd3dd4feab292226c,1249,44,40,232,
1.0,versemap-reference-d9969e023145ab13,paul-laurence-dunbar,Paul Laurence Dunbar,paul-laurence-dunbar-58b96e0f42373c35,The Visitor,Paul Laurence Dunbar/The Visitor.txt,947,589194f8452a1d98f01466c271bd1c4c535da2102e5704b370e7994b2e583749,589194f8452a1d98f01466c271bd1c4c535da2102e5704b370e7994b2e583749,947,35,32,173,
1.0,versemap-reference-d9969e023145ab13,paul-laurence-dunbar,Paul Laurence Dunbar,paul-laurence-dunbar-237ff71dcb248e77,The Voice of the Banjo,Paul Laurence Dunbar/The Voice of the Banjo.txt,1513,4f2b79bc066edba60f41834b5d1b91f2251ec91a579e7c6977dea0057bd14ead,4f2b79bc066edba60f41834b5d1b91f2251ec91a579e7c6977dea0057bd14ead,1513,29,24,291,
1.0,versemap-reference-d9969e023145ab13,paul-laurence-dunbar,Paul Laurence Dunbar,paul-laurence-dunbar-531a7bf39b1aacb8,The Warrior's Prayer,Paul Laurence Dunbar/The Warrior's Prayer.txt,941,6caa18950ac65b7cf6d5fb11bd729ac51ac8a1ba5869b54ba114a9bc84d6b5e6,6caa18950ac65b7cf6d5fb11bd729ac51ac8a1ba5869b54ba114a9bc84d6b5e6,941,29,24,176,
1.0,versemap-reference-d9969e023145ab13,paul-laurence-dunbar,Paul Laurence Dunbar,paul-laurence-dunbar-548318880c008057,The Wind and the Sea,Paul Laurence Dunbar/The Wind and the Sea.txt,2110,c266463eb1f2f280996e2e651b6feaf7565c0a2dd4fbef68cd51c0c85031b9d2,c266463eb1f2f280996e2e651b6feaf7565c0a2dd4fbef68cd51c0c85031b9d2,2110,69,56,412,
1.0,versemap-reference-d9969e023145ab13,paul-laurence-dunbar,Paul Laurence Dunbar,paul-laurence-dunbar-84e2967c51fadbe3,The Wooing,Paul Laurence Dunbar/The Wooing.txt,1281,d7ef896a2cd008c7ea39a1d938b6755138d5a812de10aa54896ddda65b7fb472,d7ef896a2cd008c7ea39a1d938b6755138d5a812de10aa54896ddda65b7fb472,1281,44,40,225,
1.0,versemap-reference-d9969e023145ab13,paul-laurence-dunbar,Paul Laurence Dunbar,paul-laurence-dunbar-c75d8d1fdf8bedc9,The Wraith,Paul Laurence Dunbar/The Wraith.txt,872,d2835610a0ab452f53b9e9fb70a2db2f85c58815766d92813411769f7f0adaff,d2835610a0ab452f53b9e9fb70a2db2f85c58815766d92813411769f7f0adaff,872,34,28,176,
1.0,versemap-reference-d9969e023145ab13,paul-laurence-dunbar,Paul Laurence Dunbar,paul-laurence-dunbar-296e7687661efb23,Then and Now,Paul Laurence Dunbar/Then and Now.txt,559,9292cdc9dd65a9dab16bc6c840eee17aae55abf5a7f5dfb6a3b821c12a94f8f7,9292cdc9dd65a9dab16bc6c840eee17aae55abf5a7f5dfb6a3b821c12a94f8f7,559,21,17,109,
1.0,versemap-reference-d9969e023145ab13,paul-laurence-dunbar,Paul Laurence Dunbar,paul-laurence-dunbar-67b29cf25a7855bf,Theology,Paul Laurence Dunbar/Theology.txt,184,b5d54730f5ec2163d752470d0fd2ea02df1fd17c58382011081b87e072bd0722,b5d54730f5ec2163d752470d0fd2ea02df1fd17c58382011081b87e072bd0722,184,4,4,39,
1.0,versemap-reference-d9969e023145ab13,paul-laurence-dunbar,Paul Laurence Dunbar,paul-laurence-dunbar-c11a97b75d150376,Thou Art My Lute,Paul Laurence Dunbar/Thou Art My Lute.txt,556,70d80e9d3be22bf23447b781896f66911b59d01d57b47b42185014ce4cb29e1a,70d80e9d3be22bf23447b781896f66911b59d01d57b47b42185014ce4cb29e1a,556,19,16,114,
1.0,versemap-reference-d9969e023145ab13,paul-laurence-dunbar,Paul Laurence Dunbar,paul-laurence-dunbar-1deafee3419c5c11,Till the Wind Gets Right,Paul Laurence Dunbar/Till the Wind Gets Right.txt,755,830527750a241908d4beac5b56ec1a851032de8bb60918268711e8c30fe01435,830527750a241908d4beac5b56ec1a851032de8bb60918268711e8c30fe01435,755,26,24,143,
1.0,versemap-reference-d9969e023145ab13,paul-laurence-dunbar,Paul Laurence Dunbar,paul-laurence-dunbar-c8c6aab7a916df62,Time to Tinker 'Roun'!,Paul Laurence Dunbar/Time to Tinker 'Roun'!.txt,1101,ff9fc1c0f28dbea409fc07a244ea7c2b0345988241448a29f9a6a377cd07e3c8,ff9fc1c0f28dbea409fc07a244ea7c2b0345988241448a29f9a6a377cd07e3c8,1101,35,32,217,
1.0,versemap-reference-d9969e023145ab13,paul-laurence-dunbar,Paul Laurence Dunbar,paul-laurence-dunbar-4518a8e4e0679d33,To a Captious Critic,Paul Laurence Dunbar/To a Captious Critic.txt,171,7473e280fd3b3f69a71482c8ae48fa9e91551d5977bebf896435e486cc387a60,7473e280fd3b3f69a71482c8ae48fa9e91551d5977bebf896435e486cc387a60,171,4,4,32,
1.0,versemap-reference-d9969e023145ab13,paul-laurence-dunbar,Paul Laurence Dunbar,paul-laurence-dunbar-2347cc9ecbcb55c6,To a Dead Friend,Paul Laurence Dunbar/To a Dead Friend.txt,497,55bd4abf276592d009a255fff59695a5b0c321173b0d3da75715e776dd68f2e9,55bd4abf276592d009a255fff59695a5b0c321173b0d3da75715e776dd68f2e9,497,19,16,94,
1.0,versemap-reference-d9969e023145ab13,paul-laurence-dunbar,Paul Laurence Dunbar,paul-laurence-dunbar-0422f2da5ea128e9,To a Lady Playing the Harp,Paul Laurence Dunbar/To a Lady Playing the Harp.txt,689,7482b494ecba417a89b0bd459c662325d36e26564cc92225c335eae8d33d58ae,7482b494ecba417a89b0bd459c662325d36e26564cc92225c335eae8d33d58ae,689,27,24,131,
1.0,versemap-reference-d9969e023145ab13,paul-laurence-dunbar,Paul Laurence Dunbar,paul-laurence-dunbar-e017d34d3d22dd3d,To a Violet Found on All Saints' Day,Paul Laurence Dunbar/To a Violet Found on All Saints' Day.txt,680,95e4f5353531e3ff8124e9b2b063554f8ad4daf32dc3eabb1014ffdc2c46b020,95e4f5353531e3ff8124e9b2b063554f8ad4daf32dc3eabb1014ffdc2c46b020,680,19,16,125,
1.0,versemap-reference-d9969e023145ab13,paul-laurence-dunbar,Paul Laurence Dunbar,paul-laurence-dunbar-b3171b8978fd34b7,To an Ingrate,Paul Laurence Dunbar/To an Ingrate.txt,539,3e7e8516555cb0f169879c5072134f48ba306aa84874ff658290d711dbcde3e7,3e7e8516555cb0f169879c5072134f48ba306aa84874ff658290d711dbcde3e7,539,19,16,98,
1.0,versemap-reference-d9969e023145ab13,paul-laurence-dunbar,Paul Laurence Dunbar,paul-laurence-dunbar-8b6fe8b47a7b344b,To Dan,Paul Laurence Dunbar/To Dan.txt,895,772d3a56c00d5da71d6cf7396436a87463ee8dd0fbce3af38642acd12d98651c,772d3a56c00d5da71d6cf7396436a87463ee8dd0fbce3af38642acd12d98651c,895,34,28,157,
1.0,versemap-reference-d9969e023145ab13,paul-laurence-dunbar,Paul Laurence Dunbar,paul-laurence-dunbar-448b2ca238fffec9,To E. H. K,Paul Laurence Dunbar/To E. H. K.txt,625,dc7b37f7f14b5c31939bc8f0b5534cdeee3926eba83cacb03607cf2c78d431cc,dc7b37f7f14b5c31939bc8f0b5534cdeee3926eba83cacb03607cf2c78d431cc,625,14,14,113,
1.0,versemap-reference-d9969e023145ab13,paul-laurence-dunbar,Paul Laurence Dunbar,paul-laurence-dunbar-5326805bfcc5037d,To Her,Paul Laurence Dunbar/To Her.txt,518,6658c8d93a3c7fec244d28d3716916d5e3b4a0e92c63ff467b827da25122af4f,6658c8d93a3c7fec244d28d3716916d5e3b4a0e92c63ff467b827da25122af4f,518,14,12,94,
1.0,versemap-reference-d9969e023145ab13,paul-laurence-dunbar,Paul Laurence Dunbar,paul-laurence-dunbar-55bcbb0c97338bbd,To J. Q,Paul Laurence Dunbar/To J. Q.txt,267,b0e1cb738abf9179fce0ab07a5e8cd8ede04b7c97cfc3bc30caf00dd374069e0,b0e1cb738abf9179fce0ab07a5e8cd8ede04b7c97cfc3bc30caf00dd374069e0,267,8,8,50,
1.0,versemap-reference-d9969e023145ab13,paul-laurence-dunbar,Paul Laurence Dunbar,paul-laurence-dunbar-95ab5d652cb8429b,To Louise,Paul Laurence Dunbar/To Louise.txt,1508,bd9289f595dbffef3766c38d2db1e615d1f1f7715ab02c2de13839affb1c7290,bd9289f595dbffef3766c38d2db1e615d1f1f7715ab02c2de13839affb1c7290,1508,35,32,305,
1.0,versemap-reference-d9969e023145ab13,paul-laurence-dunbar,Paul Laurence Dunbar,paul-laurence-dunbar-5fe964e2d52bfb25,To Pfrimmer,Paul Laurence Dunbar/To Pfrimmer.txt,393,477d8a0a5ad8978969fd6c8d7b0175faed1c3d7b4f69879e7d5a35ca68f790d9,477d8a0a5ad8978969fd6c8d7b0175faed1c3d7b4f69879e7d5a35ca68f790d9,393,13,13,72,
1.0,versemap-reference-d9969e023145ab13,paul-laurence-dunbar,Paul Laurence Dunbar,paul-laurence-dunbar-c50b79fcec6dcf38,To the Eastern Shore,Paul Laurence Dunbar/To the Eastern Shore.txt,1283,751ffbd603ad12a243808f720c684e04ca181f3c1e2c0c94e80f5c686df73205,751ffbd603ad12a243808f720c684e04ca181f3c1e2c0c94e80f5c686df73205,1283,26,24,245,
1.0,versemap-reference-d9969e023145ab13,paul-laurence-dunbar,Paul Laurence Dunbar,paul-laurence-dunbar-6838eb9361a6cf11,To the Memory of Mary Young,Paul Laurence Dunbar/To the Memory of Mary Young.txt,1442,add6e35599df36274ef5aa298637b1e3441213d1002bc6d0faa2d84ab3f27ab4,add6e35599df36274ef5aa298637b1e3441213d1002bc6d0faa2d84ab3f27ab4,1442,44,40,280,
1.0,versemap-reference-d9969e023145ab13,paul-laurence-dunbar,Paul Laurence Dunbar,paul-laurence-dunbar-b92ee6992a8fd894,To the Miami,Paul Laurence Dunbar/To the Miami.txt,1652,30c627034813928eb08fa26a6b3b29ddeca338eaba5bdce6a13ea04d6cdd28d1,30c627034813928eb08fa26a6b3b29ddeca338eaba5bdce6a13ea04d6cdd28d1,1652,47,42,313,
1.0,versemap-reference-d9969e023145ab13,paul-laurence-dunbar,Paul Laurence Dunbar,paul-laurence-dunbar-d0db587e58462c07,To the Road,Paul Laurence Dunbar/To the Road.txt,897,f30090d1992e0fdf2134f360194f77c0f1b71ecc737c456dcb52caa7bf18363f,f30090d1992e0fdf2134f360194f77c0f1b71ecc737c456dcb52caa7bf18363f,897,26,24,165,
1.0,versemap-reference-d9969e023145ab13,paul-laurence-dunbar,Paul Laurence Dunbar,paul-laurence-dunbar-be5de14cd6ebbddc,To the South,Paul Laurence Dunbar/To the South.txt,3582,d38515926e432bb7652a24535dfce1b7f3f4e9f01b3adc5584142d8a613d9583,d38515926e432bb7652a24535dfce1b7f3f4e9f01b3adc5584142d8a613d9583,3582,99,80,645,
1.0,versemap-reference-d9969e023145ab13,paul-laurence-dunbar,Paul Laurence Dunbar,paul-laurence-dunbar-1e1c562c70de2eb7,Trouble in de Kitchen,Paul Laurence Dunbar/Trouble in de Kitchen.txt,965,fdc067ce0801f7108f3da5afe5d703b77ae1a7911351dfb110ec16c69b73cf04,fdc067ce0801f7108f3da5afe5d703b77ae1a7911351dfb110ec16c69b73cf04,965,19,16,191,
1.0,versemap-reference-d9969e023145ab13,paul-laurence-dunbar,Paul Laurence Dunbar,paul-laurence-dunbar-a407241972271458,Twell de Night Is Pas',Paul Laurence Dunbar/Twell de Night Is Pas'.txt,575,703ef11205f67b5e99e9b3be7913da6deecb1532952a805591ed8078070c0d70,703ef11205f67b5e99e9b3be7913da6deecb1532952a805591ed8078070c0d70,575,19,16,118,
1.0,versemap-reference-d9969e023145ab13,paul-laurence-dunbar,Paul Laurence Dunbar,paul-laurence-dunbar-fbbee30a4ff1827b,Twilight,Paul Laurence Dunbar/Twilight.txt,210,089bf920cc714498e284b165bbe663f8c79b3ca612b82b2a9747bf4348873184,089bf920cc714498e284b165bbe663f8c79b3ca612b82b2a9747bf4348873184,210,9,8,41,
1.0,versemap-reference-d9969e023145ab13,paul-laurence-dunbar,Paul Laurence Dunbar,paul-laurence-dunbar-66bac33ee015f54f,Two Little Boots,Paul Laurence Dunbar/Two Little Boots.txt,1322,562c813cb47fa90f2f75ee5bd6a0871012bd5ceb7f3878b786d77f3c40666201,562c813cb47fa90f2f75ee5bd6a0871012bd5ceb7f3878b786d77f3c40666201,1322,53,48,232,
1.0,versemap-reference-d9969e023145ab13,paul-laurence-dunbar,Paul Laurence Dunbar,paul-laurence-dunbar-69971d994b91e56a,Two Songs I,Paul Laurence Dunbar/Two Songs I.txt,886,2f77c6c19ff0056b30b5b22eaffb5f2647ae66e309166a530f772a53c499c47c,2f77c6c19ff0056b30b5b22eaffb5f2647ae66e309166a530f772a53c499c47c,886,23,21,178,
1.0,versemap-reference-d9969e023145ab13,paul-laurence-dunbar,Paul Laurence Dunbar,paul-laurence-dunbar-82bec49c656c8499,Two Songs II,Paul Laurence Dunbar/Two Songs II.txt,543,0ee1ce74b78c6b59b8e73d6dfc70c5120e83b208bd273c0fc261b995f60dd708,0ee1ce74b78c6b59b8e73d6dfc70c5120e83b208bd273c0fc261b995f60dd708,543,26,24,98,
1.0,versemap-reference-d9969e023145ab13,paul-laurence-dunbar,Paul Laurence Dunbar,paul-laurence-dunbar-5df7148db1331859,Unexpressed,Paul Laurence Dunbar/Unexpressed.txt,562,6532bfcbe8b7bf677a27cff26dd8fe0ee023afee09c70ce25828a61a36b885ef,6532bfcbe8b7bf677a27cff26dd8fe0ee023afee09c70ce25828a61a36b885ef,562,14,12,103,
1.0,versemap-reference-d9969e023145ab13,paul-laurence-dunbar,Paul Laurence Dunbar,paul-laurence-dunbar-429fab7034331a7c,Vagrants,Paul Laurence Dunbar/Vagrants.txt,659,730d82f2c231a08b39c4c650475a9ed739c6e367eaec14194f005a3ce0f5b2d2,730d82f2c231a08b39c4c650475a9ed739c6e367eaec14194f005a3ce0f5b2d2,659,26,24,129,
1.0,versemap-reference-d9969e023145ab13,paul-laurence-dunbar,Paul Laurence Dunbar,paul-laurence-dunbar-e20c6988eb75227b,Vengeance Is Sweet,Paul Laurence Dunbar/Vengeance Is Sweet.txt,576,716bb9e4b97061efa865caa4bb09d414ca7797dee30a307188c61449bb7a2e31,716bb9e4b97061efa865caa4bb09d414ca7797dee30a307188c61449bb7a2e31,576,17,16,115,
1.0,versemap-reference-d9969e023145ab13,paul-laurence-dunbar,Paul Laurence Dunbar,paul-laurence-dunbar-87211c8e79bc44f5,W'en I Gits Home,Paul Laurence Dunbar/W'en I Gits Home.txt,817,f33b319b683b972497c278c4306deb1571ea273bd046799198116e8d97a066a3,f33b319b683b972497c278c4306deb1571ea273bd046799198116e8d97a066a3,817,29,25,159,
1.0,versemap-reference-d9969e023145ab13,paul-laurence-dunbar,Paul Laurence Dunbar,paul-laurence-dunbar-945f0e151e222914,Wadin' in de Crick,Paul Laurence Dunbar/Wadin' in de Crick.txt,1187,a64170a9c929a0efac4c132ce9c3355971382632437684c07f29bc8f3806f254,a64170a9c929a0efac4c132ce9c3355971382632437684c07f29bc8f3806f254,1187,53,48,215,
1.0,versemap-reference-d9969e023145ab13,paul-laurence-dunbar,Paul Laurence Dunbar,paul-laurence-dunbar-eb200191d55ce82c,Waiting,Paul Laurence Dunbar/Waiting.txt,1084,c0a24f30eedb3680cb6f09e4a8446843515f6f27ca636c024ea2920dea198ce3,c0a24f30eedb3680cb6f09e4a8446843515f6f27ca636c024ea2920dea198ce3,1084,35,32,193,
1.0,versemap-reference-d9969e023145ab13,paul-laurence-dunbar,Paul Laurence Dunbar,paul-laurence-dunbar-1becdb8c655e7fda,We Wear the Mask,Paul Laurence Dunbar/We Wear the Mask.txt,520,a77f49efde727ec08598865927263e552b97012d4e614f20b3f625133cbc0e40,a77f49efde727ec08598865927263e552b97012d4e614f20b3f625133cbc0e40,520,17,15,98,
1.0,versemap-reference-d9969e023145ab13,paul-laurence-dunbar,Paul Laurence Dunbar,paul-laurence-dunbar-0ea1c2c301a625ee,Weltschmertz,Paul Laurence Dunbar/Weltschmertz.txt,1409,a9a4d8c80ce8189b114d01fbdb5393e0017142073917f4ae80f331a5151d0e56,a9a4d8c80ce8189b114d01fbdb5393e0017142073917f4ae80f331a5151d0e56,1409,49,40,265,
1.0,versemap-reference-d9969e023145ab13,paul-laurence-dunbar,Paul Laurence Dunbar,paul-laurence-dunbar-bcfe8b432db91ec4,What's the Use,Paul Laurence Dunbar/What's the Use.txt,476,19bfe08cf3486ad151e766aefe138ced3a11a698fb461f9731be4dc1af454408,19bfe08cf3486ad151e766aefe138ced3a11a698fb461f9731be4dc1af454408,476,17,15,81,
1.0,versemap-reference-d9969e023145ab13,paul-laurence-dunbar,Paul Laurence Dunbar,paul-laurence-dunbar-9bba6e4c8ef19556,When a Feller's Itchin' to Be Spanked,Paul Laurence Dunbar/When a Feller's Itchin' to Be Spanked.txt,1576,8c790a4aa5a6fe8da851aaaebb2004573d7a05439fecf5163fd42e8cd25267d8,8c790a4aa5a6fe8da851aaaebb2004573d7a05439fecf5163fd42e8cd25267d8,1576,39,35,294,
1.0,versemap-reference-d9969e023145ab13,paul-laurence-dunbar,Paul Laurence Dunbar,paul-laurence-dunbar-a5a3d869dbe2771c,When All Is Done,Paul Laurence Dunbar/When All Is Done.txt,717,b720cf183e270b43eebe79567d6023106a51828d87346ce554e1938054093d77,b720cf183e270b43eebe79567d6023106a51828d87346ce554e1938054093d77,717,20,17,146,
1.0,versemap-reference-d9969e023145ab13,paul-laurence-dunbar,Paul Laurence Dunbar,paul-laurence-dunbar-6b7ff7d463a36c32,When de Co'n Pone's Hot,Paul Laurence Dunbar/When de Co'n Pone's Hot.txt,1504,cd56488ab37ab45cd2760bd00a22c7e5885e87f7a6a207aaa5d3164b7403aa58,cd56488ab37ab45cd2760bd00a22c7e5885e87f7a6a207aaa5d3164b7403aa58,1504,51,48,291,
1.0,versemap-reference-d9969e023145ab13,paul-laurence-dunbar,Paul Laurence Dunbar,paul-laurence-dunbar-948f3924262cd6ba,When Dey 'Listed Colored Soldiers,Paul Laurence Dunbar/When Dey 'Listed Colored Soldiers.txt,2476,2ea7a1b58b270480ce23b1796c1dc71a6e905a488e13dc0e02018b1e0564fdee,2ea7a1b58b270480ce23b1796c1dc71a6e905a488e13dc0e02018b1e0564fdee,2476,44,40,518,
1.0,versemap-reference-d9969e023145ab13,paul-laurence-dunbar,Paul Laurence Dunbar,paul-laurence-dunbar-b240ad1ffa4f05e4,When Malindy Sings,Paul Laurence Dunbar/When Malindy Sings.txt,2341,7855424c8eea71ffbb15f3345380ecf129b91d465f242532bd5e97079fbd28df,7855424c8eea71ffbb15f3345380ecf129b91d465f242532bd5e97079fbd28df,2341,80,72,425,
1.0,versemap-reference-d9969e023145ab13,paul-laurence-dunbar,Paul Laurence Dunbar,paul-laurence-dunbar-efc356fc46cb4d26,When Sam'l Sings,Paul Laurence Dunbar/When Sam'l Sings.txt,1530,dba03774865da997a641a7c953b5d9565489a3ec467b168e3d7afcad10c9453f,dba03774865da997a641a7c953b5d9565489a3ec467b168e3d7afcad10c9453f,1530,53,48,299,
1.0,versemap-reference-d9969e023145ab13,paul-laurence-dunbar,Paul Laurence Dunbar,paul-laurence-dunbar-c5f4b965709e841a,When the Old Man Smokes,Paul Laurence Dunbar/When the Old Man Smokes.txt,1867,4c664cf39bd950d10009c607e6f958a8d0f04bf4ada7cf0791f726c5b2f4a4c1,4c664cf39bd950d10009c607e6f958a8d0f04bf4ada7cf0791f726c5b2f4a4c1,1867,62,56,323,
1.0,versemap-reference-d9969e023145ab13,paul-laurence-dunbar,Paul Laurence Dunbar,paul-laurence-dunbar-9a3df8c62cbd17a0,When Winter Darkening All Around,Paul Laurence Dunbar/When Winter Darkening All Around.txt,554,0b8604a1c55cd0c2b53a221ac54afc9a8c0fa487c8c1f44e0a0f80dea1f9fb0a,0b8604a1c55cd0c2b53a221ac54afc9a8c0fa487c8c1f44e0a0f80dea1f9fb0a,554,19,16,98,
1.0,versemap-reference-d9969e023145ab13,paul-laurence-dunbar,Paul Laurence Dunbar,paul-laurence-dunbar-6861d14551c508e2,Whip-Poor-Will and Katy-Did,Paul Laurence Dunbar/Whip-Poor-Will and Katy-Did.txt,654,48d28b541bb997fc52477c4808f3c1399cbbee1e81fa37ba047191f52023468e,48d28b541bb997fc52477c4808f3c1399cbbee1e81fa37ba047191f52023468e,654,27,24,119,
1.0,versemap-reference-d9969e023145ab13,paul-laurence-dunbar,Paul Laurence Dunbar,paul-laurence-dunbar-5180536f1caefe9c,Whistling Sam,Paul Laurence Dunbar/Whistling Sam.txt,2583,dba7c3a65e4295b077ac379c17ed7004647d879415d376c157b67e82e74fa039,dba7c3a65e4295b077ac379c17ed7004647d879415d376c157b67e82e74fa039,2583,52,43,481,
1.0,versemap-reference-d9969e023145ab13,paul-laurence-dunbar,Paul Laurence Dunbar,paul-laurence-dunbar-2f4647d2c84f9cc2,Whittier,Paul Laurence Dunbar/Whittier.txt,584,a87e61e20db6c995fb87ebab8f6c5fc004bb158a27f03edf16e7328501c93b80,a87e61e20db6c995fb87ebab8f6c5fc004bb158a27f03edf16e7328501c93b80,584,18,16,108,
1.0,versemap-reference-d9969e023145ab13,paul-laurence-dunbar,Paul Laurence Dunbar,paul-laurence-dunbar-aeb6e71ed5db0e23,Why Fades a Dream,Paul Laurence Dunbar/Why Fades a Dream.txt,457,ff3f195fea2c5eeb74f6cfcc1ce62f74fb6507cb95b53b096e7e26b155dae93f,ff3f195fea2c5eeb74f6cfcc1ce62f74fb6507cb95b53b096e7e26b155dae93f,457,19,18,80,
1.0,versemap-reference-d9969e023145ab13,paul-laurence-dunbar,Paul Laurence Dunbar,paul-laurence-dunbar-7dd352b4acbc70a0,Winter's Approach,Paul Laurence Dunbar/Winter's Approach.txt,545,cfb6ce453053cbf01660cb81763631c0dabb5f6492dbc078837a430fa1a23440,cfb6ce453053cbf01660cb81763631c0dabb5f6492dbc078837a430fa1a23440,545,20,18,110,
1.0,versemap-reference-d9969e023145ab13,paul-laurence-dunbar,Paul Laurence Dunbar,paul-laurence-dunbar-d5b5b671f4937a65,Winter-Song,Paul Laurence Dunbar/Winter-Song.txt,579,66012433e502a695b272665f31cde3379a1394b27ab17c76316e5d90a3fb3b4e,66012433e502a695b272665f31cde3379a1394b27ab17c76316e5d90a3fb3b4e,579,17,14,100,
1.0,versemap-reference-d9969e023145ab13,paul-laurence-dunbar,Paul Laurence Dunbar,paul-laurence-dunbar-7172f09f7240c746,With the Lark,Paul Laurence Dunbar/With the Lark.txt,911,f54853df01ad155de9d692b03e33e2c307eef0cd07141b1e65b22aaa8823b880,f54853df01ad155de9d692b03e33e2c307eef0cd07141b1e65b22aaa8823b880,911,20,18,177,
1.0,versemap-reference-d9969e023145ab13,paul-laurence-dunbar,Paul Laurence Dunbar,paul-laurence-dunbar-ab80973e14d82e53,Worn Out,Paul Laurence Dunbar/Worn Out.txt,664,545119cb8c4db90cf57b118fc6f2d1cf90b9dccd2897d32c8b8fc180724530a7,545119cb8c4db90cf57b118fc6f2d1cf90b9dccd2897d32c8b8fc180724530a7,664,29,24,124,
1.0,versemap-reference-d9969e023145ab13,paul-laurence-dunbar,Paul Laurence Dunbar,paul-laurence-dunbar-5d5a28a9d83fe191,Yesterday and to-Morrow,Paul Laurence Dunbar/Yesterday and to-Morrow.txt,651,975a89f2f3b17abd0cc6ee8876cde9f27b2e5155444a8a702758d5e93f2264ed,975a89f2f3b17abd0cc6ee8876cde9f27b2e5155444a8a702758d5e93f2264ed,651,29,24,120,
1.0,versemap-reference-d9969e023145ab13,percy-bysshe-shelley,Percy Bysshe Shelley,percy-bysshe-shelley-99e8e4e2e13ba398,A Bridal Song,Percy Bysshe Shelley/A Bridal Song.txt,552,36a911fe52a44ca8dc2d5fec8918ef93011f814ae7daea9068c4bf959df8ecb9,36a911fe52a44ca8dc2d5fec8918ef93011f814ae7daea9068c4bf959df8ecb9,544,23,21,99,
1.0,versemap-reference-d9969e023145ab13,percy-bysshe-shelley,Percy Bysshe Shelley,percy-bysshe-shelley-fb0037b960349781,A Dialogue - For my dagger is bathed in the blood of the brave,Percy Bysshe Shelley/A Dialogue - For my dagger is bathed in the blood of the brave.txt,2033,7793812df32ebe1e384010a98bf56999a052a82d2153180eb533d198e561ede5,7793812df32ebe1e384010a98bf56999a052a82d2153180eb533d198e561ede5,2003,51,46,359,
1.0,versemap-reference-d9969e023145ab13,percy-bysshe-shelley,Percy Bysshe Shelley,percy-bysshe-shelley-6a4ffbdbb942a36b,A Dialogue - Whilst monarchs laughed upon their thrones,Percy Bysshe Shelley/A Dialogue - Whilst monarchs laughed upon their thrones.txt,118448,330a9b819048f8cc9725041e3ec6b3d2a066edd8349c0f1d8f08fb15d794af9d,330a9b819048f8cc9725041e3ec6b3d2a066edd8349c0f1d8f08fb15d794af9d,117568,2000,1843,19588,suspiciously_long
1.0,versemap-reference-d9969e023145ab13,percy-bysshe-shelley,Percy Bysshe Shelley,percy-bysshe-shelley-f98f95b5e1c6a5d6,A Dirge,Percy Bysshe Shelley/A Dirge.txt,295,2c925d0bf5ba3725f06654de76418953a1e17968dfe53e2d88e842e694e34147,2c925d0bf5ba3725f06654de76418953a1e17968dfe53e2d88e842e694e34147,291,13,11,47,
1.0,versemap-reference-d9969e023145ab13,percy-bysshe-shelley,Percy Bysshe Shelley,percy-bysshe-shelley-d70900bb2168a658,A Hate-Song,Percy Bysshe Shelley/A Hate-Song.txt,157,4d7cb2ce324059345123ab7416d81e4f8bc31bb7b6969a373c44f5f813f8fb27,4d7cb2ce324059345123ab7416d81e4f8bc31bb7b6969a373c44f5f813f8fb27,155,6,5,34,
1.0,versemap-reference-d9969e023145ab13,percy-bysshe-shelley,Percy Bysshe Shelley,percy-bysshe-shelley-e234f84622e53bbf,A Lament,Percy Bysshe Shelley/A Lament.txt,345,4188a285cb2a28f3f61b143e181e0de7ae1ba0872b8cf3f142ce0bd6be6bf601,4188a285cb2a28f3f61b143e181e0de7ae1ba0872b8cf3f142ce0bd6be6bf601,341,15,13,65,
1.0,versemap-reference-d9969e023145ab13,percy-bysshe-shelley,Percy Bysshe Shelley,percy-bysshe-shelley-a884c4541fa61b81,A New National Anthem,Percy Bysshe Shelley/A New National Anthem.txt,1086,572bef3e6f34740de491c9b781da3d2262a872f8d7f893ec2ade9e0ff0cdde05,572bef3e6f34740de491c9b781da3d2262a872f8d7f893ec2ade9e0ff0cdde05,1062,55,49,185,
1.0,versemap-reference-d9969e023145ab13,percy-bysshe-shelley,Percy Bysshe Shelley,percy-bysshe-shelley-ba5a1bf8e157b237,A Summer Evening Churchyard,Percy Bysshe Shelley/A Summer Evening Churchyard.txt,2970,85be4fa50c704cca7cb25f5a96411a569c61e495745f6c50bc907909356879d0,85be4fa50c704cca7cb25f5a96411a569c61e495745f6c50bc907909356879d0,2946,90,74,488,
1.0,versemap-reference-d9969e023145ab13,percy-bysshe-shelley,Percy Bysshe Shelley,percy-bysshe-shelley-5f01507d324ccf7d,"A Tale of Society as It Is from Facts, 1811","Percy Bysshe Shelley/A Tale of Society as It Is from Facts, 1811.txt",3558,a8ca90845629e1e34bcd0204fcaee22960885a4f9961dc82600cac1ddb818a69,a8ca90845629e1e34bcd0204fcaee22960885a4f9961dc82600cac1ddb818a69,3512,100,91,610,
1.0,versemap-reference-d9969e023145ab13,percy-bysshe-shelley,Percy Bysshe Shelley,percy-bysshe-shelley-7122e09413018e6d,A Vision of the Sea,Percy Bysshe Shelley/A Vision of the Sea.txt,8949,1f07ab6bc70fdf7b961270e932899e00565757a9eeb7fcbfd39df48d69cb2bb3,1f07ab6bc70fdf7b961270e932899e00565757a9eeb7fcbfd39df48d69cb2bb3,8907,182,180,1594,
1.0,versemap-reference-d9969e023145ab13,percy-bysshe-shelley,Percy Bysshe Shelley,percy-bysshe-shelley-2c63897c689abc0e,An Allegory,Percy Bysshe Shelley/An Allegory.txt,677,4218a9c50aa9542685bb94a5dd90d4075e833e6b59ace10702b047a90412bc6e,4218a9c50aa9542685bb94a5dd90d4075e833e6b59ace10702b047a90412bc6e,673,23,20,113,
1.0,versemap-reference-d9969e023145ab13,percy-bysshe-shelley,Percy Bysshe Shelley,percy-bysshe-shelley-fa74d37e05fd29cb,An Exhortation,Percy Bysshe Shelley/An Exhortation.txt,807,ae99742a1768186746238f325a2bd531f9efa9c7a26097f2255f81933384f099,ae99742a1768186746238f325a2bd531f9efa9c7a26097f2255f81933384f099,803,31,28,148,
1.0,versemap-reference-d9969e023145ab13,percy-bysshe-shelley,Percy Bysshe Shelley,percy-bysshe-shelley-f9f2436082b002ed,Another Version of the Same,Percy Bysshe Shelley/Another Version of the Same.txt,987,707d657da5934f903b02e0b6548e6bb415b6a128a584dd2eaf7a645a37da8317,707d657da5934f903b02e0b6548e6bb415b6a128a584dd2eaf7a645a37da8317,985,42,37,182,
1.0,versemap-reference-d9969e023145ab13,percy-bysshe-shelley,Percy Bysshe Shelley,percy-bysshe-shelley-f0dc2131bba0dcb8,Arethusa,Percy Bysshe Shelley/Arethusa.txt,3183,eb86f2e8db2bdfad3141b86a264f359cdccbc395e56f9398a68db8b8937f4bcc,eb86f2e8db2bdfad3141b86a264f359cdccbc395e56f9398a68db8b8937f4bcc,3141,130,119,533,
1.0,versemap-reference-d9969e023145ab13,percy-bysshe-shelley,Percy Bysshe Shelley,percy-bysshe-shelley-8d79cc1ff96af324,Autumn a Dirge,Percy Bysshe Shelley/Autumn a Dirge.txt,721,720294aa0ed1e6a6200de02aeca307af0d359448ad8cdecfbce7203f8eb38806,720294aa0ed1e6a6200de02aeca307af0d359448ad8cdecfbce7203f8eb38806,719,27,25,131,
1.0,versemap-reference-d9969e023145ab13,percy-bysshe-shelley,Percy Bysshe Shelley,percy-bysshe-shelley-8ce76917620b4cf0,Buona Notte,Percy Bysshe Shelley/Buona Notte.txt,499,c6ba43147b1bfeabea313e9fb96120ba8c973284048aeed9fb3858e4a651064f,c6ba43147b1bfeabea313e9fb96120ba8c973284048aeed9fb3858e4a651064f,487,24,20,82,
1.0,versemap-reference-d9969e023145ab13,percy-bysshe-shelley,Percy Bysshe Shelley,percy-bysshe-shelley-f24765e65f8ffc5f,Cancelled Passage - O pillow cold and wet with tears!,Percy Bysshe Shelley/Cancelled Passage - O pillow cold and wet with tears!.txt,69,246623b0c2b429ec54d4e47e88edbee906098425ee9e14dd9405cfa91e34cfb7,246623b0c2b429ec54d4e47e88edbee906098425ee9e14dd9405cfa91e34cfb7,69,4,3,12,suspiciously_short
1.0,versemap-reference-d9969e023145ab13,percy-bysshe-shelley,Percy Bysshe Shelley,percy-bysshe-shelley-bf878e2d0ecf3c9e,"Cancelled Passage - Their moss rotted off them, flake by flake","Percy Bysshe Shelley/Cancelled Passage - Their moss rotted off them, flake by flake.txt",186,a447695385b8477057d0760f418fdd05d5e9fc4d0744e95bcda20375f67bbb60,a447695385b8477057d0760f418fdd05d5e9fc4d0744e95bcda20375f67bbb60,184,6,5,32,
1.0,versemap-reference-d9969e023145ab13,percy-bysshe-shelley,Percy Bysshe Shelley,percy-bysshe-shelley-7ebfe326ed626eab,Cancelled Passage of Mont Blanc,Percy Bysshe Shelley/Cancelled Passage of Mont Blanc.txt,226,f392621596987e83924b56cd089f0ebc578dfa3e906b3650ac13af3d9722479c,f392621596987e83924b56cd089f0ebc578dfa3e906b3650ac13af3d9722479c,222,7,6,39,
1.0,versemap-reference-d9969e023145ab13,percy-bysshe-shelley,Percy Bysshe Shelley,percy-bysshe-shelley-b5581bb3c79bcf39,Cancelled Stanza of the Mask of Anarchy,Percy Bysshe Shelley/Cancelled Stanza of the Mask of Anarchy.txt,135,9924fd92e630edd5d2d466d01da38f7f27794b63c900bfb3b4a96f27d67b539d,9924fd92e630edd5d2d466d01da38f7f27794b63c900bfb3b4a96f27d67b539d,135,6,5,22,
1.0,versemap-reference-d9969e023145ab13,percy-bysshe-shelley,Percy Bysshe Shelley,percy-bysshe-shelley-f5f03f4a0e1ba925,Cancelled Stanza,Percy Bysshe Shelley/Cancelled Stanza.txt,254,02e2af8d84e5179fe343c0747f4e6e4a7d66d651d33d5d40162cb20ea9d6d053,02e2af8d84e5179fe343c0747f4e6e4a7d66d651d33d5d40162cb20ea9d6d053,250,9,8,42,
1.0,versemap-reference-d9969e023145ab13,percy-bysshe-shelley,Percy Bysshe Shelley,percy-bysshe-shelley-39311d45644dc945,Death - 1 (2),Percy Bysshe Shelley/Death - 1 (2).txt,526,e0277248c556477e663051cf25aa0a8e57e8f42a167b9db1dc9297f09b4c926e,e0277248c556477e663051cf25aa0a8e57e8f42a167b9db1dc9297f09b4c926e,516,26,21,98,
1.0,versemap-reference-d9969e023145ab13,percy-bysshe-shelley,Percy Bysshe Shelley,percy-bysshe-shelley-0fea19058fb8a2a1,Death - 1,Percy Bysshe Shelley/Death - 1.txt,736,c287694b9ff476abbb0d7729bc92553a453169056107f18fae5e2f317a411e7d,c287694b9ff476abbb0d7729bc92553a453169056107f18fae5e2f317a411e7d,712,24,21,126,
1.0,versemap-reference-d9969e023145ab13,percy-bysshe-shelley,Percy Bysshe Shelley,percy-bysshe-shelley-01769b730d257b09,"Despair - And canst thou mock mine agony, thus calm","Percy Bysshe Shelley/Despair - And canst thou mock mine agony, thus calm.txt",1648,43dacfd79fd68f2633f94799a7141fd5fe6d6e3fd05ccb79d548e3224beb0ec5,43dacfd79fd68f2633f94799a7141fd5fe6d6e3fd05ccb79d548e3224beb0ec5,1622,41,37,285,
1.0,versemap-reference-d9969e023145ab13,percy-bysshe-shelley,Percy Bysshe Shelley,percy-bysshe-shelley-7e98a2f4d498eee5,Dirge for the Year,Percy Bysshe Shelley/Dirge for the Year.txt,768,24972d0356aa7b2b42d8419966009e7861c0f546f96540b82f25645547be544f,24972d0356aa7b2b42d8419966009e7861c0f546f96540b82f25645547be544f,762,33,29,137,
1.0,versemap-reference-d9969e023145ab13,percy-bysshe-shelley,Percy Bysshe Shelley,percy-bysshe-shelley-d6dae16a323d0ac1,Epipsychidion,Percy Bysshe Shelley/Epipsychidion.txt,26459,08ba9955d108021b65c1da5cf8dbbd2737caf07dfaa4804c12141f64b6b9e187,08ba9955d108021b65c1da5cf8dbbd2737caf07dfaa4804c12141f64b6b9e187,26255,635,614,4698,suspiciously_long
1.0,versemap-reference-d9969e023145ab13,percy-bysshe-shelley,Percy Bysshe Shelley,percy-bysshe-shelley-74fffe55d630b588,Epitaph,Percy Bysshe Shelley/Epitaph.txt,198,49e1baa9412f0b22bed0a31e1585926ab2c4dbbb8f6c0e914e476411446a4378,49e1baa9412f0b22bed0a31e1585926ab2c4dbbb8f6c0e914e476411446a4378,198,6,5,34,
1.0,versemap-reference-d9969e023145ab13,percy-bysshe-shelley,Percy Bysshe Shelley,percy-bysshe-shelley-ef7454da7e31513f,Epithalamium,Percy Bysshe Shelley/Epithalamium.txt,1032,0609eb396c837294d5684d13a02afa5173a9e55167974bc9a8a217486a195a1c,0609eb396c837294d5684d13a02afa5173a9e55167974bc9a8a217486a195a1c,1032,44,39,191,
1.0,versemap-reference-d9969e023145ab13,percy-bysshe-shelley,Percy Bysshe Shelley,percy-bysshe-shelley-5803ccbd7e7eebb2,Eyes a Fragment,Percy Bysshe Shelley/Eyes a Fragment.txt,424,76708b4bc96f5ebcd3158169f1e39f98b2513f61687c7643040530a9bb9a816d,76708b4bc96f5ebcd3158169f1e39f98b2513f61687c7643040530a9bb9a816d,414,16,14,71,
1.0,versemap-reference-d9969e023145ab13,percy-bysshe-shelley,Percy Bysshe Shelley,percy-bysshe-shelley-2b79c7e59a8d5d57,Fiordispina,Percy Bysshe Shelley/Fiordispina.txt,3542,78e97302c7ebeb8b889f4c25d8b7e531cc9f8fb254222d10f1847da4900f0616,78e97302c7ebeb8b889f4c25d8b7e531cc9f8fb254222d10f1847da4900f0616,3486,106,92,600,
1.0,versemap-reference-d9969e023145ab13,percy-bysshe-shelley,Percy Bysshe Shelley,percy-bysshe-shelley-ff95c5cec433e637,Fragment from the Wandering Jew,Percy Bysshe Shelley/Fragment from the Wandering Jew.txt,421,ce3a1596c6dc4b3709f17c9a97d187f65cdbeddad955c416ba36f02055996933,ce3a1596c6dc4b3709f17c9a97d187f65cdbeddad955c416ba36f02055996933,415,12,11,62,
1.0,versemap-reference-d9969e023145ab13,percy-bysshe-shelley,Percy Bysshe Shelley,percy-bysshe-shelley-d4cf1927b25e83bb,Fragment Home,Percy Bysshe Shelley/Fragment Home.txt,144,7ab69d3928b39abe7a8218f7a18a0fa1a793b00ba0b7ab565f2e328b41c399d3,7ab69d3928b39abe7a8218f7a18a0fa1a793b00ba0b7ab565f2e328b41c399d3,144,5,4,23,
1.0,versemap-reference-d9969e023145ab13,percy-bysshe-shelley,Percy Bysshe Shelley,percy-bysshe-shelley-e180d0185b92537c,Fragment of a Ghost Story,Percy Bysshe Shelley/Fragment of a Ghost Story.txt,274,deceaed0f06bf2cdc40808aa91cd5acbf3041ada8889e9b5a62b5e3d202f409d,deceaed0f06bf2cdc40808aa91cd5acbf3041ada8889e9b5a62b5e3d202f409d,268,10,9,49,
1.0,versemap-reference-d9969e023145ab13,percy-bysshe-shelley,Percy Bysshe Shelley,percy-bysshe-shelley-340b4f9740571669,Fragment of a Satire on Satire,Percy Bysshe Shelley/Fragment of a Satire on Satire.txt,2071,3792de16846a37fe817313baf5697e3f34a1d0c6bc6ca6f55704947e239fc3d3,3792de16846a37fe817313baf5697e3f34a1d0c6bc6ca6f55704947e239fc3d3,2043,51,50,363,
1.0,versemap-reference-d9969e023145ab13,percy-bysshe-shelley,Percy Bysshe Shelley,percy-bysshe-shelley-4ec4ba40a6ca579c,Fragment on Keats,Percy Bysshe Shelley/Fragment on Keats.txt,290,f0e99177b434cc75bc9da2cecaaafed874d510693665ad867d784e23ea80788b,f0e99177b434cc75bc9da2cecaaafed874d510693665ad867d784e23ea80788b,284,9,8,47,
1.0,versemap-reference-d9969e023145ab13,percy-bysshe-shelley,Percy Bysshe Shelley,percy-bysshe-shelley-d25b1494c7efacf4,Fragment to One Singing,Percy Bysshe Shelley/Fragment to One Singing.txt,352,a3115fe7780a12c6306aa3b39dbffad137642e5bbf8ea067559fb0cc9c26e041,a3115fe7780a12c6306aa3b39dbffad137642e5bbf8ea067559fb0cc9c26e041,348,13,10,57,
1.0,versemap-reference-d9969e023145ab13,percy-bysshe-shelley,Percy Bysshe Shelley,percy-bysshe-shelley-7934a28b56b77668,Fragment to the Moon,Percy Bysshe Shelley/Fragment to the Moon.txt,195,6502d85c7f40af0f42e3ceb9dc5525cb9957b745c5b724a3b025a069549335c2,6502d85c7f40af0f42e3ceb9dc5525cb9957b745c5b724a3b025a069549335c2,193,8,7,36,
1.0,versemap-reference-d9969e023145ab13,percy-bysshe-shelley,Percy Bysshe Shelley,percy-bysshe-shelley-7652dea00f82bbd7,Fragment to the People of England,Percy Bysshe Shelley/Fragment to the People of England.txt,308,15b6c5c4b8e2d3df28b675c05741e72aa18cc0e99bc75e81c25d301d1de1a780,15b6c5c4b8e2d3df28b675c05741e72aa18cc0e99bc75e81c25d301d1de1a780,308,11,9,56,
1.0,versemap-reference-d9969e023145ab13,percy-bysshe-shelley,Percy Bysshe Shelley,percy-bysshe-shelley-6d4b9ecb12e02aa7,Fragment,Percy Bysshe Shelley/Fragment.txt,1425,309d6b345a025112efbebfcbce5315a24871804a96681a3adc2710fb7efaf348,309d6b345a025112efbebfcbce5315a24871804a96681a3adc2710fb7efaf348,1393,36,32,262,
1.0,versemap-reference-d9969e023145ab13,percy-bysshe-shelley,Percy Bysshe Shelley,percy-bysshe-shelley-56a4ac153e69333d,Fragments Supposed to Be Parts of Otho,Percy Bysshe Shelley/Fragments Supposed to Be Parts of Otho.txt,721,fe76f758b0209cb435303a13b033de661718d5495d3069379fbdf80f80c31210,fe76f758b0209cb435303a13b033de661718d5495d3069379fbdf80f80c31210,721,27,22,126,
1.0,versemap-reference-d9969e023145ab13,percy-bysshe-shelley,Percy Bysshe Shelley,percy-bysshe-shelley-a410241c059dd4db,From the Arabic an Imitation,Percy Bysshe Shelley/From the Arabic an Imitation.txt,619,a555c6fda36047146d457fe51282bd07c6695447326115066720cf43de533e2b,a555c6fda36047146d457fe51282bd07c6695447326115066720cf43de533e2b,617,26,23,117,
1.0,versemap-reference-d9969e023145ab13,percy-bysshe-shelley,Percy Bysshe Shelley,percy-bysshe-shelley-ddd930b15d8965ff,From the Original Draft of the Poem to William Shelley,Percy Bysshe Shelley/From the Original Draft of the Poem to William Shelley.txt,464,09520e3d9d14987faf7802156088dd6e2a2f29752ccd8dec7263cfdbd0715585,09520e3d9d14987faf7802156088dd6e2a2f29752ccd8dec7263cfdbd0715585,460,20,18,80,
1.0,versemap-reference-d9969e023145ab13,percy-bysshe-shelley,Percy Bysshe Shelley,percy-bysshe-shelley-cc46b155dde49e34,Ginevra,Percy Bysshe Shelley/Ginevra.txt,10663,c9bb135cdf35648dd225e8bebf552a07da600234b9f82acdb4f32c824903d759,c9bb135cdf35648dd225e8bebf552a07da600234b9f82acdb4f32c824903d759,10533,286,265,1872,
1.0,versemap-reference-d9969e023145ab13,percy-bysshe-shelley,Percy Bysshe Shelley,percy-bysshe-shelley-504410c233698b95,Good-Night,Percy Bysshe Shelley/Good-Night.txt,724,b25a4f9c2fdd4149b087df68f55944aec1f670627723d16f08bd670080eef278,b25a4f9c2fdd4149b087df68f55944aec1f670627723d16f08bd670080eef278,720,26,22,120,
1.0,versemap-reference-d9969e023145ab13,percy-bysshe-shelley,Percy Bysshe Shelley,percy-bysshe-shelley-e4b904e31e7127e9,Hellas,Percy Bysshe Shelley/Hellas.txt,54312,ef4a2409f58282b25fafa985000524036310581b43881fa2e270d11da3f8b34b,ef4a2409f58282b25fafa985000524036310581b43881fa2e270d11da3f8b34b,53794,1616,1441,9228,suspiciously_long
1.0,versemap-reference-d9969e023145ab13,percy-bysshe-shelley,Percy Bysshe Shelley,percy-bysshe-shelley-2e0a1a2b9f039b8f,Hymn of Apollo,Percy Bysshe Shelley/Hymn of Apollo.txt,1671,1d5fa4ed92d36cfd4f1cd574f2e717c97e9277faf801938cb74bb4bd00cb173d,1d5fa4ed92d36cfd4f1cd574f2e717c97e9277faf801938cb74bb4bd00cb173d,1663,54,47,301,
1.0,versemap-reference-d9969e023145ab13,percy-bysshe-shelley,Percy Bysshe Shelley,percy-bysshe-shelley-2902f788a8eafb9c,Hymn of Pan,Percy Bysshe Shelley/Hymn of Pan.txt,1272,720a9203a63857948703d4d072306e3969c36f10aa321c29a38b83e53885de36,720a9203a63857948703d4d072306e3969c36f10aa321c29a38b83e53885de36,1264,46,42,238,
1.0,versemap-reference-d9969e023145ab13,percy-bysshe-shelley,Percy Bysshe Shelley,percy-bysshe-shelley-cdfc88c11ebc395b,Hymn to Intellectual Beauty,Percy Bysshe Shelley/Hymn to Intellectual Beauty.txt,3705,b2d7c17a87448bc8db5bd14fa2f4539a2f12953ae47992b94956c582c4c61e9f,b2d7c17a87448bc8db5bd14fa2f4539a2f12953ae47992b94956c582c4c61e9f,3651,107,99,634,
1.0,versemap-reference-d9969e023145ab13,percy-bysshe-shelley,Percy Bysshe Shelley,percy-bysshe-shelley-8cdabb6e24ac5cc8,Hymn to Mercury,Percy Bysshe Shelley/Hymn to Mercury.txt,34493,271cba1b45b07fa64a5b10f5434f6465703ae319250f8bf564a532393ed45f3e,271cba1b45b07fa64a5b10f5434f6465703ae319250f8bf564a532393ed45f3e,33899,985,887,5981,suspiciously_long
1.0,versemap-reference-d9969e023145ab13,percy-bysshe-shelley,Percy Bysshe Shelley,percy-bysshe-shelley-407156f35aecbc38,In Horologium,Percy Bysshe Shelley/In Horologium.txt,172,bbb6b6ef5f8b6ecd78732e231d9fe11f2e952ef22bf58a2ac7b617bdebf6a5a3,bbb6b6ef5f8b6ecd78732e231d9fe11f2e952ef22bf58a2ac7b617bdebf6a5a3,172,6,5,24,
1.0,versemap-reference-d9969e023145ab13,percy-bysshe-shelley,Percy Bysshe Shelley,percy-bysshe-shelley-91f7bb4fc0f993f4,Invocation to Misery,Percy Bysshe Shelley/Invocation to Misery.txt,2816,6d0ad4681587c10581e676892046a567aa10f2a53decd7549f09638ed4bcc7b9,6d0ad4681587c10581e676892046a567aa10f2a53decd7549f09638ed4bcc7b9,2776,113,99,465,
1.0,versemap-reference-d9969e023145ab13,percy-bysshe-shelley,Percy Bysshe Shelley,percy-bysshe-shelley-04b2ec2ef4118307,Letter to Maria Gisborne,Percy Bysshe Shelley/Letter to Maria Gisborne.txt,16296,579637cb920f617cf4ca0370091e2c9c22a70ec3c6b7c45db560f4ca42c594cb,579637cb920f617cf4ca0370091e2c9c22a70ec3c6b7c45db560f4ca42c594cb,15988,377,369,2725,
1.0,versemap-reference-d9969e023145ab13,percy-bysshe-shelley,Percy Bysshe Shelley,percy-bysshe-shelley-5f96f968d3d1a6c0,Liberty,Percy Bysshe Shelley/Liberty.txt,1006,8c1d3eeb0398ec39aa7ba24522bd4c19a042b6a400d5239ce65e94f10b805941,8c1d3eeb0398ec39aa7ba24522bd4c19a042b6a400d5239ce65e94f10b805941,996,33,28,159,
1.0,versemap-reference-d9969e023145ab13,percy-bysshe-shelley,Percy Bysshe Shelley,percy-bysshe-shelley-cc08131dd524b690,Lines to a Critic,Percy Bysshe Shelley/Lines to a Critic.txt,508,c88d775269c2fccd39cb24ee37f2a415b8c4f86755938295e8572706e1278f7b,c88d775269c2fccd39cb24ee37f2a415b8c4f86755938295e8572706e1278f7b,504,25,21,100,
1.0,versemap-reference-d9969e023145ab13,percy-bysshe-shelley,Percy Bysshe Shelley,percy-bysshe-shelley-4f59d0c256f99319,Lines to a Reviewer,Percy Bysshe Shelley/Lines to a Reviewer.txt,569,174bcf055abfc7c098701f9401cbe13cf00084798bd4d483f66cf7875bc6cfb5,174bcf055abfc7c098701f9401cbe13cf00084798bd4d483f66cf7875bc6cfb5,569,18,16,106,
1.0,versemap-reference-d9969e023145ab13,percy-bysshe-shelley,Percy Bysshe Shelley,percy-bysshe-shelley-7c41c3b325313894,Lines Written Among the Euganean Hills,Percy Bysshe Shelley/Lines Written Among the Euganean Hills.txt,14265,a43c324e3b6b0f2c307b784bf5d5e27eac0f35822224333f2e70523cbb7b6081,a43c324e3b6b0f2c307b784bf5d5e27eac0f35822224333f2e70523cbb7b6081,14111,484,451,2479,
1.0,versemap-reference-d9969e023145ab13,percy-bysshe-shelley,Percy Bysshe Shelley,percy-bysshe-shelley-63e1ceaa2d623447,Lines Written During the Castlereagh Administration,Percy Bysshe Shelley/Lines Written During the Castlereagh Administration.txt,1199,996e71b35bf71593664e0362a96e4cd4ed88898aabde06f7fabf394637660743,996e71b35bf71593664e0362a96e4cd4ed88898aabde06f7fabf394637660743,1183,44,38,183,
1.0,versemap-reference-d9969e023145ab13,percy-bysshe-shelley,Percy Bysshe Shelley,percy-bysshe-shelley-67708687173f42aa,Lines Written in the Bay of Lerici,Percy Bysshe Shelley/Lines Written in the Bay of Lerici.txt,1853,f3df034a276b2c8edb2b9a80f62ff1950752823afbcfff66e69da0f4af8b94ee,f3df034a276b2c8edb2b9a80f62ff1950752823afbcfff66e69da0f4af8b94ee,1841,58,56,331,
1.0,versemap-reference-d9969e023145ab13,percy-bysshe-shelley,Percy Bysshe Shelley,percy-bysshe-shelley-a620c1b5c6f9b3ee,Lines Written on Hearing the News of the Death of Napoleon,Percy Bysshe Shelley/Lines Written on Hearing the News of the Death of Napoleon.txt,1546,cac4196f251c0598ed352f3bc1efdf0ff600dfbc7cc39715b5573eb6802cd52d,cac4196f251c0598ed352f3bc1efdf0ff600dfbc7cc39715b5573eb6802cd52d,1516,46,41,288,
1.0,versemap-reference-d9969e023145ab13,percy-bysshe-shelley,Percy Bysshe Shelley,percy-bysshe-shelley-32f60e7f687974ef,"Love, Hope, Desire, and Fear","Percy Bysshe Shelley/Love, Hope, Desire, and Fear.txt",3223,cf765f445e3f877ea600ecffc1c91ce1e041b1a679a276da69d5b0208fad1c05,cf765f445e3f877ea600ecffc1c91ce1e041b1a679a276da69d5b0208fad1c05,3205,106,98,568,
1.0,versemap-reference-d9969e023145ab13,percy-bysshe-shelley,Percy Bysshe Shelley,percy-bysshe-shelley-db2e2216951938c8,Love,Percy Bysshe Shelley/Love.txt,838,8e43c62d22d5b8e2ea43a68cd7ea4156de14629c38c48f194fe492028eb78545,8e43c62d22d5b8e2ea43a68cd7ea4156de14629c38c48f194fe492028eb78545,824,26,25,144,
1.0,versemap-reference-d9969e023145ab13,percy-bysshe-shelley,Percy Bysshe Shelley,percy-bysshe-shelley-76c6726a2662d21d,Melody to a Scene of Former Times,Percy Bysshe Shelley/Melody to a Scene of Former Times.txt,1691,46193c0b12f5f49ab6a852d37d9d2688e7f8ddf8f1f674ec86f03ada2c7a359d,46193c0b12f5f49ab6a852d37d9d2688e7f8ddf8f1f674ec86f03ada2c7a359d,1665,51,49,307,
1.0,versemap-reference-d9969e023145ab13,percy-bysshe-shelley,Percy Bysshe Shelley,percy-bysshe-shelley-03f8efcbbeb0170d,Mont Blanc,Percy Bysshe Shelley/Mont Blanc.txt,6905,265f8dcc1e4b7c1d9698cc768397126dc9a5231564d3e65befd0e2257ee74f7f,265f8dcc1e4b7c1d9698cc768397126dc9a5231564d3e65befd0e2257ee74f7f,6847,169,162,1156,
1.0,versemap-reference-d9969e023145ab13,percy-bysshe-shelley,Percy Bysshe Shelley,percy-bysshe-shelley-5ff0a1842963a866,Music,Percy Bysshe Shelley/Music.txt,971,2bbeb5bdb1d18713f8fb47ac973a4b833d893010fc11b9fa8a044740148c0c52,2bbeb5bdb1d18713f8fb47ac973a4b833d893010fc11b9fa8a044740148c0c52,963,34,29,177,
1.0,versemap-reference-d9969e023145ab13,percy-bysshe-shelley,Percy Bysshe Shelley,percy-bysshe-shelley-e6ee7003857886c8,Mutability - 1,Percy Bysshe Shelley/Mutability - 1.txt,696,9bb5e91562045ba792bc910634b7ded23db9c6983098d8e00fe0aa043a0c8913,9bb5e91562045ba792bc910634b7ded23db9c6983098d8e00fe0aa043a0c8913,692,32,28,118,
1.0,versemap-reference-d9969e023145ab13,percy-bysshe-shelley,Percy Bysshe Shelley,percy-bysshe-shelley-3eb4840c24eaab1f,Mutability - We are as clouds that veil the midnight moon,Percy Bysshe Shelley/Mutability - We are as clouds that veil the midnight moon.txt,892,09a94cffb24f5aa7fce2bae9f5ac18cef973b2be7219efbe4c3d907d6cd6b95b,09a94cffb24f5aa7fce2bae9f5ac18cef973b2be7219efbe4c3d907d6cd6b95b,880,26,21,144,
1.0,versemap-reference-d9969e023145ab13,percy-bysshe-shelley,Percy Bysshe Shelley,percy-bysshe-shelley-ee72b1351a32859a,Ode to Heaven,Percy Bysshe Shelley/Ode to Heaven.txt,2181,706bdc90e1f8dcbe93c723ad49e3ca66f21455291744e95a37bd10d4ecf3fa98,706bdc90e1f8dcbe93c723ad49e3ca66f21455291744e95a37bd10d4ecf3fa98,2163,87,72,364,
1.0,versemap-reference-d9969e023145ab13,percy-bysshe-shelley,Percy Bysshe Shelley,percy-bysshe-shelley-57642390206d3aeb,Ode to Liberty,Percy Bysshe Shelley/Ode to Liberty.txt,13723,404d4e8ee805ef772c9de4230e1238e81da46bbea026021994ad22b089fd17bc,404d4e8ee805ef772c9de4230e1238e81da46bbea026021994ad22b089fd17bc,13601,371,341,2302,
1.0,versemap-reference-d9969e023145ab13,percy-bysshe-shelley,Percy Bysshe Shelley,percy-bysshe-shelley-bb0905c45ac6e29d,Ode to Naples,Percy Bysshe Shelley/Ode to Naples.txt,8206,53cd38694309720007cd94d68296114c756a8d69e76c656cfb28313f1359a777,53cd38694309720007cd94d68296114c756a8d69e76c656cfb28313f1359a777,8072,242,215,1320,
1.0,versemap-reference-d9969e023145ab13,percy-bysshe-shelley,Percy Bysshe Shelley,percy-bysshe-shelley-16005cc35b3497e6,Ode to the West Wind,Percy Bysshe Shelley/Ode to the West Wind.txt,3881,c7099c7b28bb5251fbe6e20677c07997ad0301b2aa36696c57771f85529b9065,c7099c7b28bb5251fbe6e20677c07997ad0301b2aa36696c57771f85529b9065,3855,116,88,672,
1.0,versemap-reference-d9969e023145ab13,percy-bysshe-shelley,Percy Bysshe Shelley,percy-bysshe-shelley-b99dc58834155eee,On a Faded Violet,Percy Bysshe Shelley/On a Faded Violet.txt,642,6715fba5569e8f10b6a902e49e645ea7c498e8754fdb71c90be874a326d443b5,6715fba5569e8f10b6a902e49e645ea7c498e8754fdb71c90be874a326d443b5,638,27,23,102,
1.0,versemap-reference-d9969e023145ab13,percy-bysshe-shelley,Percy Bysshe Shelley,percy-bysshe-shelley-08ed8af38799cc02,On a Fete at Carlton House Fragment,Percy Bysshe Shelley/On a Fete at Carlton House Fragment.txt,139,0ccbacf1575531c3feabc352399a0200c30d8343c9037b8ecf75f06116e4257e,0ccbacf1575531c3feabc352399a0200c30d8343c9037b8ecf75f06116e4257e,139,6,5,24,
1.0,versemap-reference-d9969e023145ab13,percy-bysshe-shelley,Percy Bysshe Shelley,percy-bysshe-shelley-8e64434ff2af3c20,On an Icicle That Clung to the Grass of a Grave,Percy Bysshe Shelley/On an Icicle That Clung to the Grass of a Grave.txt,1753,1c09bf0ce41004e143044d6536fe0a89fb7fe604853ff981795fde882b56955e,1c09bf0ce41004e143044d6536fe0a89fb7fe604853ff981795fde882b56955e,1731,46,41,296,
1.0,versemap-reference-d9969e023145ab13,percy-bysshe-shelley,Percy Bysshe Shelley,percy-bysshe-shelley-2f0609b933c6eac5,On Death,Percy Bysshe Shelley/On Death.txt,1323,20033633c98c2a99167033ed5f5f6e041e1cd2787e743f761e4629e909e5fe3e,20033633c98c2a99167033ed5f5f6e041e1cd2787e743f761e4629e909e5fe3e,1319,38,32,252,
1.0,versemap-reference-d9969e023145ab13,percy-bysshe-shelley,Percy Bysshe Shelley,percy-bysshe-shelley-a5e356c2c2892c6f,On Leaving London for Wales,Percy Bysshe Shelley/On Leaving London for Wales.txt,1623,c161ed8fcd5ad65069a10fff5fdc0f2accc798d88bac220798d8f3f3c8060d32,c161ed8fcd5ad65069a10fff5fdc0f2accc798d88bac220798d8f3f3c8060d32,1601,43,38,278,
1.0,versemap-reference-d9969e023145ab13,percy-bysshe-shelley,Percy Bysshe Shelley,percy-bysshe-shelley-912d146e108851fd,Orpheus,Percy Bysshe Shelley/Orpheus.txt,5651,10ab32d0aa685f7f3d027e3d0c2617c406911b0c21cbb6e4395ac91870df122f,10ab32d0aa685f7f3d027e3d0c2617c406911b0c21cbb6e4395ac91870df122f,5625,144,138,977,
1.0,versemap-reference-d9969e023145ab13,percy-bysshe-shelley,Percy Bysshe Shelley,percy-bysshe-shelley-0ad9b061f6a22fde,Otho,Percy Bysshe Shelley/Otho.txt,809,99840a9f9120f2de1709657d9bde011101a03517beed47dc4dd48d60b925b005,99840a9f9120f2de1709657d9bde011101a03517beed47dc4dd48d60b925b005,789,24,21,141,
1.0,versemap-reference-d9969e023145ab13,percy-bysshe-shelley,Percy Bysshe Shelley,percy-bysshe-shelley-66d84db4c89772ee,Ozymandias,Percy Bysshe Shelley/Ozymandias.txt,685,58ff1701c9407e11f0bf4387200c69a1f7a6b0f5a836716571b6b2660a6a0b06,58ff1701c9407e11f0bf4387200c69a1f7a6b0f5a836716571b6b2660a6a0b06,681,19,17,119,
1.0,versemap-reference-d9969e023145ab13,percy-bysshe-shelley,Percy Bysshe Shelley,percy-bysshe-shelley-6b25393f6e553534,Passage of the Apennines,Percy Bysshe Shelley/Passage of the Apennines.txt,465,b24bac6d308df05c997bb2be91941b012635e481b348c7bf975bb8b780b55bac,b24bac6d308df05c997bb2be91941b012635e481b348c7bf975bb8b780b55bac,463,15,14,87,
1.0,versemap-reference-d9969e023145ab13,percy-bysshe-shelley,Percy Bysshe Shelley,percy-bysshe-shelley-27c178417907b287,Peter Bell the Third,Percy Bysshe Shelley/Peter Bell the Third.txt,1654,d20c344bbf9b6f6237d03fa917a22d277a7fcdeea773ca6e859ddcc2cd634862,d20c344bbf9b6f6237d03fa917a22d277a7fcdeea773ca6e859ddcc2cd634862,1608,33,30,253,
1.0,versemap-reference-d9969e023145ab13,percy-bysshe-shelley,Percy Bysshe Shelley,percy-bysshe-shelley-f6640af19864a979,Queen Mab - 1,Percy Bysshe Shelley/Queen Mab - 1.txt,92662,a9b64448b5809cad7ea2d4764ac02c531a21dae9b5a8d6accc0264712b2db5f6,a9b64448b5809cad7ea2d4764ac02c531a21dae9b5a8d6accc0264712b2db5f6,91662,2475,2343,15469,suspiciously_long
1.0,versemap-reference-d9969e023145ab13,percy-bysshe-shelley,Percy Bysshe Shelley,percy-bysshe-shelley-730e4508efb7c9da,Remembrance,Percy Bysshe Shelley/Remembrance.txt,1291,cd5acf2a70b8d07ef84c240098512d8879c23fea94cbe82f989688c5a50f251a,cd5acf2a70b8d07ef84c240098512d8879c23fea94cbe82f989688c5a50f251a,1265,42,38,202,
1.0,versemap-reference-d9969e023145ab13,percy-bysshe-shelley,Percy Bysshe Shelley,percy-bysshe-shelley-7baacae6f24afafa,Similes for Two Political Characters of 1819,Percy Bysshe Shelley/Similes for Two Political Characters of 1819.txt,717,d4ca98fea8a277782fda8dd1acbd4ff64a1cbbefe500097235e88dec4a605ed1,d4ca98fea8a277782fda8dd1acbd4ff64a1cbbefe500097235e88dec4a605ed1,711,32,27,121,
1.0,versemap-reference-d9969e023145ab13,percy-bysshe-shelley,Percy Bysshe Shelley,percy-bysshe-shelley-0593080fc7c0bee4,Song from the Wandering Jew,Percy Bysshe Shelley/Song from the Wandering Jew.txt,219,6ca0a969caf4cedaac2f831a70a18b05db89c7e67de750fa87feddf82680221b,6ca0a969caf4cedaac2f831a70a18b05db89c7e67de750fa87feddf82680221b,215,10,9,39,
1.0,versemap-reference-d9969e023145ab13,percy-bysshe-shelley,Percy Bysshe Shelley,percy-bysshe-shelley-feedea75e0634579,Song to the Men of England,Percy Bysshe Shelley/Song to the Men of England.txt,1169,5b7f2064743c42dffac2a30ba8bfcd1c6a5d2c5ae02c3c8b4889d37037d40678,5b7f2064743c42dffac2a30ba8bfcd1c6a5d2c5ae02c3c8b4889d37037d40678,1157,49,41,200,
1.0,versemap-reference-d9969e023145ab13,percy-bysshe-shelley,Percy Bysshe Shelley,percy-bysshe-shelley-f61b3c7fceada0ba,Sonnet England in 1819,Percy Bysshe Shelley/Sonnet England in 1819.txt,2127,3ad51dbbcb81395ad0d41f9cc28be323c5306e52d2489c8a3ab441975f19af1f,3ad51dbbcb81395ad0d41f9cc28be323c5306e52d2489c8a3ab441975f19af1f,2103,63,54,361,
1.0,versemap-reference-d9969e023145ab13,percy-bysshe-shelley,Percy Bysshe Shelley,percy-bysshe-shelley-a1ac6bcc7b0fffb4,Sonnet Political Greatness,Percy Bysshe Shelley/Sonnet Political Greatness.txt,611,f0725c82888e413357b174e817abb33b6d64992eb197c53fc62da4307c13402a,f0725c82888e413357b174e817abb33b6d64992eb197c53fc62da4307c13402a,611,16,15,105,
1.0,versemap-reference-d9969e023145ab13,percy-bysshe-shelley,Percy Bysshe Shelley,percy-bysshe-shelley-b7640d381a673731,Sonnet to Byron,Percy Bysshe Shelley/Sonnet to Byron.txt,1029,550361d6ba8b23c3c7ae2234f734c4571fe009b0cef4c44b24ebe4547ef22f73,550361d6ba8b23c3c7ae2234f734c4571fe009b0cef4c44b24ebe4547ef22f73,1025,28,25,161,
1.0,versemap-reference-d9969e023145ab13,percy-bysshe-shelley,Percy Bysshe Shelley,percy-bysshe-shelley-7f23b8bb37adeaff,Stanza from a Translation of the Marseillaise Hymn,Percy Bysshe Shelley/Stanza from a Translation of the Marseillaise Hymn.txt,301,df98bb6f6f14545f1067d86c4362e6f86285f73ff6f3f408e94aee6026e170e0,df98bb6f6f14545f1067d86c4362e6f86285f73ff6f3f408e94aee6026e170e0,299,11,10,52,
1.0,versemap-reference-d9969e023145ab13,percy-bysshe-shelley,Percy Bysshe Shelley,percy-bysshe-shelley-2c8a767dcbac8743,"Stanza, Written at Bracknell","Percy Bysshe Shelley/Stanza, Written at Bracknell.txt",289,b0d3ef845153ef421efa55cea59fd7f5c688ac5cecbab8c0c357df6aa54fee93,b0d3ef845153ef421efa55cea59fd7f5c688ac5cecbab8c0c357df6aa54fee93,285,10,9,51,
1.0,versemap-reference-d9969e023145ab13,percy-bysshe-shelley,Percy Bysshe Shelley,percy-bysshe-shelley-bfb6a0e1603baccb,"Stanzas Written in Dejection, Near Naples","Percy Bysshe Shelley/Stanzas Written in Dejection, Near Naples.txt",2106,57560e5532465ca90fe30469df7e487449f4bccbab2c69adc307820cb4c1a192,57560e5532465ca90fe30469df7e487449f4bccbab2c69adc307820cb4c1a192,2084,66,60,349,
1.0,versemap-reference-d9969e023145ab13,percy-bysshe-shelley,Percy Bysshe Shelley,percy-bysshe-shelley-17d0d31fe7f3cb54,Summer and Winter,Percy Bysshe Shelley/Summer and Winter.txt,819,5005020a91b5bd46a7f41450825f7e910cab4711d07c8c0d7c55c4b3ac8b9f5d,5005020a91b5bd46a7f41450825f7e910cab4711d07c8c0d7c55c4b3ac8b9f5d,817,24,21,143,
1.0,versemap-reference-d9969e023145ab13,percy-bysshe-shelley,Percy Bysshe Shelley,percy-bysshe-shelley-5264beb47d9512fa,The Aziola,Percy Bysshe Shelley/The Aziola.txt,836,1d754b22f5738c16de0be7a1af98ab1fb220fbe6a1877aaaff52687dfaf80d8f,1d754b22f5738c16de0be7a1af98ab1fb220fbe6a1877aaaff52687dfaf80d8f,820,31,28,146,
1.0,versemap-reference-d9969e023145ab13,percy-bysshe-shelley,Percy Bysshe Shelley,percy-bysshe-shelley-50f4844f274bdda3,The Boat on the Serchio,Percy Bysshe Shelley/The Boat on the Serchio.txt,5445,e32aab1fc4e2e974c76eb4c8a4b53a015977faff95f3eccbd4f7371a882379d3,e32aab1fc4e2e974c76eb4c8a4b53a015977faff95f3eccbd4f7371a882379d3,5325,149,133,919,
1.0,versemap-reference-d9969e023145ab13,percy-bysshe-shelley,Percy Bysshe Shelley,percy-bysshe-shelley-27fb86ed30e0c0e2,The Cloud,Percy Bysshe Shelley/The Cloud.txt,3302,fd8e7f10a1c6788c446b3f3ad3e7dc6909d78d43a141aab34eb9855623177f87,fd8e7f10a1c6788c446b3f3ad3e7dc6909d78d43a141aab34eb9855623177f87,3286,96,89,613,
1.0,versemap-reference-d9969e023145ab13,percy-bysshe-shelley,Percy Bysshe Shelley,percy-bysshe-shelley-2c50b036971a7e78,The Daemon of the World,Percy Bysshe Shelley/The Daemon of the World.txt,25728,7a3d8d6290888f59203e8b483e92e171cd3e566f3b8ed4c1e9aafc271d857e2f,7a3d8d6290888f59203e8b483e92e171cd3e566f3b8ed4c1e9aafc271d857e2f,25522,685,645,4277,suspiciously_long
1.0,versemap-reference-d9969e023145ab13,percy-bysshe-shelley,Percy Bysshe Shelley,percy-bysshe-shelley-2799873971f94704,The Fugitives,Percy Bysshe Shelley/The Fugitives.txt,3497,ba1c03605659440a33eb89e130171ef1d234e71481dc46dd7434f63c6741734d,ba1c03605659440a33eb89e130171ef1d234e71481dc46dd7434f63c6741734d,3417,168,139,593,
1.0,versemap-reference-d9969e023145ab13,percy-bysshe-shelley,Percy Bysshe Shelley,percy-bysshe-shelley-8ed02ecfc9bc8af0,The Indian Serenade,Percy Bysshe Shelley/The Indian Serenade.txt,1327,b88999b037cedeef708997f97826c97e6a2810edb7fc8f2d472d8fab02088f8c,b88999b037cedeef708997f97826c97e6a2810edb7fc8f2d472d8fab02088f8c,1315,46,42,208,
1.0,versemap-reference-d9969e023145ab13,percy-bysshe-shelley,Percy Bysshe Shelley,percy-bysshe-shelley-8ba1b559f0e6e8d1,The Isle,Percy Bysshe Shelley/The Isle.txt,341,40df065a66b9cd2db2184aa9ef9dfb5f38c86151b233aef4f4486e486f2dc208,40df065a66b9cd2db2184aa9ef9dfb5f38c86151b233aef4f4486e486f2dc208,335,13,12,59,
1.0,versemap-reference-d9969e023145ab13,percy-bysshe-shelley,Percy Bysshe Shelley,percy-bysshe-shelley-d2cdf3a9f3532afb,The Magnetic Lady to Her Patient,Percy Bysshe Shelley/The Magnetic Lady to Her Patient.txt,1736,f2e10f680a9e13bc987ade311b501b48090292e1c16ec342ea91de9cbd497047,f2e10f680a9e13bc987ade311b501b48090292e1c16ec342ea91de9cbd497047,1696,66,60,298,
1.0,versemap-reference-d9969e023145ab13,percy-bysshe-shelley,Percy Bysshe Shelley,percy-bysshe-shelley-208e384778269aed,The Mask of Anarchy,Percy Bysshe Shelley/The Mask of Anarchy.txt,15889,07d823ab3d1924d6d2b7555518e4638d6d4c32e502a5cbd33a475f4c9d1a4f6d,07d823ab3d1924d6d2b7555518e4638d6d4c32e502a5cbd33a475f4c9d1a4f6d,15597,631,534,2585,suspiciously_long
1.0,versemap-reference-d9969e023145ab13,percy-bysshe-shelley,Percy Bysshe Shelley,percy-bysshe-shelley-2ac2e83dfd499f3a,The Past,Percy Bysshe Shelley/The Past.txt,467,1ea52ab917252d654df2f0c2fc753465515a33092eb549937618b1b9b711d4ef,1ea52ab917252d654df2f0c2fc753465515a33092eb549937618b1b9b711d4ef,463,17,15,79,
1.0,versemap-reference-d9969e023145ab13,percy-bysshe-shelley,Percy Bysshe Shelley,percy-bysshe-shelley-d447b4ff3500e494,The Pine Forest of the Cascine Near Pisa,Percy Bysshe Shelley/The Pine Forest of the Cascine Near Pisa.txt,3682,67e06a4a3b26933a0ab588a65e784a5067a4d0c91a9d88d62fe8d69fb48c949a,67e06a4a3b26933a0ab588a65e784a5067a4d0c91a9d88d62fe8d69fb48c949a,3652,139,117,662,
1.0,versemap-reference-d9969e023145ab13,percy-bysshe-shelley,Percy Bysshe Shelley,percy-bysshe-shelley-922fb66f421842b9,The Question,Percy Bysshe Shelley/The Question.txt,3954,e28764e635e5c4b234f0c87460e1b96bfabb250a98f76abac105e9a4040ae8a5,e28764e635e5c4b234f0c87460e1b96bfabb250a98f76abac105e9a4040ae8a5,3918,128,111,655,
1.0,versemap-reference-d9969e023145ab13,percy-bysshe-shelley,Percy Bysshe Shelley,percy-bysshe-shelley-3e5d0cbff5999b5b,"The Retrospect Cwm Elan, 1812","Percy Bysshe Shelley/The Retrospect Cwm Elan, 1812.txt",5551,eaee3c7eaf9cf095c52323660c0c32d3e68996bf777e559e13f2779383400251,eaee3c7eaf9cf095c52323660c0c32d3e68996bf777e559e13f2779383400251,5469,164,156,946,
1.0,versemap-reference-d9969e023145ab13,percy-bysshe-shelley,Percy Bysshe Shelley,percy-bysshe-shelley-e645658e75f9ba16,The Same,Percy Bysshe Shelley/The Same.txt,1412,0bbbc8292beb5d4fa4f929c6729ee3d3304b678c4a7c6e9b6e062cdcde2aa65e,0bbbc8292beb5d4fa4f929c6729ee3d3304b678c4a7c6e9b6e062cdcde2aa65e,1396,47,37,230,
1.0,versemap-reference-d9969e023145ab13,percy-bysshe-shelley,Percy Bysshe Shelley,percy-bysshe-shelley-26be29ecfe0ac4e9,The Sensitive Plant,Percy Bysshe Shelley/The Sensitive Plant.txt,14344,79153639f0f33a4b4146abdba26b04bb15d4c85d65012882126cedd8ce9a5efe,79153639f0f33a4b4146abdba26b04bb15d4c85d65012882126cedd8ce9a5efe,14302,421,338,2526,
1.0,versemap-reference-d9969e023145ab13,percy-bysshe-shelley,Percy Bysshe Shelley,percy-bysshe-shelley-9648ea55ef91b2aa,The Solitary,Percy Bysshe Shelley/The Solitary.txt,769,9eb2ca050c0d447d34e34f58c96df636a7ff1f8aa46006b19b42761a341a2470,9eb2ca050c0d447d34e34f58c96df636a7ff1f8aa46006b19b42761a341a2470,747,25,22,133,
1.0,versemap-reference-d9969e023145ab13,percy-bysshe-shelley,Percy Bysshe Shelley,percy-bysshe-shelley-b8f300ceed4313bb,The Spectral Horseman,Percy Bysshe Shelley/The Spectral Horseman.txt,2891,3d0c7634a86f9f82888cc16452b7f4e65b4b1d22cb8a98086ec004fb9f12bf41,3d0c7634a86f9f82888cc16452b7f4e65b4b1d22cb8a98086ec004fb9f12bf41,2863,64,63,535,
1.0,versemap-reference-d9969e023145ab13,percy-bysshe-shelley,Percy Bysshe Shelley,percy-bysshe-shelley-b7ba5e2b09c39efe,The Sunset,Percy Bysshe Shelley/The Sunset.txt,2435,1a63dca0263839703c267ea7776aa995a915daaa7e3f27d070da742d7ac56c23,1a63dca0263839703c267ea7776aa995a915daaa7e3f27d070da742d7ac56c23,2399,61,57,436,
1.0,versemap-reference-d9969e023145ab13,percy-bysshe-shelley,Percy Bysshe Shelley,percy-bysshe-shelley-d6f554dfde1908e6,The Tower of Famine,Percy Bysshe Shelley/The Tower of Famine.txt,992,fe28bbd84b38eef991b852ecc8bb8fa916c8e97ea2aa5dd6aee2e86822630859,fe28bbd84b38eef991b852ecc8bb8fa916c8e97ea2aa5dd6aee2e86822630859,978,33,25,171,
1.0,versemap-reference-d9969e023145ab13,percy-bysshe-shelley,Percy Bysshe Shelley,percy-bysshe-shelley-7a946f1a74bf0102,The Triumph of Life - 1,Percy Bysshe Shelley/The Triumph of Life - 1.txt,7813,b6707fe5a5b26b213c62e7f51d2ae43886a93c3493a9424d41ccede80324e0bc,b6707fe5a5b26b213c62e7f51d2ae43886a93c3493a9424d41ccede80324e0bc,7607,155,138,1206,
1.0,versemap-reference-d9969e023145ab13,percy-bysshe-shelley,Percy Bysshe Shelley,percy-bysshe-shelley-5e988b96def57117,The Triumph of Life - Swift as a spirit hastening to his task,Percy Bysshe Shelley/The Triumph of Life - Swift as a spirit hastening to his task.txt,26777,b3961a7051ecfc8eb7569fb52f08160d36ead299a783b678464fb4f9b2ef5c10,b3961a7051ecfc8eb7569fb52f08160d36ead299a783b678464fb4f9b2ef5c10,26231,793,602,4577,suspiciously_long
1.0,versemap-reference-d9969e023145ab13,percy-bysshe-shelley,Percy Bysshe Shelley,percy-bysshe-shelley-845f346049789714,The Waning Moon,Percy Bysshe Shelley/The Waning Moon.txt,235,13439f6b1bc67edf7866ad1592ceef5dc2f89028455911d86d77bd1efe0932f7,13439f6b1bc67edf7866ad1592ceef5dc2f89028455911d86d77bd1efe0932f7,233,8,7,44,
1.0,versemap-reference-d9969e023145ab13,percy-bysshe-shelley,Percy Bysshe Shelley,percy-bysshe-shelley-fc3c4a08e66c0a9a,The Witch of Atlas - 1 (2),Percy Bysshe Shelley/The Witch of Atlas - 1 (2).txt,28576,2b86ef29c364aef01f1f7f54a147c5e91380738a4510eca3753e3a7e2818a90a,2b86ef29c364aef01f1f7f54a147c5e91380738a4510eca3753e3a7e2818a90a,28270,801,723,4916,suspiciously_long
1.0,versemap-reference-d9969e023145ab13,percy-bysshe-shelley,Percy Bysshe Shelley,percy-bysshe-shelley-9b1206d37cfd3f37,The Witch of Atlas - 1,Percy Bysshe Shelley/The Witch of Atlas - 1.txt,2174,80aeb49cdd6b99909881ab186488b3c1890b4d16a8751434e99a43e0fd8109eb,80aeb49cdd6b99909881ab186488b3c1890b4d16a8751434e99a43e0fd8109eb,2146,59,54,386,
1.0,versemap-reference-d9969e023145ab13,percy-bysshe-shelley,Percy Bysshe Shelley,percy-bysshe-shelley-1cac6ccc04ba6f9d,The Woodman and the Nightingale,Percy Bysshe Shelley/The Woodman and the Nightingale.txt,15697,2efdc4f4fdd037b88247902fa212d762a7a31aed5b3a83f29da9c9d8660a3618,2efdc4f4fdd037b88247902fa212d762a7a31aed5b3a83f29da9c9d8660a3618,15495,494,403,2546,
1.0,versemap-reference-d9969e023145ab13,percy-bysshe-shelley,Percy Bysshe Shelley,percy-bysshe-shelley-aa9f9b2ddabddd1d,The Zucca,Percy Bysshe Shelley/The Zucca.txt,3993,5f9dbaf8a6247e95cd0fa14bb9e1bafcad46093b67b086b7dcb3e0e0b9b83ebf,5f9dbaf8a6247e95cd0fa14bb9e1bafcad46093b67b086b7dcb3e0e0b9b83ebf,3959,117,103,696,
1.0,versemap-reference-d9969e023145ab13,percy-bysshe-shelley,Percy Bysshe Shelley,percy-bysshe-shelley-46ec035311fd98a7,Time Long Past,Percy Bysshe Shelley/Time Long Past.txt,4600,19fbd72c9e73557786b66da4a0b00506ac8b8e22114c91e4c19b24c0f0850d51,19fbd72c9e73557786b66da4a0b00506ac8b8e22114c91e4c19b24c0f0850d51,4510,167,122,736,
1.0,versemap-reference-d9969e023145ab13,percy-bysshe-shelley,Percy Bysshe Shelley,percy-bysshe-shelley-44092c1b290c5850,To a Skylark,Percy Bysshe Shelley/To a Skylark.txt,3203,1d50f56ef83e2e5e0bba96bba13511a84b5a41bd8fb2072c6db271192c111b1b,1d50f56ef83e2e5e0bba96bba13511a84b5a41bd8fb2072c6db271192c111b1b,3189,130,108,573,
1.0,versemap-reference-d9969e023145ab13,percy-bysshe-shelley,Percy Bysshe Shelley,percy-bysshe-shelley-c6868d6ab42940a4,To a Star,Percy Bysshe Shelley/To a Star.txt,1582,455fe9b180866c2afe0a9982df4e3ae633cac9f413abec8e44240351342d96c0,455fe9b180866c2afe0a9982df4e3ae633cac9f413abec8e44240351342d96c0,1558,54,47,267,
1.0,versemap-reference-d9969e023145ab13,percy-bysshe-shelley,Percy Bysshe Shelley,percy-bysshe-shelley-e0491c3b2e9ca34b,To Constantia,Percy Bysshe Shelley/To Constantia.txt,511,eeac3a732fdf1e706e540eae4fcd3067cc5829af3ab6deb9d4ab80e6fdac9875,eeac3a732fdf1e706e540eae4fcd3067cc5829af3ab6deb9d4ab80e6fdac9875,505,22,19,94,
1.0,versemap-reference-d9969e023145ab13,percy-bysshe-shelley,Percy Bysshe Shelley,percy-bysshe-shelley-7cc51c34923a7780,To Death,Percy Bysshe Shelley/To Death.txt,1833,f863be780fb7a4658a257c17a8be6a5a48a8ae1494d0b8236fa8566497c15648,f863be780fb7a4658a257c17a8be6a5a48a8ae1494d0b8236fa8566497c15648,1797,54,49,301,
1.0,versemap-reference-d9969e023145ab13,percy-bysshe-shelley,Percy Bysshe Shelley,percy-bysshe-shelley-2b6c5ec219fd83d4,To Edward Williams,Percy Bysshe Shelley/To Edward Williams.txt,3969,9442b8815273194c4f1b3063f356825c8463c9386938865814ca53fb35b39c2f,9442b8815273194c4f1b3063f356825c8463c9386938865814ca53fb35b39c2f,3915,140,120,673,
1.0,versemap-reference-d9969e023145ab13,percy-bysshe-shelley,Percy Bysshe Shelley,percy-bysshe-shelley-2735f53d1a0b90a5,To Emilia Viviani,Percy Bysshe Shelley/To Emilia Viviani.txt,484,d0bdb9557002f981f3fb794bca4e536cebdebeeb1f4b8335887a887ff5638b55,d0bdb9557002f981f3fb794bca4e536cebdebeeb1f4b8335887a887ff5638b55,480,19,17,90,
1.0,versemap-reference-d9969e023145ab13,percy-bysshe-shelley,Percy Bysshe Shelley,percy-bysshe-shelley-0f6ade975683e6a3,To Harriet - O thou bright Sun! beneath the dark blue line,Percy Bysshe Shelley/To Harriet - O thou bright Sun! beneath the dark blue line.txt,626,2e6701ee51b80ab698ec0cbd079f47391c06a4903222ebfa38e29a1c712f7d47,2e6701ee51b80ab698ec0cbd079f47391c06a4903222ebfa38e29a1c712f7d47,624,16,15,104,
1.0,versemap-reference-d9969e023145ab13,percy-bysshe-shelley,Percy Bysshe Shelley,percy-bysshe-shelley-318b471a3867efd3,To Harriet - Thy look of love has power to calm,Percy Bysshe Shelley/To Harriet - Thy look of love has power to calm.txt,1016,c5b7ed34f5d0f7c9eae864965b16ff0fb481f061ba8ee3349674dcce3baccd06,c5b7ed34f5d0f7c9eae864965b16ff0fb481f061ba8ee3349674dcce3baccd06,1002,36,31,187,
1.0,versemap-reference-d9969e023145ab13,percy-bysshe-shelley,Percy Bysshe Shelley,percy-bysshe-shelley-380ecc06be642d37,To Ianthe,Percy Bysshe Shelley/To Ianthe.txt,630,7b07a8f9ddf4aa16b07c1006425240879af0c56b603291e5b318c1cc1785bbb4,7b07a8f9ddf4aa16b07c1006425240879af0c56b603291e5b318c1cc1785bbb4,624,16,15,109,
1.0,versemap-reference-d9969e023145ab13,percy-bysshe-shelley,Percy Bysshe Shelley,percy-bysshe-shelley-6406be7177ff5770,To Ireland,Percy Bysshe Shelley/To Ireland.txt,1204,42a9e95cb73a7341bf6ea765481b9846a407bf8bee95928858f65e08c9d6e1dd,42a9e95cb73a7341bf6ea765481b9846a407bf8bee95928858f65e08c9d6e1dd,1196,34,31,204,
1.0,versemap-reference-d9969e023145ab13,percy-bysshe-shelley,Percy Bysshe Shelley,percy-bysshe-shelley-c3fdd117c25d1198,To Jane the Invitation,Percy Bysshe Shelley/To Jane the Invitation.txt,2505,c20ad3181fdaea565207c650d0a22b889de4105c777d6786e9d65fbf734aa759,c20ad3181fdaea565207c650d0a22b889de4105c777d6786e9d65fbf734aa759,2475,79,75,428,
1.0,versemap-reference-d9969e023145ab13,percy-bysshe-shelley,Percy Bysshe Shelley,percy-bysshe-shelley-854b8ac23b4a1614,To Jane the Recollection,Percy Bysshe Shelley/To Jane the Recollection.txt,3056,693bd651123e868e87e6b0a390811d3d59571db6867b8c2a859a801a4a22edbd,693bd651123e868e87e6b0a390811d3d59571db6867b8c2a859a801a4a22edbd,3018,107,101,534,
1.0,versemap-reference-d9969e023145ab13,percy-bysshe-shelley,Percy Bysshe Shelley,percy-bysshe-shelley-a5f7bf315b0415ac,To Mary Wollstonecraft Godwin,Percy Bysshe Shelley/To Mary Wollstonecraft Godwin.txt,2078,ffb7d58c4ffb658f6abd16c38368c184de3547cda958d3f4469acc17c3dc92d5,ffb7d58c4ffb658f6abd16c38368c184de3547cda958d3f4469acc17c3dc92d5,2044,77,65,369,
1.0,versemap-reference-d9969e023145ab13,percy-bysshe-shelley,Percy Bysshe Shelley,percy-bysshe-shelley-6f99049f386b9c7d,To Night,Percy Bysshe Shelley/To Night.txt,1162,414f4d9744f5fa6a698f9a40444ab689ddae0a89dee5c6a087afae729cd9c72f,414f4d9744f5fa6a698f9a40444ab689ddae0a89dee5c6a087afae729cd9c72f,1144,48,42,202,
1.0,versemap-reference-d9969e023145ab13,percy-bysshe-shelley,Percy Bysshe Shelley,percy-bysshe-shelley-040efe465647b0d5,To Sophia [miss Stacey],Percy Bysshe Shelley/To Sophia [miss Stacey].txt,871,07a604854157c1decafcfdea4a806c634714e563116cb80e4aac4416eb7e6787,07a604854157c1decafcfdea4a806c634714e563116cb80e4aac4416eb7e6787,863,33,29,156,
1.0,versemap-reference-d9969e023145ab13,percy-bysshe-shelley,Percy Bysshe Shelley,percy-bysshe-shelley-5bde1b8a445fba24,To the Lord Chancellor,Percy Bysshe Shelley/To the Lord Chancellor.txt,3633,216b9b1945227ac155dc03db40b6cf22adfb996ffc6c7a821244f88e1c891ba4,216b9b1945227ac155dc03db40b6cf22adfb996ffc6c7a821244f88e1c891ba4,3533,114,96,592,
1.0,versemap-reference-d9969e023145ab13,percy-bysshe-shelley,Percy Bysshe Shelley,percy-bysshe-shelley-093564f4901a7861,To the Moon,Percy Bysshe Shelley/To the Moon.txt,316,e1915b8314b024c8bf22c6f1ff7c1dfbdbb0bdef8a3a8ccb429df4ffb1bb0f8d,e1915b8314b024c8bf22c6f1ff7c1dfbdbb0bdef8a3a8ccb429df4ffb1bb0f8d,314,13,11,52,
1.0,versemap-reference-d9969e023145ab13,percy-bysshe-shelley,Percy Bysshe Shelley,percy-bysshe-shelley-7c45c9034f22d8d6,To the Moonbeam,Percy Bysshe Shelley/To the Moonbeam.txt,961,d76666f1798aeea4840e0fbd908cf4cbe951ff8454de4410624c25c23ede1645,d76666f1798aeea4840e0fbd908cf4cbe951ff8454de4410624c25c23ede1645,951,38,34,162,
1.0,versemap-reference-d9969e023145ab13,percy-bysshe-shelley,Percy Bysshe Shelley,percy-bysshe-shelley-ea707777d52bbbee,To the Nile,Percy Bysshe Shelley/To the Nile.txt,1069,0e7774eabb9375935ba1d4aaa6ece7466f15c869aeee9ca37dafcb999f5a7fea,0e7774eabb9375935ba1d4aaa6ece7466f15c869aeee9ca37dafcb999f5a7fea,1035,23,21,163,
1.0,versemap-reference-d9969e023145ab13,percy-bysshe-shelley,Percy Bysshe Shelley,percy-bysshe-shelley-90b5e53b190bb650,To the Queen of My Heart,Percy Bysshe Shelley/To the Queen of My Heart.txt,34764,71cb430b3d17c40b0d8bba899ba24713021aea892269e1e3934667b205aa8b27,71cb430b3d17c40b0d8bba899ba24713021aea892269e1e3934667b205aa8b27,34158,1012,875,4960,suspiciously_long
1.0,versemap-reference-d9969e023145ab13,percy-bysshe-shelley,Percy Bysshe Shelley,percy-bysshe-shelley-a35c11c15b7e2b47,To the Republicans of North America,Percy Bysshe Shelley/To the Republicans of North America.txt,1323,ef111b444a3b14b5d96db219e702d4318781990b888b43960ca75c8c5959eed5,ef111b444a3b14b5d96db219e702d4318781990b888b43960ca75c8c5959eed5,1293,49,45,216,
1.0,versemap-reference-d9969e023145ab13,percy-bysshe-shelley,Percy Bysshe Shelley,percy-bysshe-shelley-e9d6d4972ef1eae1,To William Shelley - 1,Percy Bysshe Shelley/To William Shelley - 1.txt,2656,540623b19d748edae5b10ab10e4384ead785c90ca6d510ef6a21b00f0e8fc3ce,540623b19d748edae5b10ab10e4384ead785c90ca6d510ef6a21b00f0e8fc3ce,2640,80,73,442,
1.0,versemap-reference-d9969e023145ab13,percy-bysshe-shelley,Percy Bysshe Shelley,percy-bysshe-shelley-95da5fcf405aba6e,To Wordsworth,Percy Bysshe Shelley/To Wordsworth.txt,2447,ecb1e089bb51b97bd848f2e4bc63b125831e2a2cfe8cc99488588745e030962b,ecb1e089bb51b97bd848f2e4bc63b125831e2a2cfe8cc99488588745e030962b,2407,80,67,416,
1.0,versemap-reference-d9969e023145ab13,percy-bysshe-shelley,Percy Bysshe Shelley,percy-bysshe-shelley-a21248203623f79b,Variation of the Song of the Moon,Percy Bysshe Shelley/Variation of the Song of the Moon.txt,411,40f1000890d0e41a2d6e3e925bcb404d8a0bf28b9cc4f814565718404eeb2a7a,40f1000890d0e41a2d6e3e925bcb404d8a0bf28b9cc4f814565718404eeb2a7a,407,16,15,76,
1.0,versemap-reference-d9969e023145ab13,percy-bysshe-shelley,Percy Bysshe Shelley,percy-bysshe-shelley-a9e410505ebdc4bd,Verses on a Cat,Percy Bysshe Shelley/Verses on a Cat.txt,772,9f34b5f26ea385fd11dec3736c53329764bbea6f01e495504bd9d4671d00fb40,9f34b5f26ea385fd11dec3736c53329764bbea6f01e495504bd9d4671d00fb40,772,41,36,145,
1.0,versemap-reference-d9969e023145ab13,percy-bysshe-shelley,Percy Bysshe Shelley,percy-bysshe-shelley-9047193354fafd32,War,Percy Bysshe Shelley/War.txt,8994,949da9f8de9221f1c27b7422560ae92072d50db0fd626ea0b8f3c7ee62453800,949da9f8de9221f1c27b7422560ae92072d50db0fd626ea0b8f3c7ee62453800,8804,242,216,1563,
1.0,versemap-reference-d9969e023145ab13,percy-bysshe-shelley,Percy Bysshe Shelley,percy-bysshe-shelley-ceb222692d9856db,"With a Guitar, to Jane","Percy Bysshe Shelley/With a Guitar, to Jane.txt",3407,1f7727adf0b7ba8e5e129a61a64d4258dc63da95c0aff71bc9eca41929a24583,1f7727adf0b7ba8e5e129a61a64d4258dc63da95c0aff71bc9eca41929a24583,3387,105,102,575,
1.0,versemap-reference-d9969e023145ab13,samuel-taylor-coleridge,Samuel Taylor Coleridge,samuel-taylor-coleridge-2332fa537a079339,'Obscuri sub luce maligna.'--VIRG,Samuel Taylor Coleridge/'Obscuri sub luce maligna.'--VIRG.txt,293,5a8305f95a3c544edf55f7a30e4bb2e7ccc25654d99ca919b3b51338e8ca95b1,5a8305f95a3c544edf55f7a30e4bb2e7ccc25654d99ca919b3b51338e8ca95b1,293,8,8,50,
1.0,versemap-reference-d9969e023145ab13,samuel-taylor-coleridge,Samuel Taylor Coleridge,samuel-taylor-coleridge-927891387af6941e,(Second Version.),Samuel Taylor Coleridge/(Second Version.).txt,647,269e0669199466439962d33680c78893670e5898a2dae356ff09850917cead89,269e0669199466439962d33680c78893670e5898a2dae356ff09850917cead89,647,17,14,107,
1.0,versemap-reference-d9969e023145ab13,samuel-taylor-coleridge,Samuel Taylor Coleridge,samuel-taylor-coleridge-268015b8ce76d497,[Coeli Enarrant.],Samuel Taylor Coleridge/[Coeli Enarrant.].txt,169,4965c53de271b5afc7d1ce6abe62f0647b4fc5cece1820b8590fac8d15486b87,4965c53de271b5afc7d1ce6abe62f0647b4fc5cece1820b8590fac8d15486b87,169,4,4,32,
1.0,versemap-reference-d9969e023145ab13,samuel-taylor-coleridge,Samuel Taylor Coleridge,samuel-taylor-coleridge-ac9b216b4e31b2da,A BECK IN WINTER,Samuel Taylor Coleridge/A BECK IN WINTER.txt,2461,8d46e975007a3dc6efe3009cafe969abb384ed66309bb8de0c5161941d3bf9f2,8d46e975007a3dc6efe3009cafe969abb384ed66309bb8de0c5161941d3bf9f2,2461,87,67,410,
1.0,versemap-reference-d9969e023145ab13,samuel-taylor-coleridge,Samuel Taylor Coleridge,samuel-taylor-coleridge-1a7955bd13f99d94,A Character,Samuel Taylor Coleridge/A Character.txt,3238,7ddc498d261ebec3fdc9c5d7a7d8d8d00f91c4bb65bceb34ffecc55cb45f102d,7ddc498d261ebec3fdc9c5d7a7d8d8d00f91c4bb65bceb34ffecc55cb45f102d,3231,90,89,585,
1.0,versemap-reference-d9969e023145ab13,samuel-taylor-coleridge,Samuel Taylor Coleridge,samuel-taylor-coleridge-68657b6ca7903a42,A Child's Evening Prayer,Samuel Taylor Coleridge/A Child's Evening Prayer.txt,541,82300b1214e8b4c35011ce1d857c0ebde7479e9fd8c6e73b74f1effc5fd88ba0,82300b1214e8b4c35011ce1d857c0ebde7479e9fd8c6e73b74f1effc5fd88ba0,541,16,16,108,
1.0,versemap-reference-d9969e023145ab13,samuel-taylor-coleridge,Samuel Taylor Coleridge,samuel-taylor-coleridge-26cb1502df8d4e39,A Christmas Carol,Samuel Taylor Coleridge/A Christmas Carol.txt,2001,d7f4d21b12cdd55aa17f4071037ed592450e21f5966772e77694650802fad0ed,d7f4d21b12cdd55aa17f4071037ed592450e21f5966772e77694650802fad0ed,2000,71,56,342,
1.0,versemap-reference-d9969e023145ab13,samuel-taylor-coleridge,Samuel Taylor Coleridge,samuel-taylor-coleridge-45cb79bd429a5018,A COURT ALDERMAN AND WHISPERER OF SECRETS,Samuel Taylor Coleridge/A COURT ALDERMAN AND WHISPERER OF SECRETS.txt,106,3effa1889a0b35aaa916ac7221e09063d7d770fbd6511267c307be7382cf879f,3effa1889a0b35aaa916ac7221e09063d7d770fbd6511267c307be7382cf879f,106,2,2,20,suspiciously_short
1.0,versemap-reference-d9969e023145ab13,samuel-taylor-coleridge,Samuel Taylor Coleridge,samuel-taylor-coleridge-3a1aceb8586f82f4,"A Day-dream. ('My eyes make pictures,' &c.)","Samuel Taylor Coleridge/A Day-dream. ('My eyes make pictures,' &c.).txt",1542,e2fca0092fd6f37b899c5e42ce6f76daca9b44c5871a1fec156c24a33999a46f,e2fca0092fd6f37b899c5e42ce6f76daca9b44c5871a1fec156c24a33999a46f,1542,41,36,278,
1.0,versemap-reference-d9969e023145ab13,samuel-taylor-coleridge,Samuel Taylor Coleridge,samuel-taylor-coleridge-a0f2ee0291244bbc,A DUNGEON,Samuel Taylor Coleridge/A DUNGEON.txt,105,7702f2e0f0074371b5cd8451e601bb0d878bc62ad6f7d6bbb09edc8c51b5ecad,7702f2e0f0074371b5cd8451e601bb0d878bc62ad6f7d6bbb09edc8c51b5ecad,105,3,3,19,duplicate_text|suspiciously_short
1.0,versemap-reference-d9969e023145ab13,samuel-taylor-coleridge,Samuel Taylor Coleridge,samuel-taylor-coleridge-590d6756ff4b8ba2,"A Fragment found in a Lecture-room. , MS. E.]","Samuel Taylor Coleridge/A Fragment found in a Lecture-room. , MS. E.].txt",627,3fb269fd3907ff81d592f3d82a37544f0dbad406f23292772d926fb76f8b0476,3fb269fd3907ff81d592f3d82a37544f0dbad406f23292772d926fb76f8b0476,627,15,15,99,
1.0,versemap-reference-d9969e023145ab13,samuel-taylor-coleridge,Samuel Taylor Coleridge,samuel-taylor-coleridge-1ec1f3d93f1043d0,A Hymn,Samuel Taylor Coleridge/A Hymn.txt,702,fa05d3b28817de4eebfa15fc851563f7bf8757e30b9c802d08c365e175b2c176,fa05d3b28817de4eebfa15fc851563f7bf8757e30b9c802d08c365e175b2c176,702,22,20,122,
1.0,versemap-reference-d9969e023145ab13,samuel-taylor-coleridge,Samuel Taylor Coleridge,samuel-taylor-coleridge-23312a294a3b3baf,A LIAR BY PROFESSION,Samuel Taylor Coleridge/A LIAR BY PROFESSION.txt,271,9c0b055b1359973ee806996f3895310cbf4688b55e86d55d4437d02a680a42ef,9c0b055b1359973ee806996f3895310cbf4688b55e86d55d4437d02a680a42ef,271,7,7,50,
1.0,versemap-reference-d9969e023145ab13,samuel-taylor-coleridge,Samuel Taylor Coleridge,samuel-taylor-coleridge-fe6a2f9868fff94b,A Lover's Complaint to his Mistress. .],Samuel Taylor Coleridge/A Lover's Complaint to his Mistress. .].txt,524,cc505e69da6c6d35255d470d6207e3635d2668193695a5c1e841a226794d703a,cc505e69da6c6d35255d470d6207e3635d2668193695a5c1e841a226794d703a,524,14,12,93,
1.0,versemap-reference-d9969e023145ab13,samuel-taylor-coleridge,Samuel Taylor Coleridge,samuel-taylor-coleridge-3f11c461c388f083,A Mathematical Problem,Samuel Taylor Coleridge/A Mathematical Problem.txt,4305,bee356a6a0372167b32ab1960fe461625afd2cf01514cb66504508a8e8021c6d,bee356a6a0372167b32ab1960fe461625afd2cf01514cb66504508a8e8021c6d,4305,121,108,685,
1.0,versemap-reference-d9969e023145ab13,samuel-taylor-coleridge,Samuel Taylor Coleridge,samuel-taylor-coleridge-7443e760d2674b78,A METRICAL ACCIDENT,Samuel Taylor Coleridge/A METRICAL ACCIDENT.txt,615,d59424bb73a3e99a6b617527611e87ac68807c1fc216d7ddc7b6cf2a57c4e87e,d59424bb73a3e99a6b617527611e87ac68807c1fc216d7ddc7b6cf2a57c4e87e,615,20,15,82,
1.0,versemap-reference-d9969e023145ab13,samuel-taylor-coleridge,Samuel Taylor Coleridge,samuel-taylor-coleridge-28df177258566e15,A PLAINTIVE MOVEMENT,Samuel Taylor Coleridge/A PLAINTIVE MOVEMENT.txt,326,f175de7c7d7ad5b2a4871c3062699c3d0af251f51fdfb07dc219b7e2620bd613,f175de7c7d7ad5b2a4871c3062699c3d0af251f51fdfb07dc219b7e2620bd613,326,8,8,46,
1.0,versemap-reference-d9969e023145ab13,samuel-taylor-coleridge,Samuel Taylor Coleridge,samuel-taylor-coleridge-8b28ae6808635ead,A POEM UPON NOTHING,Samuel Taylor Coleridge/A POEM UPON NOTHING.txt,208,0c2251b82d6f5932b2d8bb444e73ca86ed1e353c8cc25d03b565dfba812049dd,0c2251b82d6f5932b2d8bb444e73ca86ed1e353c8cc25d03b565dfba812049dd,208,6,6,38,
1.0,versemap-reference-d9969e023145ab13,samuel-taylor-coleridge,Samuel Taylor Coleridge,samuel-taylor-coleridge-e9cfe3e6e684680a,A SIMILE,Samuel Taylor Coleridge/A SIMILE.txt,351,06ee7302105d3d4270eba6fbd43d50d84fdf779ee5fd49795164f67c7a964f6f,06ee7302105d3d4270eba6fbd43d50d84fdf779ee5fd49795164f67c7a964f6f,351,8,8,60,
1.0,versemap-reference-d9969e023145ab13,samuel-taylor-coleridge,Samuel Taylor Coleridge,samuel-taylor-coleridge-7b5dd003bfce3244,A Stranger Minstrel,Samuel Taylor Coleridge/A Stranger Minstrel.txt,2703,ef87517d5d95a0fb53fcfee8adc9e54d770fd3d9f4a08d58a47c005368fbb8d0,ef87517d5d95a0fb53fcfee8adc9e54d770fd3d9f4a08d58a47c005368fbb8d0,2703,74,71,482,
1.0,versemap-reference-d9969e023145ab13,samuel-taylor-coleridge,Samuel Taylor Coleridge,samuel-taylor-coleridge-d5627d1b9ef92da8,A Sunset,Samuel Taylor Coleridge/A Sunset.txt,707,d0ea5b917484b4b815ac8233dba41234ed6923b0756ca58ac0385461008d1da5,d0ea5b917484b4b815ac8233dba41234ed6923b0756ca58ac0385461008d1da5,707,21,18,124,
1.0,versemap-reference-d9969e023145ab13,samuel-taylor-coleridge,Samuel Taylor Coleridge,samuel-taylor-coleridge-0b52c5129f9fa4d3,A Thought suggested by a View of Saddleback in Cumberland,Samuel Taylor Coleridge/A Thought suggested by a View of Saddleback in Cumberland.txt,374,532b062059f60c67aa5d1bbd40d5c6b552d69c233c5c22be688cbeb19e6a4115,532b062059f60c67aa5d1bbd40d5c6b552d69c233c5c22be688cbeb19e6a4115,374,9,9,61,
1.0,versemap-reference-d9969e023145ab13,samuel-taylor-coleridge,Samuel Taylor Coleridge,samuel-taylor-coleridge-240c2ca2e52cf3de,A Tombless Epitaph,Samuel Taylor Coleridge/A Tombless Epitaph.txt,1696,da0efdb1e284f556f5864b2ce47c6a5d04bd7c23d8d4415bfe428912f8e84136,da0efdb1e284f556f5864b2ce47c6a5d04bd7c23d8d4415bfe428912f8e84136,1696,40,40,285,
1.0,versemap-reference-d9969e023145ab13,samuel-taylor-coleridge,Samuel Taylor Coleridge,samuel-taylor-coleridge-ff48de7830a06591,"A Wish. Written in Jesus Wood, Feb. 10, 1792. .]","Samuel Taylor Coleridge/A Wish. Written in Jesus Wood, Feb. 10, 1792. .].txt",675,14fcb45259f4198e2512bc9b4b786327bc73b55fed9a58d457ea81c1e6499be1,14fcb45259f4198e2512bc9b4b786327bc73b55fed9a58d457ea81c1e6499be1,675,19,16,106,
1.0,versemap-reference-d9969e023145ab13,samuel-taylor-coleridge,Samuel Taylor Coleridge,samuel-taylor-coleridge-bde9e956ad15758b,Addressed to a Young Man of Fortune [C. Lloyd],Samuel Taylor Coleridge/Addressed to a Young Man of Fortune [C. Lloyd].txt,739,adb98e606da1dea502477adcef8a74df37f0673f6ec2bc351b3350cbf2382050,adb98e606da1dea502477adcef8a74df37f0673f6ec2bc351b3350cbf2382050,739,16,16,117,
1.0,versemap-reference-d9969e023145ab13,samuel-taylor-coleridge,Samuel Taylor Coleridge,samuel-taylor-coleridge-9352d953d6141ce8,Alcaeus to Sappho,Samuel Taylor Coleridge/Alcaeus to Sappho.txt,653,db63b2e9f58c08ac3fa05ed7cb171a7a7af3be6e7ba1fa778a167942286f831e,db63b2e9f58c08ac3fa05ed7cb171a7a7af3be6e7ba1fa778a167942286f831e,653,24,20,121,
1.0,versemap-reference-d9969e023145ab13,samuel-taylor-coleridge,Samuel Taylor Coleridge,samuel-taylor-coleridge-304b77ca40507f63,"Alice du Clos; or, The Forked Tongue. A Ballad","Samuel Taylor Coleridge/Alice du Clos; or, The Forked Tongue. A Ballad.txt",6730,1d8aac92000c9a5a2afb4638ded1c64a73b6dc39eea1a7759e17c87c49844e09,1d8aac92000c9a5a2afb4638ded1c64a73b6dc39eea1a7759e17c87c49844e09,6730,228,195,1200,
1.0,versemap-reference-d9969e023145ab13,samuel-taylor-coleridge,Samuel Taylor Coleridge,samuel-taylor-coleridge-558e6e9a7ccb5cc6,ALWAYS AUDIBLE,Samuel Taylor Coleridge/ALWAYS AUDIBLE.txt,166,5e93e2440dc24508b875a5ffd9e8f4492e0014edea13f581277ddc62d58d6322,5e93e2440dc24508b875a5ffd9e8f4492e0014edea13f581277ddc62d58d6322,166,4,4,28,
1.0,versemap-reference-d9969e023145ab13,samuel-taylor-coleridge,Samuel Taylor Coleridge,samuel-taylor-coleridge-4ac17d043d29f1ce,An Angel Visitant. [ 1801.],Samuel Taylor Coleridge/An Angel Visitant. [ 1801.].txt,230,4d1e1cad5ddc8593da55a58381b34c6609c71f2ff40d5f402305e7b47eb93a25,4d1e1cad5ddc8593da55a58381b34c6609c71f2ff40d5f402305e7b47eb93a25,230,5,5,41,
1.0,versemap-reference-d9969e023145ab13,samuel-taylor-coleridge,Samuel Taylor Coleridge,samuel-taylor-coleridge-f4221efb878ab369,AN APOLOGY FOR SPENCERS,Samuel Taylor Coleridge/AN APOLOGY FOR SPENCERS.txt,274,3e56071c7581c6d589025b70e3eabd46280f368708eadd529cec0255b448d306,3e56071c7581c6d589025b70e3eabd46280f368708eadd529cec0255b448d306,274,5,5,37,
1.0,versemap-reference-d9969e023145ab13,samuel-taylor-coleridge,Samuel Taylor Coleridge,samuel-taylor-coleridge-9520f83005043448,An Effusion at Evening. Written in August 1792. (First Draft.),Samuel Taylor Coleridge/An Effusion at Evening. Written in August 1792. (First Draft.).txt,3105,58bd27268a53d2efcdda5564b9a4724da86d90126c546b2472694477df19ab24,58bd27268a53d2efcdda5564b9a4724da86d90126c546b2472694477df19ab24,3104,73,69,529,
1.0,versemap-reference-d9969e023145ab13,samuel-taylor-coleridge,Samuel Taylor Coleridge,samuel-taylor-coleridge-07c60202df63da03,An Exile,Samuel Taylor Coleridge/An Exile.txt,151,79fed0e91901ea9aca970439ab6228e195cbe0728e65af9edc9c99d9657f61a0,79fed0e91901ea9aca970439ab6228e195cbe0728e65af9edc9c99d9657f61a0,151,4,4,24,
1.0,versemap-reference-d9969e023145ab13,samuel-taylor-coleridge,Samuel Taylor Coleridge,samuel-taylor-coleridge-97df006ba7392444,AN EXPERIMENT FOR A METRE - I heard a voice pealing loud triumph to-day,Samuel Taylor Coleridge/AN EXPERIMENT FOR A METRE - I heard a voice pealing loud triumph to-day.txt,365,8041b65db7e30e9168963218fc042fc4a2a7b6e5f0a7267365e24024d09cc460,8041b65db7e30e9168963218fc042fc4a2a7b6e5f0a7267365e24024d09cc460,365,8,8,62,
1.0,versemap-reference-d9969e023145ab13,samuel-taylor-coleridge,Samuel Taylor Coleridge,samuel-taylor-coleridge-6f6ba4f9c91bc938,AN EXPERIMENT FOR A METRE - I wish on earth to sing,Samuel Taylor Coleridge/AN EXPERIMENT FOR A METRE - I wish on earth to sing.txt,609,c44103d823f84cccce2308f24b89a143c8834445befb7b60b4e7faf7537f52c9,c44103d823f84cccce2308f24b89a143c8834445befb7b60b4e7faf7537f52c9,609,19,17,108,
1.0,versemap-reference-d9969e023145ab13,samuel-taylor-coleridge,Samuel Taylor Coleridge,samuel-taylor-coleridge-509853444774f827,AN EXPERIMENT FOR A METRE - Ye fowls of ill presage,Samuel Taylor Coleridge/AN EXPERIMENT FOR A METRE - Ye fowls of ill presage.txt,455,9f8048338f1834d8f21fbfb6dbe55c7900359d1560347040581d402b383b5455,9f8048338f1834d8f21fbfb6dbe55c7900359d1560347040581d402b383b5455,455,16,16,82,
1.0,versemap-reference-d9969e023145ab13,samuel-taylor-coleridge,Samuel Taylor Coleridge,samuel-taylor-coleridge-f1723857253ce4a1,"AN EXPERIMENT FOR A METRE - ˘ ˘ ¯, ˘ ˘ ¯","Samuel Taylor Coleridge/AN EXPERIMENT FOR A METRE - ˘ ˘ ¯, ˘ ˘ ¯.txt",363,71f94a5843fe316e00f92dc36db581c957a19a2c6ac6b0f733a5134b912f1330,71f94a5843fe316e00f92dc36db581c957a19a2c6ac6b0f733a5134b912f1330,312,14,13,35,
1.0,versemap-reference-d9969e023145ab13,samuel-taylor-coleridge,Samuel Taylor Coleridge,samuel-taylor-coleridge-2b5f9a760b64e367,AN INVITATION,Samuel Taylor Coleridge/AN INVITATION.txt,696,6087f61a0a72a00cc21bd3ea798dea1efccaf46f4558ede20ca8fbc87bc85828,6087f61a0a72a00cc21bd3ea798dea1efccaf46f4558ede20ca8fbc87bc85828,696,25,23,133,
1.0,versemap-reference-d9969e023145ab13,samuel-taylor-coleridge,Samuel Taylor Coleridge,samuel-taylor-coleridge-99a8c635aa1706ee,An Invocation. [J. D. C.],Samuel Taylor Coleridge/An Invocation. [J. D. C.].txt,346,9ca79bd9bc484fbff9d586baab088ec5c5c6d64f86b41e07cd55c5b350d3d121,9ca79bd9bc484fbff9d586baab088ec5c5c6d64f86b41e07cd55c5b350d3d121,346,8,8,67,
1.0,versemap-reference-d9969e023145ab13,samuel-taylor-coleridge,Samuel Taylor Coleridge,samuel-taylor-coleridge-418553fed6d3fe6b,"An Invocation. From Remorse [Act III, Scene I, ll. 69-82]","Samuel Taylor Coleridge/An Invocation. From Remorse [Act III, Scene I, ll. 69-82].txt",429,745c34870a7afe4fe829ba9c1c531b5aa1b7209663d45b4ad978bd53ecdbfc12,745c34870a7afe4fe829ba9c1c531b5aa1b7209663d45b4ad978bd53ecdbfc12,429,16,14,68,
1.0,versemap-reference-d9969e023145ab13,samuel-taylor-coleridge,Samuel Taylor Coleridge,samuel-taylor-coleridge-181365f9ab1655c6,An Ode in the Manner of Anacreon. .],Samuel Taylor Coleridge/An Ode in the Manner of Anacreon. .].txt,291,989b152fe0935f858fe01e729767dfb38b220be4aa7a9f80bc6087b011c9bdf7,989b152fe0935f858fe01e729767dfb38b220be4aa7a9f80bc6087b011c9bdf7,291,8,8,55,
1.0,versemap-reference-d9969e023145ab13,samuel-taylor-coleridge,Samuel Taylor Coleridge,samuel-taylor-coleridge-9e39fe2226f18c1d,AND HIS FRIEND,Samuel Taylor Coleridge/AND HIS FRIEND.txt,329,900e40bece3b4d2625e1dd1043d9d5dd39c93b281bb8e46ca7f2060d9b623bb7,900e40bece3b4d2625e1dd1043d9d5dd39c93b281bb8e46ca7f2060d9b623bb7,329,13,8,58,
1.0,versemap-reference-d9969e023145ab13,samuel-taylor-coleridge,Samuel Taylor Coleridge,samuel-taylor-coleridge-846bfd3047dd1051,and Subrector in Gymnasio,Samuel Taylor Coleridge/and Subrector in Gymnasio.txt,1226,af74e9e3700d08115941d925ce8a7b1f6417b088a929ece6369e8eec526c0a7c,af74e9e3700d08115941d925ce8a7b1f6417b088a929ece6369e8eec526c0a7c,1226,31,31,225,
1.0,versemap-reference-d9969e023145ab13,samuel-taylor-coleridge,Samuel Taylor Coleridge,samuel-taylor-coleridge-de5ed50910d9216f,ANOTHER ON THE SAME SUBJECT BY S. T. C. HIMSELF,Samuel Taylor Coleridge/ANOTHER ON THE SAME SUBJECT BY S. T. C. HIMSELF.txt,187,38f7b9a32ef1f4ef527773a7676000e1028f07b70faa887632917fc74045c070,38f7b9a32ef1f4ef527773a7676000e1028f07b70faa887632917fc74045c070,187,7,5,30,
1.0,versemap-reference-d9969e023145ab13,samuel-taylor-coleridge,Samuel Taylor Coleridge,samuel-taylor-coleridge-da5dcc966239a527,ANOTHER VERSION - If the guilt of all lying consists in deceit,Samuel Taylor Coleridge/ANOTHER VERSION - If the guilt of all lying consists in deceit.txt,171,b15961c074d3530b0168f9483fead2bcc3ea8feb20bdaa24fdeed1b4f424888b,b15961c074d3530b0168f9483fead2bcc3ea8feb20bdaa24fdeed1b4f424888b,171,4,4,33,
1.0,versemap-reference-d9969e023145ab13,samuel-taylor-coleridge,Samuel Taylor Coleridge,samuel-taylor-coleridge-d67196a7d8219033,ANOTHER VERSION - The builder left one narrow rent,Samuel Taylor Coleridge/ANOTHER VERSION - The builder left one narrow rent.txt,510,df029364c3f530777b210e19b6b4ab3147af0146d88fd042a2a79c68e17278cf,df029364c3f530777b210e19b6b4ab3147af0146d88fd042a2a79c68e17278cf,510,17,14,86,
1.0,versemap-reference-d9969e023145ab13,samuel-taylor-coleridge,Samuel Taylor Coleridge,samuel-taylor-coleridge-d078a5bc70153107,ANOTHER VERSION,Samuel Taylor Coleridge/ANOTHER VERSION.txt,1331,359b778f73dfe84fb63939fce1872805107ae89215288acc1768f4280c2300cc,359b778f73dfe84fb63939fce1872805107ae89215288acc1768f4280c2300cc,1247,30,23,188,
1.0,versemap-reference-d9969e023145ab13,samuel-taylor-coleridge,Samuel Taylor Coleridge,samuel-taylor-coleridge-97d53992bb325634,Answer to a Child's Question,Samuel Taylor Coleridge/Answer to a Child's Question.txt,504,6a6aa390dd32afc5906554356cd632ad86416c5097a21f0bd8257a74afffea4d,6a6aa390dd32afc5906554356cd632ad86416c5097a21f0bd8257a74afffea4d,504,10,10,99,
1.0,versemap-reference-d9969e023145ab13,samuel-taylor-coleridge,Samuel Taylor Coleridge,samuel-taylor-coleridge-47574c54fef07529,"Apologia pro Vita sua. ('The poet in his lone,' &c.)","Samuel Taylor Coleridge/Apologia pro Vita sua. ('The poet in his lone,' &c.).txt",292,7c69cb32f7d3e66325ee2ef2ace6b07a88de49b2edf1e6d487e0adcdde5fb81a,7c69cb32f7d3e66325ee2ef2ace6b07a88de49b2edf1e6d487e0adcdde5fb81a,292,8,8,50,
1.0,versemap-reference-d9969e023145ab13,samuel-taylor-coleridge,Samuel Taylor Coleridge,samuel-taylor-coleridge-01272e8f5c9eb814,ARS POETICA,Samuel Taylor Coleridge/ARS POETICA.txt,470,c2c60774c65c664344486f3af3dccd3f91c1acdb0f543bbd8af53b48665c3b99,c2c60774c65c664344486f3af3dccd3f91c1acdb0f543bbd8af53b48665c3b99,470,11,9,81,
1.0,versemap-reference-d9969e023145ab13,samuel-taylor-coleridge,Samuel Taylor Coleridge,samuel-taylor-coleridge-0b267fec5ab60eff,ASSOCIATION OF IDEAS,Samuel Taylor Coleridge/ASSOCIATION OF IDEAS.txt,974,6b9e14e69cd87f3b6078c820831d01c86a66fa08f4ddef8da3373d9c13e6ebd9,6b9e14e69cd87f3b6078c820831d01c86a66fa08f4ddef8da3373d9c13e6ebd9,974,29,23,156,
1.0,versemap-reference-d9969e023145ab13,samuel-taylor-coleridge,Samuel Taylor Coleridge,samuel-taylor-coleridge-d0096d2a94363738,AUTHORS AND PUBLISHERS,Samuel Taylor Coleridge/AUTHORS AND PUBLISHERS.txt,271,968ef55e482d77c582b54f4bef960ff03d5d8a63f4b122c41aaa254815ef9f90,968ef55e482d77c582b54f4bef960ff03d5d8a63f4b122c41aaa254815ef9f90,271,7,7,42,
1.0,versemap-reference-d9969e023145ab13,samuel-taylor-coleridge,Samuel Taylor Coleridge,samuel-taylor-coleridge-e1992ca0e0953cb0,BARON GUELPH OF ADELSTAN. A FRAGMENT,Samuel Taylor Coleridge/BARON GUELPH OF ADELSTAN. A FRAGMENT.txt,657,b026d7bd6426c291ab869680773f0b8acd5f44de384caafec43a6988f4f57bec,b026d7bd6426c291ab869680773f0b8acd5f44de384caafec43a6988f4f57bec,656,26,21,120,
1.0,versemap-reference-d9969e023145ab13,samuel-taylor-coleridge,Samuel Taylor Coleridge,samuel-taylor-coleridge-ea3a7795170cc3f4,"beasts, for the benefit of the Bulls and Bears of the Stock Exchange","Samuel Taylor Coleridge/beasts, for the benefit of the Bulls and Bears of the Stock Exchange.txt",1679,9a5f1337591516abec7493a87bb38e0215d6bf08e363655e20c245d56d97411a,9a5f1337591516abec7493a87bb38e0215d6bf08e363655e20c245d56d97411a,1679,46,44,245,
1.0,versemap-reference-d9969e023145ab13,samuel-taylor-coleridge,Samuel Taylor Coleridge,samuel-taylor-coleridge-99ee2cdd89796afd,BO-PEEP AND I SPY,Samuel Taylor Coleridge/BO-PEEP AND I SPY.txt,72,96f561627ac5cbb6f7f3c7c9e71cbcbe6e0034eb910fd26b4989a032aaf7c969,96f561627ac5cbb6f7f3c7c9e71cbcbe6e0034eb910fd26b4989a032aaf7c969,72,4,4,14,suspiciously_short
1.0,versemap-reference-d9969e023145ab13,samuel-taylor-coleridge,Samuel Taylor Coleridge,samuel-taylor-coleridge-59505a62606ed3f4,"BRISTOL ON 'PROCLAMATION DAY'--June 29, 1814","Samuel Taylor Coleridge/BRISTOL ON 'PROCLAMATION DAY'--June 29, 1814.txt",398,d24b08ffc4e7a358d9def5dad9c1fbe386d673391d3a89f45f28e2b3f8dffde9,d24b08ffc4e7a358d9def5dad9c1fbe386d673391d3a89f45f28e2b3f8dffde9,398,12,9,60,
1.0,versemap-reference-d9969e023145ab13,samuel-taylor-coleridge,Samuel Taylor Coleridge,samuel-taylor-coleridge-d06293171f95a8f5,Catullian Hendecasyllables,Samuel Taylor Coleridge/Catullian Hendecasyllables.txt,769,ee6a7e7cc47439fd940832e86053806f9fcd5fb6dd3dcdb0bd21677117674cb2,ee6a7e7cc47439fd940832e86053806f9fcd5fb6dd3dcdb0bd21677117674cb2,768,17,17,135,
1.0,versemap-reference-d9969e023145ab13,samuel-taylor-coleridge,Samuel Taylor Coleridge,samuel-taylor-coleridge-2d7740b3f2df9415,Charity in Thought,Samuel Taylor Coleridge/Charity in Thought.txt,203,d1a46926457780adc507fa36c4e3b522cbf00a0357e7c411686ef02250d3616b,d1a46926457780adc507fa36c4e3b522cbf00a0357e7c411686ef02250d3616b,203,4,4,42,
1.0,versemap-reference-d9969e023145ab13,samuel-taylor-coleridge,Samuel Taylor Coleridge,samuel-taylor-coleridge-fd61df990e7f2d7b,Christabel,Samuel Taylor Coleridge/Christabel.txt,24872,3dbef4f71b66240b4deb812eb4b65d4d9f610a35f6c1df5e611ee2c794ab960b,3dbef4f71b66240b4deb812eb4b65d4d9f610a35f6c1df5e611ee2c794ab960b,24867,766,698,4572,suspiciously_long
1.0,versemap-reference-d9969e023145ab13,samuel-taylor-coleridge,Samuel Taylor Coleridge,samuel-taylor-coleridge-d17f6d5679844c55,Cologne,Samuel Taylor Coleridge/Cologne.txt,401,63511866cea9aa5e5686f92263f6a7729d9e351679877d5c1ec5ba432fe22860,63511866cea9aa5e5686f92263f6a7729d9e351679877d5c1ec5ba432fe22860,400,10,10,67,
1.0,versemap-reference-d9969e023145ab13,samuel-taylor-coleridge,Samuel Taylor Coleridge,samuel-taylor-coleridge-89852517ac84394d,COMPARATIVE BREVITY OF GREEK AND ENGLISH,Samuel Taylor Coleridge/COMPARATIVE BREVITY OF GREEK AND ENGLISH.txt,273,58cdbb8a3c3f0a1a8b0e1e66602c8fbec883662136028454f8c72072515f5e62,58cdbb8a3c3f0a1a8b0e1e66602c8fbec883662136028454f8c72072515f5e62,187,5,4,35,
1.0,versemap-reference-d9969e023145ab13,samuel-taylor-coleridge,Samuel Taylor Coleridge,samuel-taylor-coleridge-79ccb1281fc6fce1,Constancy to an Ideal Object,Samuel Taylor Coleridge/Constancy to an Ideal Object.txt,1441,e289b2d8cbfdac0023646a88f14469f4a98acdd3a0e821d8b220643644fb06dc,e289b2d8cbfdac0023646a88f14469f4a98acdd3a0e821d8b220643644fb06dc,1440,33,32,261,
1.0,versemap-reference-d9969e023145ab13,samuel-taylor-coleridge,Samuel Taylor Coleridge,samuel-taylor-coleridge-1911ae792993d6ef,"CONTEXT, AND THEN DERIDED IT AS UNINTELLIGIBLE","Samuel Taylor Coleridge/CONTEXT, AND THEN DERIDED IT AS UNINTELLIGIBLE.txt",284,594e0dd5c9c8fdf00b2b4e65aecd8aed88f1122bc2aea1949cb32fb0bb89d378,594e0dd5c9c8fdf00b2b4e65aecd8aed88f1122bc2aea1949cb32fb0bb89d378,284,8,8,53,
1.0,versemap-reference-d9969e023145ab13,samuel-taylor-coleridge,Samuel Taylor Coleridge,samuel-taylor-coleridge-528cbe42589f3275,DE PROFUNDIS CLAMAVI,Samuel Taylor Coleridge/DE PROFUNDIS CLAMAVI.txt,2510,71812916aa22e6674f9baa45aa8bdd2ab15d6bbd2e7711b2560775dbe1491a56,71812916aa22e6674f9baa45aa8bdd2ab15d6bbd2e7711b2560775dbe1491a56,2510,97,69,416,
1.0,versemap-reference-d9969e023145ab13,samuel-taylor-coleridge,Samuel Taylor Coleridge,samuel-taylor-coleridge-081c74785c58981e,DEAR BROTHER JEM,Samuel Taylor Coleridge/DEAR BROTHER JEM.txt,143,85fccae7eec6e99a051b618f3d4be1ff48f11afebf1f9ee06410c7338a70dd91,85fccae7eec6e99a051b618f3d4be1ff48f11afebf1f9ee06410c7338a70dd91,143,4,4,30,
1.0,versemap-reference-d9969e023145ab13,samuel-taylor-coleridge,Samuel Taylor Coleridge,samuel-taylor-coleridge-c84a8fe944bb8503,"Dejection An Ode. [Written April 4, 1802.]","Samuel Taylor Coleridge/Dejection An Ode. [Written April 4, 1802.].txt",230,b59b507c4e1d649644235dc65abd7c6ac850150439b275f2cc8e655aa3875e11,b59b507c4e1d649644235dc65abd7c6ac850150439b275f2cc8e655aa3875e11,230,5,5,40,
1.0,versemap-reference-d9969e023145ab13,samuel-taylor-coleridge,Samuel Taylor Coleridge,samuel-taylor-coleridge-0e7cf86da0729723,Desire,Samuel Taylor Coleridge/Desire.txt,181,a4ee0d82260459495b9da041a074990be5f87dffb66da8394f26c7fc179c5354,a4ee0d82260459495b9da041a074990be5f87dffb66da8394f26c7fc179c5354,181,4,4,33,
1.0,versemap-reference-d9969e023145ab13,samuel-taylor-coleridge,Samuel Taylor Coleridge,samuel-taylor-coleridge-209b14a36bd15088,Destruction of the Bastile,Samuel Taylor Coleridge/Destruction of the Bastile.txt,1800,bb925a8618a23d18d868741d3de8b7ca0cca391ff51530c03aa1c19723b4e435,bb925a8618a23d18d868741d3de8b7ca0cca391ff51530c03aa1c19723b4e435,1800,53,45,292,
1.0,versemap-reference-d9969e023145ab13,samuel-taylor-coleridge,Samuel Taylor Coleridge,samuel-taylor-coleridge-abc9bee7fd71a9ff,Devonshire Roads,Samuel Taylor Coleridge/Devonshire Roads.txt,1008,d7cfa161a248fc730b7566d74469e08869c944c0ead8adb49e169d4762104a10,d7cfa161a248fc730b7566d74469e08869c944c0ead8adb49e169d4762104a10,1007,26,24,161,
1.0,versemap-reference-d9969e023145ab13,samuel-taylor-coleridge,Samuel Taylor Coleridge,samuel-taylor-coleridge-8c018d0eadc656b4,Dura Navis,Samuel Taylor Coleridge/Dura Navis.txt,2937,fdcf2f99665c7f97ce8f26479718bf2f8a1db737a1ff40de1404881abf359da3,fdcf2f99665c7f97ce8f26479718bf2f8a1db737a1ff40de1404881abf359da3,2935,71,64,503,
1.0,versemap-reference-d9969e023145ab13,samuel-taylor-coleridge,Samuel Taylor Coleridge,samuel-taylor-coleridge-b4e1cbdbf78b7552,Duty surviving Self-love. The only sure Friend of declining Life,Samuel Taylor Coleridge/Duty surviving Self-love. The only sure Friend of declining Life.txt,636,cd4eb1c975e83455dfffc370aff2a624ca371fd9678b7d0251a7f0617e36d63c,cd4eb1c975e83455dfffc370aff2a624ca371fd9678b7d0251a7f0617e36d63c,636,14,14,115,
1.0,versemap-reference-d9969e023145ab13,samuel-taylor-coleridge,Samuel Taylor Coleridge,samuel-taylor-coleridge-414aa9ec00052c9a,Easter Holidays,Samuel Taylor Coleridge/Easter Holidays.txt,1324,5eeb5d6cdbd044302efc3b4cf9427ac77a40b571bfa7ca3b1502c38a42c78604,5eeb5d6cdbd044302efc3b4cf9427ac77a40b571bfa7ca3b1502c38a42c78604,1324,53,42,213,
1.0,versemap-reference-d9969e023145ab13,samuel-taylor-coleridge,Samuel Taylor Coleridge,samuel-taylor-coleridge-6de0d4d9e55100af,Elegy Imitated from one of Akenside's Blank-verse Inscriptions. [(No.) III.],Samuel Taylor Coleridge/Elegy Imitated from one of Akenside's Blank-verse Inscriptions. [(No.) III.].txt,1118,72986bb9c7df9648820ac3ad117ee5a145bce115d60490a66fe392995f51eb34,72986bb9c7df9648820ac3ad117ee5a145bce115d60490a66fe392995f51eb34,1117,29,24,182,
1.0,versemap-reference-d9969e023145ab13,samuel-taylor-coleridge,Samuel Taylor Coleridge,samuel-taylor-coleridge-07805a5399fcfbc7,EPIGRAM - Bob now resolves on marriage schemes to trample,Samuel Taylor Coleridge/EPIGRAM - Bob now resolves on marriage schemes to trample.txt,174,a3241294201a7613f11d0eaa063e9d04ed0bc6cc69aceffc0dabd5cb83dea3e5,a3241294201a7613f11d0eaa063e9d04ed0bc6cc69aceffc0dabd5cb83dea3e5,174,4,4,33,
1.0,versemap-reference-d9969e023145ab13,samuel-taylor-coleridge,Samuel Taylor Coleridge,samuel-taylor-coleridge-636ed28e2d5449c3,"EPIGRAM - Say what you will, Ingenious Youth!","Samuel Taylor Coleridge/EPIGRAM - Say what you will, Ingenious Youth!.txt",151,5ebd1bad8b50b7ca2acb8ff15bc95b49bc4a6c9af2f96b537ae61ff1e02da1dc,5ebd1bad8b50b7ca2acb8ff15bc95b49bc4a6c9af2f96b537ae61ff1e02da1dc,151,4,4,27,
1.0,versemap-reference-d9969e023145ab13,samuel-taylor-coleridge,Samuel Taylor Coleridge,samuel-taylor-coleridge-295da1f589ff8d7a,EPIGRAM - There comes from old Avaro's grave,Samuel Taylor Coleridge/EPIGRAM - There comes from old Avaro's grave.txt,109,b16b41f468fbe8cab3f248cbbc8305444a645c1097f16e35ce79d4981e51b7bf,b16b41f468fbe8cab3f248cbbc8305444a645c1097f16e35ce79d4981e51b7bf,109,3,3,19,suspiciously_short
1.0,versemap-reference-d9969e023145ab13,samuel-taylor-coleridge,Samuel Taylor Coleridge,samuel-taylor-coleridge-b67c7389b7fd98ce,EPIGRAM - To be ruled like a Frenchman the Briton is loth,Samuel Taylor Coleridge/EPIGRAM - To be ruled like a Frenchman the Briton is loth.txt,97,33dcd1e5b0734ea914553076bfb0441d511e150a1739b41628c0c5819bcddb67,33dcd1e5b0734ea914553076bfb0441d511e150a1739b41628c0c5819bcddb67,97,2,2,18,suspiciously_short
1.0,versemap-reference-d9969e023145ab13,samuel-taylor-coleridge,Samuel Taylor Coleridge,samuel-taylor-coleridge-27fdc8ab5c7b78ed,Epigram 4,Samuel Taylor Coleridge/Epigram 4.txt,225,39cd01943220f6ef84e433fd31595dd78d639ad5416f28853b453144a680ebe7,39cd01943220f6ef84e433fd31595dd78d639ad5416f28853b453144a680ebe7,225,4,4,39,
1.0,versemap-reference-d9969e023145ab13,samuel-taylor-coleridge,Samuel Taylor Coleridge,samuel-taylor-coleridge-804e352a5e3c8083,Epigram 41,Samuel Taylor Coleridge/Epigram 41.txt,274,42a3f47ab903461e51141ce32de42c5355112812cd3a6327a4429eba4d1670eb,42a3f47ab903461e51141ce32de42c5355112812cd3a6327a4429eba4d1670eb,274,6,6,51,
1.0,versemap-reference-d9969e023145ab13,samuel-taylor-coleridge,Samuel Taylor Coleridge,samuel-taylor-coleridge-f18a541890a18e6d,Epigram 42,Samuel Taylor Coleridge/Epigram 42.txt,317,b4e2a82d9a412de9fbaddad1604bbde9f68997daad4c6f183b5fec1a9afe18f5,b4e2a82d9a412de9fbaddad1604bbde9f68997daad4c6f183b5fec1a9afe18f5,317,6,6,53,
1.0,versemap-reference-d9969e023145ab13,samuel-taylor-coleridge,Samuel Taylor Coleridge,samuel-taylor-coleridge-7970ae8fc5866c68,Epigram 43,Samuel Taylor Coleridge/Epigram 43.txt,93,732dda6c8ac023b64dcbf75246cc51f88934ac5739527cad03b02d4baa9c4589,732dda6c8ac023b64dcbf75246cc51f88934ac5739527cad03b02d4baa9c4589,93,2,2,18,suspiciously_short
1.0,versemap-reference-d9969e023145ab13,samuel-taylor-coleridge,Samuel Taylor Coleridge,samuel-taylor-coleridge-85481d64e0355100,Epigram 44,Samuel Taylor Coleridge/Epigram 44.txt,276,b6f81b84456c45ae1da21e2709e67404d6df209f6a170e6b7107df0fed2fa779,b6f81b84456c45ae1da21e2709e67404d6df209f6a170e6b7107df0fed2fa779,276,7,6,54,
1.0,versemap-reference-d9969e023145ab13,samuel-taylor-coleridge,Samuel Taylor Coleridge,samuel-taylor-coleridge-78537c49bf4dbf33,Epigram 46,Samuel Taylor Coleridge/Epigram 46.txt,662,7b559363b1dc8e7f5c36a7296574a7df08cf90172ab3ae416c872aa64e0a67e7,7b559363b1dc8e7f5c36a7296574a7df08cf90172ab3ae416c872aa64e0a67e7,661,16,14,107,
1.0,versemap-reference-d9969e023145ab13,samuel-taylor-coleridge,Samuel Taylor Coleridge,samuel-taylor-coleridge-8d980f3df13644a8,Epigram 49,Samuel Taylor Coleridge/Epigram 49.txt,124,e1623156bb0fad2452c6d625a65e90e99397884fbc95aa1dd269ad82f228357c,e1623156bb0fad2452c6d625a65e90e99397884fbc95aa1dd269ad82f228357c,124,4,4,21,
1.0,versemap-reference-d9969e023145ab13,samuel-taylor-coleridge,Samuel Taylor Coleridge,samuel-taylor-coleridge-8fa23a8e23071966,Epigram 51,Samuel Taylor Coleridge/Epigram 51.txt,320,3a207e70124ef7b45666e3b598dd9a7b3a8f8297beb59aa6e36e33472a6dd30c,3a207e70124ef7b45666e3b598dd9a7b3a8f8297beb59aa6e36e33472a6dd30c,320,12,10,52,
1.0,versemap-reference-d9969e023145ab13,samuel-taylor-coleridge,Samuel Taylor Coleridge,samuel-taylor-coleridge-f49cd21bf3de3244,Epigram 55,Samuel Taylor Coleridge/Epigram 55.txt,186,0ef940f0acb9e4735c0c52058708dd3bb527ef62c855616a7cf5b387931a164c,0ef940f0acb9e4735c0c52058708dd3bb527ef62c855616a7cf5b387931a164c,186,4,4,29,
1.0,versemap-reference-d9969e023145ab13,samuel-taylor-coleridge,Samuel Taylor Coleridge,samuel-taylor-coleridge-3e7ccb73fcfa46f6,Epigram 59,Samuel Taylor Coleridge/Epigram 59.txt,259,bd276158130d0d3cadc97a979a76c2022052e0f6c71fdc4cea56ed5c2e7a1e67,bd276158130d0d3cadc97a979a76c2022052e0f6c71fdc4cea56ed5c2e7a1e67,259,6,6,48,
1.0,versemap-reference-d9969e023145ab13,samuel-taylor-coleridge,Samuel Taylor Coleridge,samuel-taylor-coleridge-99bb8635ce83b2e1,Epigram 64,Samuel Taylor Coleridge/Epigram 64.txt,174,6b068fcb12833a730295240c06eba4168fde645ea463b81e82d9d0ed24a3714b,6b068fcb12833a730295240c06eba4168fde645ea463b81e82d9d0ed24a3714b,174,4,4,35,
1.0,versemap-reference-d9969e023145ab13,samuel-taylor-coleridge,Samuel Taylor Coleridge,samuel-taylor-coleridge-3d34c940516715de,Epigram 68,Samuel Taylor Coleridge/Epigram 68.txt,136,9bc5dd4800f13ffe0bd8a8f0d0a5cd1c360ebc91fa05c35be416c2b175516120,9bc5dd4800f13ffe0bd8a8f0d0a5cd1c360ebc91fa05c35be416c2b175516120,136,4,4,28,
1.0,versemap-reference-d9969e023145ab13,samuel-taylor-coleridge,Samuel Taylor Coleridge,samuel-taylor-coleridge-5f383f479eee77c5,Epigram 73,Samuel Taylor Coleridge/Epigram 73.txt,114,2209ddcd2fca236f4c1037d05ef8cb67d8d1c68f852ca0d6bde1c08d354dbfc9,2209ddcd2fca236f4c1037d05ef8cb67d8d1c68f852ca0d6bde1c08d354dbfc9,114,4,4,22,
1.0,versemap-reference-d9969e023145ab13,samuel-taylor-coleridge,Samuel Taylor Coleridge,samuel-taylor-coleridge-99cb5d44a427f7c4,Epigram 76,Samuel Taylor Coleridge/Epigram 76.txt,159,b91c5338f4b562addaa744aacf5ecc424b32f4cc0b83ed599de5931b1c3926c8,b91c5338f4b562addaa744aacf5ecc424b32f4cc0b83ed599de5931b1c3926c8,159,4,4,30,
1.0,versemap-reference-d9969e023145ab13,samuel-taylor-coleridge,Samuel Taylor Coleridge,samuel-taylor-coleridge-214d51991428ccbc,Epigram 79,Samuel Taylor Coleridge/Epigram 79.txt,192,f5ede97f8c9f905da7edc7387403e0fbff84cc5c14932fd28dfb3a27f29fbcd6,f5ede97f8c9f905da7edc7387403e0fbff84cc5c14932fd28dfb3a27f29fbcd6,192,6,6,37,
1.0,versemap-reference-d9969e023145ab13,samuel-taylor-coleridge,Samuel Taylor Coleridge,samuel-taylor-coleridge-d2aa2bfcfff37f4d,EPIGRAM ON THE SECRECY OF A CERTAIN LADY,Samuel Taylor Coleridge/EPIGRAM ON THE SECRECY OF A CERTAIN LADY.txt,132,ad81ea5d11836f09879da5798c252003ac336dd1f6c7b6bc213eb99e279512a7,ad81ea5d11836f09879da5798c252003ac336dd1f6c7b6bc213eb99e279512a7,132,4,4,25,
1.0,versemap-reference-d9969e023145ab13,samuel-taylor-coleridge,Samuel Taylor Coleridge,samuel-taylor-coleridge-dc6e4d37104a36f3,EPITAPH ON A MERCENARY MISER,Samuel Taylor Coleridge/EPITAPH ON A MERCENARY MISER.txt,521,00585eaf74e7f780b38d38109d6ac4d1e5d6fa6fcae4fd415ab1e52fdef0ed66,00585eaf74e7f780b38d38109d6ac4d1e5d6fa6fcae4fd415ab1e52fdef0ed66,521,14,14,93,
1.0,versemap-reference-d9969e023145ab13,samuel-taylor-coleridge,Samuel Taylor Coleridge,samuel-taylor-coleridge-45675511e29a39c5,Epitaph on an Infant. ('Ere Sin could blight.'),Samuel Taylor Coleridge/Epitaph on an Infant. ('Ere Sin could blight.').txt,137,3a73c6885e7a9c7274c78d7947fc9e8beca93e61824f386918b878f6bab6baf1,3a73c6885e7a9c7274c78d7947fc9e8beca93e61824f386918b878f6bab6baf1,137,4,4,23,
1.0,versemap-reference-d9969e023145ab13,samuel-taylor-coleridge,Samuel Taylor Coleridge,samuel-taylor-coleridge-1e27c1ad8cddce04,"Epitaph on an Infant. ('Its balmy lips,' &c.)","Samuel Taylor Coleridge/Epitaph on an Infant. ('Its balmy lips,' &c.).txt",264,b57a8ea85bc69a35f9600efe627e8d86dcb1daecbe3b10bba90d9fac4ce7d773,b57a8ea85bc69a35f9600efe627e8d86dcb1daecbe3b10bba90d9fac4ce7d773,264,9,8,47,
1.0,versemap-reference-d9969e023145ab13,samuel-taylor-coleridge,Samuel Taylor Coleridge,samuel-taylor-coleridge-66ec484c5e63ad37,EPITAPH ON MAJOR DIEMAN,Samuel Taylor Coleridge/EPITAPH ON MAJOR DIEMAN.txt,209,37ca8acbd68594dac811e4401adc2a672fccf9003bf0d5b4e81b0f50feb285f8,37ca8acbd68594dac811e4401adc2a672fccf9003bf0d5b4e81b0f50feb285f8,209,4,4,43,
1.0,versemap-reference-d9969e023145ab13,samuel-taylor-coleridge,Samuel Taylor Coleridge,samuel-taylor-coleridge-fb329ebe82cce6f5,Epitaph,Samuel Taylor Coleridge/Epitaph.txt,372,5881299dc74819a63734b31d88d10882032434b434fd54921a5d3befa857f524,5881299dc74819a63734b31d88d10882032434b434fd54921a5d3befa857f524,372,8,8,72,
1.0,versemap-reference-d9969e023145ab13,samuel-taylor-coleridge,Samuel Taylor Coleridge,samuel-taylor-coleridge-6bdcac91a1002b0d,Epitaphium Testamentarium,Samuel Taylor Coleridge/Epitaphium Testamentarium.txt,102,09a191c6932c138cb54a19f81391b4d3d8fe9a176f83fea9fec41749a11d1a08,09a191c6932c138cb54a19f81391b4d3d8fe9a176f83fea9fec41749a11d1a08,102,2,2,17,suspiciously_short
1.0,versemap-reference-d9969e023145ab13,samuel-taylor-coleridge,Samuel Taylor Coleridge,samuel-taylor-coleridge-20538e1e7adf5654,EX LIBRIS S. T. C,Samuel Taylor Coleridge/EX LIBRIS S. T. C.txt,458,b6c43fe117255f3595e49e63e30b2d54f5c6d642d145ec6da2714c32223852bc,b6c43fe117255f3595e49e63e30b2d54f5c6d642d145ec6da2714c32223852bc,458,10,10,79,
1.0,versemap-reference-d9969e023145ab13,samuel-taylor-coleridge,Samuel Taylor Coleridge,samuel-taylor-coleridge-579407710dd9aa99,EXPERIMENTS IN METRE,Samuel Taylor Coleridge/EXPERIMENTS IN METRE.txt,1152,b88782503a1d2a9f4489c5acb6a86a5803fec8944b9abba7a7b6555ddeb69ab3,b88782503a1d2a9f4489c5acb6a86a5803fec8944b9abba7a7b6555ddeb69ab3,1098,50,38,139,
1.0,versemap-reference-d9969e023145ab13,samuel-taylor-coleridge,Samuel Taylor Coleridge,samuel-taylor-coleridge-b58c7fda896c11b4,EXTRUMPERY LINES,Samuel Taylor Coleridge/EXTRUMPERY LINES.txt,628,3e6b195554fb180410fbbf1ff46f12a8365a562935eb90124bee10c2af55a812,3e6b195554fb180410fbbf1ff46f12a8365a562935eb90124bee10c2af55a812,628,14,14,113,
1.0,versemap-reference-d9969e023145ab13,samuel-taylor-coleridge,Samuel Taylor Coleridge,samuel-taylor-coleridge-62206fafe3b1b546,"Fancy in Nubibus, or the Poet in the Clouds","Samuel Taylor Coleridge/Fancy in Nubibus, or the Poet in the Clouds.txt",627,f693bf185ca2aedf0a0f5b1a1776e1bb1682f5485b70b2afaf7d8965a795b848,f693bf185ca2aedf0a0f5b1a1776e1bb1682f5485b70b2afaf7d8965a795b848,626,14,14,111,
1.0,versemap-reference-d9969e023145ab13,samuel-taylor-coleridge,Samuel Taylor Coleridge,samuel-taylor-coleridge-599ec62ff15d60d8,Farewell to Love,Samuel Taylor Coleridge/Farewell to Love.txt,688,9f898ffafd1ca8dcea7cce8b7d70517d1cf070e2961d4b789d9742f30993af2a,9f898ffafd1ca8dcea7cce8b7d70517d1cf070e2961d4b789d9742f30993af2a,688,17,14,123,
1.0,versemap-reference-d9969e023145ab13,samuel-taylor-coleridge,Samuel Taylor Coleridge,samuel-taylor-coleridge-2d13713dea2f9b0d,Fears in Solitude,Samuel Taylor Coleridge/Fears in Solitude.txt,10028,d4ef5bc821dae99474275028d650244827384dbf48cde6158b34b9b1f0474bf7,d4ef5bc821dae99474275028d650244827384dbf48cde6158b34b9b1f0474bf7,10027,244,237,1726,
1.0,versemap-reference-d9969e023145ab13,samuel-taylor-coleridge,Samuel Taylor Coleridge,samuel-taylor-coleridge-2a6df2bddc649139,"Fire, Famine, and Slaughter","Samuel Taylor Coleridge/Fire, Famine, and Slaughter.txt",3048,cbd1b8f34b94084e16a5e7a278bea425a37f1fa767a2dc650bc6f1b7e0daf2ff,cbd1b8f34b94084e16a5e7a278bea425a37f1fa767a2dc650bc6f1b7e0daf2ff,3047,105,85,562,
1.0,versemap-reference-d9969e023145ab13,samuel-taylor-coleridge,Samuel Taylor Coleridge,samuel-taylor-coleridge-b3033ea75ed9fad2,"first collected in P. and D. W., 1877, ii. 171-8","Samuel Taylor Coleridge/first collected in P. and D. W., 1877, ii. 171-8.txt",440,819995d37edebeb10a616762e22404cfabac0eecca140802b206e3201f256121,819995d37edebeb10a616762e22404cfabac0eecca140802b206e3201f256121,436,10,8,66,
1.0,versemap-reference-d9969e023145ab13,samuel-taylor-coleridge,Samuel Taylor Coleridge,samuel-taylor-coleridge-5804071e3539af7e,FOR A HOUSE-DOG'S COLLAR,Samuel Taylor Coleridge/FOR A HOUSE-DOG'S COLLAR.txt,104,ce9407fe7b2d27687e663cb36f09ed259d70111bfee839649b98b99e0b49c432,ce9407fe7b2d27687e663cb36f09ed259d70111bfee839649b98b99e0b49c432,104,2,2,18,suspiciously_short
1.0,versemap-reference-d9969e023145ab13,samuel-taylor-coleridge,Samuel Taylor Coleridge,samuel-taylor-coleridge-9b3e2a85926a17fc,For a Market-clock. (Impromptu.),Samuel Taylor Coleridge/For a Market-clock. (Impromptu.).txt,185,f2ee1bb731c49a0df7bdc4507fcf8e2146f2f6f7007e17c5e3fe7103d45cc1e5,f2ee1bb731c49a0df7bdc4507fcf8e2146f2f6f7007e17c5e3fe7103d45cc1e5,185,4,4,37,
1.0,versemap-reference-d9969e023145ab13,samuel-taylor-coleridge,Samuel Taylor Coleridge,samuel-taylor-coleridge-757a4d82df2362d8,FOR HIS EARS STICKING THROUGH HIS HAIR,Samuel Taylor Coleridge/FOR HIS EARS STICKING THROUGH HIS HAIR.txt,653,92fc106cd5892202937ddac0caf7291655e5b0088afc954d89fe0b3cd637c696,92fc106cd5892202937ddac0caf7291655e5b0088afc954d89fe0b3cd637c696,653,15,13,115,
1.0,versemap-reference-d9969e023145ab13,samuel-taylor-coleridge,Samuel Taylor Coleridge,samuel-taylor-coleridge-9ba9a0b77e963d39,Forbearance,Samuel Taylor Coleridge/Forbearance.txt,761,379d75e2b6c9781d64fe673d9662399677e3ca8941dd369db2df09b02c93a03d,379d75e2b6c9781d64fe673d9662399677e3ca8941dd369db2df09b02c93a03d,761,18,17,136,
1.0,versemap-reference-d9969e023145ab13,samuel-taylor-coleridge,Samuel Taylor Coleridge,samuel-taylor-coleridge-00e5c808f80ee63c,Fragment from a Notebook 1,Samuel Taylor Coleridge/Fragment from a Notebook 1.txt,197,408b7318dc9943d54f5b780ce118a192b5dc653278670d5e9f08cba91e0a3594,408b7318dc9943d54f5b780ce118a192b5dc653278670d5e9f08cba91e0a3594,197,5,5,31,
1.0,versemap-reference-d9969e023145ab13,samuel-taylor-coleridge,Samuel Taylor Coleridge,samuel-taylor-coleridge-23c64f93455b6adb,Fragment from a Notebook 10,Samuel Taylor Coleridge/Fragment from a Notebook 10.txt,69,6404032902f9a9c888590fe3b78f56e477de6eb2d97c4a6f61e805e328938248,6404032902f9a9c888590fe3b78f56e477de6eb2d97c4a6f61e805e328938248,69,2,2,9,suspiciously_short
1.0,versemap-reference-d9969e023145ab13,samuel-taylor-coleridge,Samuel Taylor Coleridge,samuel-taylor-coleridge-4695af7bb84dffc4,Fragment from a Notebook 11,Samuel Taylor Coleridge/Fragment from a Notebook 11.txt,161,69121e3aa5d1f6f90a56f56ed88e0229a488ce4ab8968e412649f179b2690c91,69121e3aa5d1f6f90a56f56ed88e0229a488ce4ab8968e412649f179b2690c91,161,3,3,30,suspiciously_short
1.0,versemap-reference-d9969e023145ab13,samuel-taylor-coleridge,Samuel Taylor Coleridge,samuel-taylor-coleridge-1c6d15c1637b2cf8,Fragment from a Notebook 12,Samuel Taylor Coleridge/Fragment from a Notebook 12.txt,48,8357f3c0ab5232a201d26ca81603568ecbeef060f61c48a18721b2c69cafe8c6,8357f3c0ab5232a201d26ca81603568ecbeef060f61c48a18721b2c69cafe8c6,48,1,1,8,suspiciously_short
1.0,versemap-reference-d9969e023145ab13,samuel-taylor-coleridge,Samuel Taylor Coleridge,samuel-taylor-coleridge-346022f116dd5d3b,Fragment from a Notebook 13,Samuel Taylor Coleridge/Fragment from a Notebook 13.txt,37,5561ffc8f31a80ed403c3a50779568eff837fef75bcb2e2a73d3c282fe0e85eb,5561ffc8f31a80ed403c3a50779568eff837fef75bcb2e2a73d3c282fe0e85eb,37,1,1,8,suspiciously_short
1.0,versemap-reference-d9969e023145ab13,samuel-taylor-coleridge,Samuel Taylor Coleridge,samuel-taylor-coleridge-62b39018575eae4f,Fragment from a Notebook 14,Samuel Taylor Coleridge/Fragment from a Notebook 14.txt,44,944306b19223c4d3b47a9fb340520ad96fb69918704d283bdb3688af0ae26da6,944306b19223c4d3b47a9fb340520ad96fb69918704d283bdb3688af0ae26da6,44,1,1,7,suspiciously_short
1.0,versemap-reference-d9969e023145ab13,samuel-taylor-coleridge,Samuel Taylor Coleridge,samuel-taylor-coleridge-060ad69a643a466e,Fragment from a Notebook 15,Samuel Taylor Coleridge/Fragment from a Notebook 15.txt,41,4b50ae95c8a868b6b1a837f791456cf8536d4a49ab46862de4d9a19908334f03,4b50ae95c8a868b6b1a837f791456cf8536d4a49ab46862de4d9a19908334f03,41,1,1,8,suspiciously_short
1.0,versemap-reference-d9969e023145ab13,samuel-taylor-coleridge,Samuel Taylor Coleridge,samuel-taylor-coleridge-ec7b6e96fee88b3e,Fragment from a Notebook 16,Samuel Taylor Coleridge/Fragment from a Notebook 16.txt,90,203ea2c7902f6de50e4276558816783362e807869412fa83009550bac1079d68,203ea2c7902f6de50e4276558816783362e807869412fa83009550bac1079d68,90,2,2,17,suspiciously_short
1.0,versemap-reference-d9969e023145ab13,samuel-taylor-coleridge,Samuel Taylor Coleridge,samuel-taylor-coleridge-ca18ccac720b9289,Fragment from a Notebook 17,Samuel Taylor Coleridge/Fragment from a Notebook 17.txt,105,7702f2e0f0074371b5cd8451e601bb0d878bc62ad6f7d6bbb09edc8c51b5ecad,7702f2e0f0074371b5cd8451e601bb0d878bc62ad6f7d6bbb09edc8c51b5ecad,105,3,3,19,duplicate_text|suspiciously_short
1.0,versemap-reference-d9969e023145ab13,samuel-taylor-coleridge,Samuel Taylor Coleridge,samuel-taylor-coleridge-3cee53bfb63af718,Fragment from a Notebook 18,Samuel Taylor Coleridge/Fragment from a Notebook 18.txt,224,59003d8baa3bd92541e0586879b79cda7d6205af6a43de5f850e4a1eb7a7a43a,59003d8baa3bd92541e0586879b79cda7d6205af6a43de5f850e4a1eb7a7a43a,224,5,5,40,
1.0,versemap-reference-d9969e023145ab13,samuel-taylor-coleridge,Samuel Taylor Coleridge,samuel-taylor-coleridge-5a4b52ff486df72c,Fragment from a Notebook 19,Samuel Taylor Coleridge/Fragment from a Notebook 19.txt,41,1030e983f5390a4b206d3681128069dfde24144066b43a39dab91acf914d2616,1030e983f5390a4b206d3681128069dfde24144066b43a39dab91acf914d2616,41,1,1,5,suspiciously_short
1.0,versemap-reference-d9969e023145ab13,samuel-taylor-coleridge,Samuel Taylor Coleridge,samuel-taylor-coleridge-f0a9db7063617dd7,Fragment from a Notebook 2,Samuel Taylor Coleridge/Fragment from a Notebook 2.txt,86,de05200aba1f174e224c39c0090acb187400682b5c7582c79d4ace9a2d85afbd,de05200aba1f174e224c39c0090acb187400682b5c7582c79d4ace9a2d85afbd,86,2,2,13,suspiciously_short
1.0,versemap-reference-d9969e023145ab13,samuel-taylor-coleridge,Samuel Taylor Coleridge,samuel-taylor-coleridge-39d1e15bd5229209,Fragment from a Notebook 20,Samuel Taylor Coleridge/Fragment from a Notebook 20.txt,44,174411c5cdbce329a67c86b369b131a50a58f26f9d4ea3141894572de9ba784f,174411c5cdbce329a67c86b369b131a50a58f26f9d4ea3141894572de9ba784f,44,1,1,7,suspiciously_short
1.0,versemap-reference-d9969e023145ab13,samuel-taylor-coleridge,Samuel Taylor Coleridge,samuel-taylor-coleridge-ccbe4df5ee1631fa,Fragment from a Notebook 21,Samuel Taylor Coleridge/Fragment from a Notebook 21.txt,35,e9ef04666cd791f33e34ddd5aa0ccfb9fd51f51547dc66ebf845245496f3d775,e9ef04666cd791f33e34ddd5aa0ccfb9fd51f51547dc66ebf845245496f3d775,35,1,1,5,suspiciously_short
1.0,versemap-reference-d9969e023145ab13,samuel-taylor-coleridge,Samuel Taylor Coleridge,samuel-taylor-coleridge-037f2f54561843c4,Fragment from a Notebook 22,Samuel Taylor Coleridge/Fragment from a Notebook 22.txt,61,3a692e64969c36055083828b8a50eae28d9f92de29385fb5bc353a9f23cab537,3a692e64969c36055083828b8a50eae28d9f92de29385fb5bc353a9f23cab537,61,2,2,9,suspiciously_short
1.0,versemap-reference-d9969e023145ab13,samuel-taylor-coleridge,Samuel Taylor Coleridge,samuel-taylor-coleridge-f51d8ed12c898039,Fragment from a Notebook 23,Samuel Taylor Coleridge/Fragment from a Notebook 23.txt,77,09b4261d1ee5b1eeafb7d1260709b3a2be6cd04016a7ef2e6d4f79fdc62e9053,09b4261d1ee5b1eeafb7d1260709b3a2be6cd04016a7ef2e6d4f79fdc62e9053,77,2,2,15,suspiciously_short
1.0,versemap-reference-d9969e023145ab13,samuel-taylor-coleridge,Samuel Taylor Coleridge,samuel-taylor-coleridge-0292e260a9f830fa,Fragment from a Notebook 24,Samuel Taylor Coleridge/Fragment from a Notebook 24.txt,41,8be7b6fe63620cdd82d0deee48b2b4eeddd1e83d4a4d19ccc21ad88246663d83,8be7b6fe63620cdd82d0deee48b2b4eeddd1e83d4a4d19ccc21ad88246663d83,41,1,1,7,suspiciously_short
1.0,versemap-reference-d9969e023145ab13,samuel-taylor-coleridge,Samuel Taylor Coleridge,samuel-taylor-coleridge-a13118aa87212602,Fragment from a Notebook 25,Samuel Taylor Coleridge/Fragment from a Notebook 25.txt,62,44ce2c3fcaa862ff395f558ebf55d0734ae4eb71046cb66316ddaa1c092ce28f,44ce2c3fcaa862ff395f558ebf55d0734ae4eb71046cb66316ddaa1c092ce28f,62,2,2,10,suspiciously_short
1.0,versemap-reference-d9969e023145ab13,samuel-taylor-coleridge,Samuel Taylor Coleridge,samuel-taylor-coleridge-3f2faba38f59966b,Fragment from a Notebook 26,Samuel Taylor Coleridge/Fragment from a Notebook 26.txt,228,e85a106a560a2de37e034758b3eff7958b2b270b5f2e4e1dc0a403f61fbde4fe,e85a106a560a2de37e034758b3eff7958b2b270b5f2e4e1dc0a403f61fbde4fe,228,5,5,34,
1.0,versemap-reference-d9969e023145ab13,samuel-taylor-coleridge,Samuel Taylor Coleridge,samuel-taylor-coleridge-07ca2b328e95da2c,Fragment from a Notebook 27,Samuel Taylor Coleridge/Fragment from a Notebook 27.txt,78,7f659147d84230a8731a94028c268ffc391a66e54231e07138d73347d2f2bef3,7f659147d84230a8731a94028c268ffc391a66e54231e07138d73347d2f2bef3,78,2,2,9,suspiciously_short
1.0,versemap-reference-d9969e023145ab13,samuel-taylor-coleridge,Samuel Taylor Coleridge,samuel-taylor-coleridge-9487d4451b50729a,Fragment from a Notebook 28,Samuel Taylor Coleridge/Fragment from a Notebook 28.txt,124,c5351095404d0b4151806c9eab76e2c137424cfd1cd88eac9be6a79e628e9463,c5351095404d0b4151806c9eab76e2c137424cfd1cd88eac9be6a79e628e9463,124,3,3,16,suspiciously_short
1.0,versemap-reference-d9969e023145ab13,samuel-taylor-coleridge,Samuel Taylor Coleridge,samuel-taylor-coleridge-d7034908f351ab6d,Fragment from a Notebook 29,Samuel Taylor Coleridge/Fragment from a Notebook 29.txt,105,473273b894c4a4ca33f0e34c927b16d0caf1bda5b0bfc5572f58e64df56456be,473273b894c4a4ca33f0e34c927b16d0caf1bda5b0bfc5572f58e64df56456be,105,3,3,11,suspiciously_short
1.0,versemap-reference-d9969e023145ab13,samuel-taylor-coleridge,Samuel Taylor Coleridge,samuel-taylor-coleridge-289b95fedf821f8b,Fragment from a Notebook 3,Samuel Taylor Coleridge/Fragment from a Notebook 3.txt,96,7164d46b6eda40d9d626ae8d398b71a0f82e1d96752ac04bf5aa5d3f29941ded,7164d46b6eda40d9d626ae8d398b71a0f82e1d96752ac04bf5aa5d3f29941ded,96,2,2,14,suspiciously_short
1.0,versemap-reference-d9969e023145ab13,samuel-taylor-coleridge,Samuel Taylor Coleridge,samuel-taylor-coleridge-f7a1231ce6f49e41,Fragment from a Notebook 30,Samuel Taylor Coleridge/Fragment from a Notebook 30.txt,109,27d8c74512ffa7460517cf8fd572dae289b635a8ec671f6fa3498fd87eade3a2,27d8c74512ffa7460517cf8fd572dae289b635a8ec671f6fa3498fd87eade3a2,109,3,3,16,suspiciously_short
1.0,versemap-reference-d9969e023145ab13,samuel-taylor-coleridge,Samuel Taylor Coleridge,samuel-taylor-coleridge-56f8ab1f5b71fe57,Fragment from a Notebook 31,Samuel Taylor Coleridge/Fragment from a Notebook 31.txt,110,5ba7f4f36965811e67919d77c83120ea7c24ec3dc19e5b5a0c5251514a7701b1,5ba7f4f36965811e67919d77c83120ea7c24ec3dc19e5b5a0c5251514a7701b1,110,3,3,15,suspiciously_short
1.0,versemap-reference-d9969e023145ab13,samuel-taylor-coleridge,Samuel Taylor Coleridge,samuel-taylor-coleridge-a32d0ffcba12acfc,Fragment from a Notebook 32,Samuel Taylor Coleridge/Fragment from a Notebook 32.txt,144,a68016050972eb1de369a9e42b4cae42bda47a63819cbc4a404a02b50a8bc0b6,a68016050972eb1de369a9e42b4cae42bda47a63819cbc4a404a02b50a8bc0b6,144,3,3,19,suspiciously_short
1.0,versemap-reference-d9969e023145ab13,samuel-taylor-coleridge,Samuel Taylor Coleridge,samuel-taylor-coleridge-8783bd0f39b0c91a,Fragment from a Notebook 33,Samuel Taylor Coleridge/Fragment from a Notebook 33.txt,53,6511937f9c47bbeada43443ae652521b192304bbf65200aad2e36c03bbb217aa,6511937f9c47bbeada43443ae652521b192304bbf65200aad2e36c03bbb217aa,53,1,1,5,suspiciously_short
1.0,versemap-reference-d9969e023145ab13,samuel-taylor-coleridge,Samuel Taylor Coleridge,samuel-taylor-coleridge-17cd63b068913957,Fragment from a Notebook 34,Samuel Taylor Coleridge/Fragment from a Notebook 34.txt,247,76bb5536cbf1db4804deb7174b3446ef01d057440902948864702ca305eff765,76bb5536cbf1db4804deb7174b3446ef01d057440902948864702ca305eff765,247,6,6,42,
1.0,versemap-reference-d9969e023145ab13,samuel-taylor-coleridge,Samuel Taylor Coleridge,samuel-taylor-coleridge-5ca8aadee4c7d3d1,Fragment from a Notebook 35,Samuel Taylor Coleridge/Fragment from a Notebook 35.txt,117,82ce0104d32c787f5d6f757f6a76f72388a5979ca947a5d83dd554388cbb79b3,82ce0104d32c787f5d6f757f6a76f72388a5979ca947a5d83dd554388cbb79b3,117,3,3,18,suspiciously_short
1.0,versemap-reference-d9969e023145ab13,samuel-taylor-coleridge,Samuel Taylor Coleridge,samuel-taylor-coleridge-4304d949d34566da,Fragment from a Notebook 36,Samuel Taylor Coleridge/Fragment from a Notebook 36.txt,111,96f7a401a3254479c49c3ada05da689cb43d86ae3c1eb560d2db6dd6efa3074d,96f7a401a3254479c49c3ada05da689cb43d86ae3c1eb560d2db6dd6efa3074d,111,3,3,16,suspiciously_short
1.0,versemap-reference-d9969e023145ab13,samuel-taylor-coleridge,Samuel Taylor Coleridge,samuel-taylor-coleridge-aaf7e1420ee08b95,Fragment from a Notebook 37,Samuel Taylor Coleridge/Fragment from a Notebook 37.txt,65,95ad1686f1d00b6d1bba1257bc81369b59e7b1bd053c271d4906ffa258c873b8,95ad1686f1d00b6d1bba1257bc81369b59e7b1bd053c271d4906ffa258c873b8,65,2,2,10,suspiciously_short
1.0,versemap-reference-d9969e023145ab13,samuel-taylor-coleridge,Samuel Taylor Coleridge,samuel-taylor-coleridge-438b639643535281,Fragment from a Notebook 38,Samuel Taylor Coleridge/Fragment from a Notebook 38.txt,485,4eea44fc3fbaf0eb1aa99ba2d2f805baac1f34f0fea914d7c69b29e5e75d82ec,4eea44fc3fbaf0eb1aa99ba2d2f805baac1f34f0fea914d7c69b29e5e75d82ec,484,15,11,75,
1.0,versemap-reference-d9969e023145ab13,samuel-taylor-coleridge,Samuel Taylor Coleridge,samuel-taylor-coleridge-afd33d35467c6351,Fragment from a Notebook 39,Samuel Taylor Coleridge/Fragment from a Notebook 39.txt,395,e570474c78102a1e0c5c8ce326e88d34927e6360187246cc9cb4e88b12195433,e570474c78102a1e0c5c8ce326e88d34927e6360187246cc9cb4e88b12195433,395,7,7,70,
1.0,versemap-reference-d9969e023145ab13,samuel-taylor-coleridge,Samuel Taylor Coleridge,samuel-taylor-coleridge-cb97aca3136b296e,Fragment from a Notebook 4,Samuel Taylor Coleridge/Fragment from a Notebook 4.txt,99,f3768c5cd69476ff9b05a8acd74cd50a593711fbe8fbf350e1ccc717bb2eb955,f3768c5cd69476ff9b05a8acd74cd50a593711fbe8fbf350e1ccc717bb2eb955,99,5,3,17,suspiciously_short
1.0,versemap-reference-d9969e023145ab13,samuel-taylor-coleridge,Samuel Taylor Coleridge,samuel-taylor-coleridge-057a52de86d19672,Fragment from a Notebook 40,Samuel Taylor Coleridge/Fragment from a Notebook 40.txt,196,19f82a26931a7079533d32537cc5ec46a5cc2ccc5c2be5d8a794e76862b525d2,19f82a26931a7079533d32537cc5ec46a5cc2ccc5c2be5d8a794e76862b525d2,196,4,4,37,
1.0,versemap-reference-d9969e023145ab13,samuel-taylor-coleridge,Samuel Taylor Coleridge,samuel-taylor-coleridge-a9aae5aca1f02ab4,Fragment from a Notebook 41,Samuel Taylor Coleridge/Fragment from a Notebook 41.txt,76,36dc4aff11a550a3deff1ab1487f387e503378826f1e223b05244a0769203a33,36dc4aff11a550a3deff1ab1487f387e503378826f1e223b05244a0769203a33,76,2,2,15,suspiciously_short
1.0,versemap-reference-d9969e023145ab13,samuel-taylor-coleridge,Samuel Taylor Coleridge,samuel-taylor-coleridge-ec7abe3a0e4d2971,Fragment from a Notebook 42,Samuel Taylor Coleridge/Fragment from a Notebook 42.txt,37,9dbbc8edff99ae68a5a9b7b041f51f2c358428df34efc98d591cafeafc6a0de0,9dbbc8edff99ae68a5a9b7b041f51f2c358428df34efc98d591cafeafc6a0de0,37,1,1,6,suspiciously_short
1.0,versemap-reference-d9969e023145ab13,samuel-taylor-coleridge,Samuel Taylor Coleridge,samuel-taylor-coleridge-c4245344e939f8b8,Fragment from a Notebook 43,Samuel Taylor Coleridge/Fragment from a Notebook 43.txt,40,1921c97c347cfb912c8c8309f861f3dd98da6a4ce458e66a45b8685cd1f2eaf2,1921c97c347cfb912c8c8309f861f3dd98da6a4ce458e66a45b8685cd1f2eaf2,40,1,1,7,suspiciously_short
1.0,versemap-reference-d9969e023145ab13,samuel-taylor-coleridge,Samuel Taylor Coleridge,samuel-taylor-coleridge-15ab309b0bdcadad,Fragment from a Notebook 44,Samuel Taylor Coleridge/Fragment from a Notebook 44.txt,31,43f03a419791a08a72315e7deaa96291b285ea09e5484810c8d505297fd7a4cc,43f03a419791a08a72315e7deaa96291b285ea09e5484810c8d505297fd7a4cc,31,1,1,5,suspiciously_short
1.0,versemap-reference-d9969e023145ab13,samuel-taylor-coleridge,Samuel Taylor Coleridge,samuel-taylor-coleridge-24b06e7516872f1f,Fragment from a Notebook 45,Samuel Taylor Coleridge/Fragment from a Notebook 45.txt,78,2c05d844ef844202a353d563c52022178e95293af070155fb54776ea70876ba0,2c05d844ef844202a353d563c52022178e95293af070155fb54776ea70876ba0,78,2,2,15,suspiciously_short
1.0,versemap-reference-d9969e023145ab13,samuel-taylor-coleridge,Samuel Taylor Coleridge,samuel-taylor-coleridge-768d67260fad8b08,Fragment from a Notebook 46,Samuel Taylor Coleridge/Fragment from a Notebook 46.txt,29,e476b720fe4387703a03816b0959783c57324ee93c05663c74560b29329d6263,e476b720fe4387703a03816b0959783c57324ee93c05663c74560b29329d6263,29,1,1,5,suspiciously_short
1.0,versemap-reference-d9969e023145ab13,samuel-taylor-coleridge,Samuel Taylor Coleridge,samuel-taylor-coleridge-241efd752cb991cc,Fragment from a Notebook 47,Samuel Taylor Coleridge/Fragment from a Notebook 47.txt,300,5b14d574d1b9794b1061e8a4d4684431d79730b3ee2c7d6acd718761576b4395,5b14d574d1b9794b1061e8a4d4684431d79730b3ee2c7d6acd718761576b4395,300,7,7,52,
1.0,versemap-reference-d9969e023145ab13,samuel-taylor-coleridge,Samuel Taylor Coleridge,samuel-taylor-coleridge-70c68971da57b30d,Fragment from a Notebook 48,Samuel Taylor Coleridge/Fragment from a Notebook 48.txt,84,2e96d02942a47aaeb1f29a1cd28de609523594f4ac74302f450b855a7a6c7e33,2e96d02942a47aaeb1f29a1cd28de609523594f4ac74302f450b855a7a6c7e33,84,2,2,15,suspiciously_short
1.0,versemap-reference-d9969e023145ab13,samuel-taylor-coleridge,Samuel Taylor Coleridge,samuel-taylor-coleridge-884d7b384a7f038c,Fragment from a Notebook 49,Samuel Taylor Coleridge/Fragment from a Notebook 49.txt,426,c57805bdffbad37e7769de15775a650c3fed0c97a029aa5ff3dd92017f1bdaa8,c57805bdffbad37e7769de15775a650c3fed0c97a029aa5ff3dd92017f1bdaa8,424,10,10,68,
1.0,versemap-reference-d9969e023145ab13,samuel-taylor-coleridge,Samuel Taylor Coleridge,samuel-taylor-coleridge-bb7eb554133322aa,Fragment from a Notebook 5,Samuel Taylor Coleridge/Fragment from a Notebook 5.txt,41,08ee75535fd1e7f2eb588935f1234008219a83c4fb64ba6dc8d9da48052887fc,08ee75535fd1e7f2eb588935f1234008219a83c4fb64ba6dc8d9da48052887fc,41,1,1,4,suspiciously_short
1.0,versemap-reference-d9969e023145ab13,samuel-taylor-coleridge,Samuel Taylor Coleridge,samuel-taylor-coleridge-6e6ceba1fe1f5b8d,Fragment from a Notebook 6,Samuel Taylor Coleridge/Fragment from a Notebook 6.txt,81,84d1bc395f6dbe48a6e94bf548a9888a28230835499dc5bb35b133cb4f185b8c,84d1bc395f6dbe48a6e94bf548a9888a28230835499dc5bb35b133cb4f185b8c,81,2,2,9,suspiciously_short
1.0,versemap-reference-d9969e023145ab13,samuel-taylor-coleridge,Samuel Taylor Coleridge,samuel-taylor-coleridge-e45a878d45a2569e,Fragment from a Notebook 7,Samuel Taylor Coleridge/Fragment from a Notebook 7.txt,138,f7f19a61a80e526f747d6c66ed3d4237f7c8ca527ce8c199fac8bff6dbfd0607,f7f19a61a80e526f747d6c66ed3d4237f7c8ca527ce8c199fac8bff6dbfd0607,138,3,3,23,suspiciously_short
1.0,versemap-reference-d9969e023145ab13,samuel-taylor-coleridge,Samuel Taylor Coleridge,samuel-taylor-coleridge-bc7cb576cd37ba9f,Fragment from a Notebook 8,Samuel Taylor Coleridge/Fragment from a Notebook 8.txt,59,0643beac4457c2fdebb1a262c1b7afb683d60823ebfec18a49d1b7ef1d25f5cd,0643beac4457c2fdebb1a262c1b7afb683d60823ebfec18a49d1b7ef1d25f5cd,59,2,2,6,suspiciously_short
1.0,versemap-reference-d9969e023145ab13,samuel-taylor-coleridge,Samuel Taylor Coleridge,samuel-taylor-coleridge-6fc75b75f59ec1a1,Fragment from a Notebook 9,Samuel Taylor Coleridge/Fragment from a Notebook 9.txt,360,d62a535b24facba7f74a12490bff4d11a41ffb33b0ad638091c3e259fc0b298f,d62a535b24facba7f74a12490bff4d11a41ffb33b0ad638091c3e259fc0b298f,360,9,7,56,
1.0,versemap-reference-d9969e023145ab13,samuel-taylor-coleridge,Samuel Taylor Coleridge,samuel-taylor-coleridge-3d4968f126e2776c,FRAGMENT OF AN ODE ON NAPOLEON,Samuel Taylor Coleridge/FRAGMENT OF AN ODE ON NAPOLEON.txt,1133,973171f677f154fc5f13b72cd1600887fbe37fa4f55674bafad03b096cd5992f,973171f677f154fc5f13b72cd1600887fbe37fa4f55674bafad03b096cd5992f,1133,35,29,180,
1.0,versemap-reference-d9969e023145ab13,samuel-taylor-coleridge,Samuel Taylor Coleridge,samuel-taylor-coleridge-1c1731b6f87e1594,France An Ode,Samuel Taylor Coleridge/France An Ode.txt,4762,8b808502b54281b2eb762b01a4239fa13b08853b22f352b896da8eb098153276,8b808502b54281b2eb762b01a4239fa13b08853b22f352b896da8eb098153276,4762,119,110,795,
1.0,versemap-reference-d9969e023145ab13,samuel-taylor-coleridge,Samuel Taylor Coleridge,samuel-taylor-coleridge-e374e533e68d8c90,FROM AN OLD GERMAN POET,Samuel Taylor Coleridge/FROM AN OLD GERMAN POET.txt,664,6489a951d3f54ca38db16e9123fc9bd4e76a4747d039b31b64056226373617bf,6489a951d3f54ca38db16e9123fc9bd4e76a4747d039b31b64056226373617bf,664,18,16,108,
1.0,versemap-reference-d9969e023145ab13,samuel-taylor-coleridge,Samuel Taylor Coleridge,samuel-taylor-coleridge-08f90a99b4a27311,"FROM AN OLD TRAGEDY, VIZ. AGATHA TO KING ARCHELAUS","Samuel Taylor Coleridge/FROM AN OLD TRAGEDY, VIZ. AGATHA TO KING ARCHELAUS.txt",199,e17a307c4235814d9cc99a8e10cad339013e97a43f09a54836c6ad7acbdc15c1,e17a307c4235814d9cc99a8e10cad339013e97a43f09a54836c6ad7acbdc15c1,199,4,4,36,
1.0,versemap-reference-d9969e023145ab13,samuel-taylor-coleridge,Samuel Taylor Coleridge,samuel-taylor-coleridge-98b739cd05c775bf,"From the German. ('Know'st thou the land,' &c.)","Samuel Taylor Coleridge/From the German. ('Know'st thou the land,' &c.).txt",285,4f7e16ca7409cb0bad0379fce69ac441cbc56b61e4afa0dabd07567695af2810,4f7e16ca7409cb0bad0379fce69ac441cbc56b61e4afa0dabd07567695af2810,285,6,6,50,
1.0,versemap-reference-d9969e023145ab13,samuel-taylor-coleridge,Samuel Taylor Coleridge,samuel-taylor-coleridge-ed46b6c63b6c39d8,FROM THE GERMAN,Samuel Taylor Coleridge/FROM THE GERMAN.txt,163,615a9abc835b8f5df79eade048d2f10844a9e87e4f8022ae334138f7b95bca46,615a9abc835b8f5df79eade048d2f10844a9e87e4f8022ae334138f7b95bca46,163,4,4,32,
1.0,versemap-reference-d9969e023145ab13,samuel-taylor-coleridge,Samuel Taylor Coleridge,samuel-taylor-coleridge-b17415463daf3fe6,Frost at Midnight,Samuel Taylor Coleridge/Frost at Midnight.txt,3231,baed5896ebfc5dcf20adfc48f38c31f848ab211841cbf1ee7a3f3484ea150d45,baed5896ebfc5dcf20adfc48f38c31f848ab211841cbf1ee7a3f3484ea150d45,3230,77,75,565,
1.0,versemap-reference-d9969e023145ab13,samuel-taylor-coleridge,Samuel Taylor Coleridge,samuel-taylor-coleridge-15012ae2736dc720,Genevieve,Samuel Taylor Coleridge/Genevieve.txt,509,af11c01ade3b2807b3f694d384714f5ad3c821fe648942b51c1b882f57ba73ea,af11c01ade3b2807b3f694d384714f5ad3c821fe648942b51c1b882f57ba73ea,509,14,14,94,
1.0,versemap-reference-d9969e023145ab13,samuel-taylor-coleridge,Samuel Taylor Coleridge,samuel-taylor-coleridge-c1a646a2e4a617dd,Happiness,Samuel Taylor Coleridge/Happiness.txt,3814,54fe71d1a5e8e9dc7f5ace4d64a5a1c35f0f8dfd7bc0b060142b02d897b3da5d,54fe71d1a5e8e9dc7f5ace4d64a5a1c35f0f8dfd7bc0b060142b02d897b3da5d,3814,105,105,661,
1.0,versemap-reference-d9969e023145ab13,samuel-taylor-coleridge,Samuel Taylor Coleridge,samuel-taylor-coleridge-320235b6cfea59e7,"heard it, been thus translated, 'A Poem an age long')","Samuel Taylor Coleridge/heard it, been thus translated, 'A Poem an age long').txt",114,0fc1ab65558674fdb846f08db52e485bf8d846b137c49fe2bcfb61d13a491ff5,0fc1ab65558674fdb846f08db52e485bf8d846b137c49fe2bcfb61d13a491ff5,114,4,4,17,suspiciously_short
1.0,versemap-reference-d9969e023145ab13,samuel-taylor-coleridge,Samuel Taylor Coleridge,samuel-taylor-coleridge-5864a1a9df4d0894,"Hexameters. ('William my teacher,' &c.)","Samuel Taylor Coleridge/Hexameters. ('William my teacher,' &c.).txt",2515,8a7baa3714efb93b09b0bfa1e3d1d6f17776f210edb5d142cf28409fbaa027d0,8a7baa3714efb93b09b0bfa1e3d1d6f17776f210edb5d142cf28409fbaa027d0,2514,52,46,462,
1.0,versemap-reference-d9969e023145ab13,samuel-taylor-coleridge,Samuel Taylor Coleridge,samuel-taylor-coleridge-7bbc4e6605dd4db9,Hexameters. Paraphrase of Psalm xlvi,Samuel Taylor Coleridge/Hexameters. Paraphrase of Psalm xlvi.txt,710,2d675b3b274fec2502afe60ef8a9668bdad8b0b7bcafb255f6cc740dbf4df36c,2d675b3b274fec2502afe60ef8a9668bdad8b0b7bcafb255f6cc740dbf4df36c,673,12,12,119,
1.0,versemap-reference-d9969e023145ab13,samuel-taylor-coleridge,Samuel Taylor Coleridge,samuel-taylor-coleridge-e6e47915ad27e75b,HIPPONA,Samuel Taylor Coleridge/HIPPONA.txt,211,358f0e5ca2e1661f8fb6c52348b539ea1254bdfbdf40d75dd622059e68c80d3e,358f0e5ca2e1661f8fb6c52348b539ea1254bdfbdf40d75dd622059e68c80d3e,211,6,6,36,
1.0,versemap-reference-d9969e023145ab13,samuel-taylor-coleridge,Samuel Taylor Coleridge,samuel-taylor-coleridge-72bb77c47141e124,Home-Sick. Written in Germany,Samuel Taylor Coleridge/Home-Sick. Written in Germany.txt,591,4ea375c102b1fa3c08bb6cdc33305a75b5888ea82638073ecd177b0e48590c29,4ea375c102b1fa3c08bb6cdc33305a75b5888ea82638073ecd177b0e48590c29,591,19,16,100,
1.0,versemap-reference-d9969e023145ab13,samuel-taylor-coleridge,Samuel Taylor Coleridge,samuel-taylor-coleridge-14629f7ad962f810,Homeless,Samuel Taylor Coleridge/Homeless.txt,245,35ed92dcdab03bb2a69a03883ad3a3ae23ae56650aea3bbf2ca7ecdd468443ea,35ed92dcdab03bb2a69a03883ad3a3ae23ae56650aea3bbf2ca7ecdd468443ea,245,9,8,44,
1.0,versemap-reference-d9969e023145ab13,samuel-taylor-coleridge,Samuel Taylor Coleridge,samuel-taylor-coleridge-d63eb6cb6f4f5867,Honour,Samuel Taylor Coleridge/Honour.txt,3131,2c42c2fdc21c70253b0dbf35b14c02f002c12980562db57ca0df3675c7f1afd8,2c42c2fdc21c70253b0dbf35b14c02f002c12980562db57ca0df3675c7f1afd8,3131,72,71,563,
1.0,versemap-reference-d9969e023145ab13,samuel-taylor-coleridge,Samuel Taylor Coleridge,samuel-taylor-coleridge-07fc473dbf85f0c9,Human Life. On the Denial of Immortality,Samuel Taylor Coleridge/Human Life. On the Denial of Immortality.txt,1287,d3ed0cc44f40c1a74d3eab22ac9457c91bde636a38cb36a15a8be067d4b68ea9,d3ed0cc44f40c1a74d3eab22ac9457c91bde636a38cb36a15a8be067d4b68ea9,1287,29,29,217,
1.0,versemap-reference-d9969e023145ab13,samuel-taylor-coleridge,Samuel Taylor Coleridge,samuel-taylor-coleridge-e822a91cb64870bb,"Hunting Song. From Zapolya (Act IV, Sc. ii, ll. 56-71)","Samuel Taylor Coleridge/Hunting Song. From Zapolya (Act IV, Sc. ii, ll. 56-71).txt",540,2720a3ece4813c1d58c19b940180fcd5664855f527307ba1223d3897f82649d9,2720a3ece4813c1d58c19b940180fcd5664855f527307ba1223d3897f82649d9,540,17,16,102,
1.0,versemap-reference-d9969e023145ab13,samuel-taylor-coleridge,Samuel Taylor Coleridge,samuel-taylor-coleridge-e4964dc74c73713a,Hymn to the Earth. [Imitated from Stolberg's Hymne an die Erde.] Hexameters,Samuel Taylor Coleridge/Hymn to the Earth. [Imitated from Stolberg's Hymne an die Erde.] Hexameters.txt,2342,0ec945a732f6835b728d61502603d63218cd9d88e35314bf584670effc49f4d3,0ec945a732f6835b728d61502603d63218cd9d88e35314bf584670effc49f4d3,2342,53,51,393,
1.0,versemap-reference-d9969e023145ab13,samuel-taylor-coleridge,Samuel Taylor Coleridge,samuel-taylor-coleridge-e8602f676ef7413b,HYMNS--MOON,Samuel Taylor Coleridge/HYMNS--MOON.txt,2533,855275ad187e52b9485083241ec268dcde63177a28f9da7707d4ad4bb0d2d470,855275ad187e52b9485083241ec268dcde63177a28f9da7707d4ad4bb0d2d470,2531,95,65,409,
1.0,versemap-reference-d9969e023145ab13,samuel-taylor-coleridge,Samuel Taylor Coleridge,samuel-taylor-coleridge-5ff1d28192df443e,IAMBICS,Samuel Taylor Coleridge/IAMBICS.txt,210,8ead4ac1936fc0a039578c98161103aed02cdfaecff789c729660948d3e617ab,8ead4ac1936fc0a039578c98161103aed02cdfaecff789c729660948d3e617ab,210,6,6,39,
1.0,versemap-reference-d9969e023145ab13,samuel-taylor-coleridge,Samuel Taylor Coleridge,samuel-taylor-coleridge-c629fd7c2a62f945,II. Burke,Samuel Taylor Coleridge/II. Burke.txt,629,e10739380324018fe3e5afbbfb5dca35590debd9ef4fbdda54dda15a7d3b52e5,e10739380324018fe3e5afbbfb5dca35590debd9ef4fbdda54dda15a7d3b52e5,628,17,14,107,
1.0,versemap-reference-d9969e023145ab13,samuel-taylor-coleridge,Samuel Taylor Coleridge,samuel-taylor-coleridge-845c23d57b658ab2,III. Priestley,Samuel Taylor Coleridge/III. Priestley.txt,619,784989cd6471bce50b90c581371b1293d42a3718d0969705cd8355174c32df32,784989cd6471bce50b90c581371b1293d42a3718d0969705cd8355174c32df32,619,14,14,105,
1.0,versemap-reference-d9969e023145ab13,samuel-taylor-coleridge,Samuel Taylor Coleridge,samuel-taylor-coleridge-dbb5edde091e9125,IMITATED FROM ARISTOPHANES,Samuel Taylor Coleridge/IMITATED FROM ARISTOPHANES.txt,931,6faa704d85ba8f547244dbc47a56d019ab248520405ac3573b5459f1b68758f5,6faa704d85ba8f547244dbc47a56d019ab248520405ac3573b5459f1b68758f5,803,23,18,123,
1.0,versemap-reference-d9969e023145ab13,samuel-taylor-coleridge,Samuel Taylor Coleridge,samuel-taylor-coleridge-499438728cfe03dc,Imitated from Ossian,Samuel Taylor Coleridge/Imitated from Ossian.txt,655,d0f456a882d341386f0534b5021cd7028409b96efbabc11c2ef87f7955c4ac5a,d0f456a882d341386f0534b5021cd7028409b96efbabc11c2ef87f7955c4ac5a,655,24,20,109,
1.0,versemap-reference-d9969e023145ab13,samuel-taylor-coleridge,Samuel Taylor Coleridge,samuel-taylor-coleridge-39c0ed1ccc151185,Imitated from the Welsh,Samuel Taylor Coleridge/Imitated from the Welsh.txt,252,71f7c218b6a5d7907dfb1bb5d98cd0ed9ae9feb4304a678cb97f7165587e0ac0,71f7c218b6a5d7907dfb1bb5d98cd0ed9ae9feb4304a678cb97f7165587e0ac0,252,9,8,46,
1.0,versemap-reference-d9969e023145ab13,samuel-taylor-coleridge,Samuel Taylor Coleridge,samuel-taylor-coleridge-a09247e04a2f510f,"Imitations Ad Lyram. (Casimir, Book II, Ode 3.)","Samuel Taylor Coleridge/Imitations Ad Lyram. (Casimir, Book II, Ode 3.).txt",531,7271106c4d5392a19d7b3ea66e282a8a13b930baa4095ff4fe5900946730974f,7271106c4d5392a19d7b3ea66e282a8a13b930baa4095ff4fe5900946730974f,531,19,16,82,
1.0,versemap-reference-d9969e023145ab13,samuel-taylor-coleridge,Samuel Taylor Coleridge,samuel-taylor-coleridge-623f38820f7523cc,Inscription for a Seat by the Road Side half-way up a Steep Hill facing South,Samuel Taylor Coleridge/Inscription for a Seat by the Road Side half-way up a Steep Hill facing South.txt,1832,698be5bb1bdd45b925c98625ea19749d616bde5dc41f427e979569c040610025,698be5bb1bdd45b925c98625ea19749d616bde5dc41f427e979569c040610025,1832,41,41,325,
1.0,versemap-reference-d9969e023145ab13,samuel-taylor-coleridge,Samuel Taylor Coleridge,samuel-taylor-coleridge-e5a31413ef296de0,INSCRIPTION FOR A TIME-PIECE,Samuel Taylor Coleridge/INSCRIPTION FOR A TIME-PIECE.txt,182,591c2c3229ff28871969a66635cc79018e66a5f914e85724182328017d636d35,591c2c3229ff28871969a66635cc79018e66a5f914e85724182328017d636d35,182,4,4,35,
1.0,versemap-reference-d9969e023145ab13,samuel-taylor-coleridge,Samuel Taylor Coleridge,samuel-taylor-coleridge-bb444adb8b15007e,Inside the Coach,Samuel Taylor Coleridge/Inside the Coach.txt,916,692020935f8c412a02b9188f7bea19d592b1e94ae27bc9d0845d62732123043b,692020935f8c412a02b9188f7bea19d592b1e94ae27bc9d0845d62732123043b,916,27,27,162,
1.0,versemap-reference-d9969e023145ab13,samuel-taylor-coleridge,Samuel Taylor Coleridge,samuel-taylor-coleridge-010d3129f17587ba,Israel's Lament,Samuel Taylor Coleridge/Israel's Lament.txt,2108,daaa305531cdf21c5b6606ac17725b31d482f28e481affec12c4d42cba7c6869,daaa305531cdf21c5b6606ac17725b31d482f28e481affec12c4d42cba7c6869,2108,69,56,362,
1.0,versemap-reference-d9969e023145ab13,samuel-taylor-coleridge,Samuel Taylor Coleridge,samuel-taylor-coleridge-932b3a0d5376bea9,IV. La Fayette,Samuel Taylor Coleridge/IV. La Fayette.txt,663,6b6d8cb04da546a54f3ee5f526234e18004d48a3ed67f73852acb1868aaece46,6b6d8cb04da546a54f3ee5f526234e18004d48a3ed67f73852acb1868aaece46,663,17,14,110,
1.0,versemap-reference-d9969e023145ab13,samuel-taylor-coleridge,Samuel Taylor Coleridge,samuel-taylor-coleridge-5cd0eef8e3e9bafc,"IX. To William Godwin, Author of 'Political Justice.'","Samuel Taylor Coleridge/IX. To William Godwin, Author of 'Political Justice.'.txt",629,988e273efd1d94714001f7932610e1cb3bb25be98e55e438b26c4f97e465638b,988e273efd1d94714001f7932610e1cb3bb25be98e55e438b26c4f97e465638b,629,17,14,111,
1.0,versemap-reference-d9969e023145ab13,samuel-taylor-coleridge,Samuel Taylor Coleridge,samuel-taylor-coleridge-0ebb4af61115f7f0,JOB'S LUCK,Samuel Taylor Coleridge/JOB'S LUCK.txt,1179,5214deb06ac29c837c971d9196d132dea42b7c4cc36be11ce78d6f8206cce7ed,5214deb06ac29c837c971d9196d132dea42b7c4cc36be11ce78d6f8206cce7ed,1177,30,24,179,
1.0,versemap-reference-d9969e023145ab13,samuel-taylor-coleridge,Samuel Taylor Coleridge,samuel-taylor-coleridge-7bcca884476f45f5,Julia,Samuel Taylor Coleridge/Julia.txt,1467,431705153884a5e33710c85c7490bcd840e56770f726bb71ce16691d4267562c,431705153884a5e33710c85c7490bcd840e56770f726bb71ce16691d4267562c,1467,35,34,256,
1.0,versemap-reference-d9969e023145ab13,samuel-taylor-coleridge,Samuel Taylor Coleridge,samuel-taylor-coleridge-3018a0b5acc86464,Kubla Khan,Samuel Taylor Coleridge/Kubla Khan.txt,4938,191db830474c0f87c83402e4a941e4d623b5de8a90331434666be0775c818510,191db830474c0f87c83402e4a941e4d623b5de8a90331434666be0775c818510,4906,116,107,841,
1.0,versemap-reference-d9969e023145ab13,samuel-taylor-coleridge,Samuel Taylor Coleridge,samuel-taylor-coleridge-0c3135670fe8eca7,L'ENFANT PRODIGUE,Samuel Taylor Coleridge/L'ENFANT PRODIGUE.txt,159,41570d326291e48c7fac3d11d2269e58f6fa36d3d4e4e23fcc33c16f6da04fa5,41570d326291e48c7fac3d11d2269e58f6fa36d3d4e4e23fcc33c16f6da04fa5,159,4,4,27,
1.0,versemap-reference-d9969e023145ab13,samuel-taylor-coleridge,Samuel Taylor Coleridge,samuel-taylor-coleridge-724bd7270e1b50b5,L. R,Samuel Taylor Coleridge/L. R.txt,581,1970ea436fa88662ce6dfd7be9c6fd22ed1d2551f18673f718647dd2e3540baf,1970ea436fa88662ce6dfd7be9c6fd22ed1d2551f18673f718647dd2e3540baf,580,22,15,88,
1.0,versemap-reference-d9969e023145ab13,samuel-taylor-coleridge,Samuel Taylor Coleridge,samuel-taylor-coleridge-bf672fa6550a6620,"Lewti, or the Circassian Love-chaunt","Samuel Taylor Coleridge/Lewti, or the Circassian Love-chaunt.txt",2843,e63e6be8111955a53f779ae4d77f5da68a9805c47e42b1ce869233b25c07ec5b,e63e6be8111955a53f779ae4d77f5da68a9805c47e42b1ce869233b25c07ec5b,2843,89,83,531,
1.0,versemap-reference-d9969e023145ab13,samuel-taylor-coleridge,Samuel Taylor Coleridge,samuel-taylor-coleridge-221bcebbf92fcff0,Life,Samuel Taylor Coleridge/Life.txt,646,660a1fac0c61b419976bce7de27f2f0efc30b5f4aa4b87364bb5fd2c71b682f7,660a1fac0c61b419976bce7de27f2f0efc30b5f4aa4b87364bb5fd2c71b682f7,646,15,14,108,
1.0,versemap-reference-d9969e023145ab13,samuel-taylor-coleridge,Samuel Taylor Coleridge,samuel-taylor-coleridge-cc55788ed6bfeb89,Limbo,Samuel Taylor Coleridge/Limbo.txt,1776,9ffc08779f9af34fcfc17d083493a3e7d744727e94e165c6169700069b0a886b,9ffc08779f9af34fcfc17d083493a3e7d744727e94e165c6169700069b0a886b,1776,41,39,300,
1.0,versemap-reference-d9969e023145ab13,samuel-taylor-coleridge,Samuel Taylor Coleridge,samuel-taylor-coleridge-d02eb197789b949c,Lines composed in a Concert-room,Samuel Taylor Coleridge/Lines composed in a Concert-room.txt,1803,d14998131de346b8cb6668dd834320e559140bccb48acddc1e6972ff675fd945,d14998131de346b8cb6668dd834320e559140bccb48acddc1e6972ff675fd945,1803,45,40,305,
1.0,versemap-reference-d9969e023145ab13,samuel-taylor-coleridge,Samuel Taylor Coleridge,samuel-taylor-coleridge-d230e3c19129124d,"Lines Composed while climbing the Left Ascent of Brockley Coomb, Somersetshire, May 1795","Samuel Taylor Coleridge/Lines Composed while climbing the Left Ascent of Brockley Coomb, Somersetshire, May 1795.txt",722,ea5411f76299f88f925c0c0962868f7dad1bf7c761fa29a369d5c4911997d863,ea5411f76299f88f925c0c0962868f7dad1bf7c761fa29a369d5c4911997d863,722,16,16,125,
1.0,versemap-reference-d9969e023145ab13,samuel-taylor-coleridge,Samuel Taylor Coleridge,samuel-taylor-coleridge-16b531df264f5fb1,LINES IN A GERMAN STUDENT'S ALBUM,Samuel Taylor Coleridge/LINES IN A GERMAN STUDENT'S ALBUM.txt,157,0dc0818004dba12660de56e286c6079bd66e678392451b06e4e02ee4b2d782b1,0dc0818004dba12660de56e286c6079bd66e678392451b06e4e02ee4b2d782b1,157,4,4,29,
1.0,versemap-reference-d9969e023145ab13,samuel-taylor-coleridge,Samuel Taylor Coleridge,samuel-taylor-coleridge-1549b9d5431666df,Lines on a Friend who Died of a Frenzy Fever induced by Calumnious Reports,Samuel Taylor Coleridge/Lines on a Friend who Died of a Frenzy Fever induced by Calumnious Reports.txt,2235,34d74b7ec65cd0450be1ea3fb4dbb7bffd0d240125385de7cab8857a673e2a68,34d74b7ec65cd0450be1ea3fb4dbb7bffd0d240125385de7cab8857a673e2a68,2235,53,50,383,
1.0,versemap-reference-d9969e023145ab13,samuel-taylor-coleridge,Samuel Taylor Coleridge,samuel-taylor-coleridge-36b40f2249b18a93,Lines On an Autumnal Evening,Samuel Taylor Coleridge/Lines On an Autumnal Evening.txt,4773,455adf68ea9ac48a144630efa2a7ec56fcf1a6bc6595b699f537937005d06764,455adf68ea9ac48a144630efa2a7ec56fcf1a6bc6595b699f537937005d06764,4772,113,106,828,
1.0,versemap-reference-d9969e023145ab13,samuel-taylor-coleridge,Samuel Taylor Coleridge,samuel-taylor-coleridge-73cb95ae876f1d8d,"Lines To a Comic Author, on an Abusive Review [ 1825]","Samuel Taylor Coleridge/Lines To a Comic Author, on an Abusive Review [ 1825].txt",774,5bb1d7c9d1c69bb4ef578cf5066bc283ce8eb5563281e6a8add097f2be663c38,5bb1d7c9d1c69bb4ef578cf5066bc283ce8eb5563281e6a8add097f2be663c38,773,17,17,137,
1.0,versemap-reference-d9969e023145ab13,samuel-taylor-coleridge,Samuel Taylor Coleridge,samuel-taylor-coleridge-a09540c4ef31424a,LINES TO THOMAS POOLE,Samuel Taylor Coleridge/LINES TO THOMAS POOLE.txt,878,f41c3148e291971d022ea0a0e2305d52232a30ff0089ff82cebb70419713f207,f41c3148e291971d022ea0a0e2305d52232a30ff0089ff82cebb70419713f207,876,21,19,146,
1.0,versemap-reference-d9969e023145ab13,samuel-taylor-coleridge,Samuel Taylor Coleridge,samuel-taylor-coleridge-57081ba9ea545823,Lines to W. L. while he sang a Song to Purcell's Music,Samuel Taylor Coleridge/Lines to W. L. while he sang a Song to Purcell's Music.txt,613,d84ffb753b461eef6e11cdc1291d0a8cc8fe0ceb4c0695d6c7626cd6b2fbe45d,d84ffb753b461eef6e11cdc1291d0a8cc8fe0ceb4c0695d6c7626cd6b2fbe45d,612,14,14,109,
1.0,versemap-reference-d9969e023145ab13,samuel-taylor-coleridge,Samuel Taylor Coleridge,samuel-taylor-coleridge-6c65069f11d504b3,"Lines Written at the King's Arms, Ross, formerly the House of the 'Man of Ross'","Samuel Taylor Coleridge/Lines Written at the King's Arms, Ross, formerly the House of the 'Man of Ross'.txt",934,a509aee8a80c114d9864390b4beeacb42d27394d20d391e5be29d25cd0faee0d,a509aee8a80c114d9864390b4beeacb42d27394d20d391e5be29d25cd0faee0d,934,20,20,151,
1.0,versemap-reference-d9969e023145ab13,samuel-taylor-coleridge,Samuel Taylor Coleridge,samuel-taylor-coleridge-31192f906de9455a,"Lines written in Commonplace Book of Miss Barbour, Daughter of the Minister of the U. S. A. to England","Samuel Taylor Coleridge/Lines written in Commonplace Book of Miss Barbour, Daughter of the Minister of the U. S. A. to England.txt",624,a09073d95b9d2ecb08a9b10475e6cd2f11e1e2f9ddbcd1abea64fea833eebff6,a09073d95b9d2ecb08a9b10475e6cd2f11e1e2f9ddbcd1abea64fea833eebff6,624,14,14,101,
1.0,versemap-reference-d9969e023145ab13,samuel-taylor-coleridge,Samuel Taylor Coleridge,samuel-taylor-coleridge-9bb8e9fb8c6a1dce,Lines written in the Album at Elbingerode in the Hartz Forest,Samuel Taylor Coleridge/Lines written in the Album at Elbingerode in the Hartz Forest.txt,1694,d45ded09aaa583490d8c79095d469bc43a7b26ca2f6eecb088ead663b07194e3,d45ded09aaa583490d8c79095d469bc43a7b26ca2f6eecb088ead663b07194e3,1693,41,40,283,
1.0,versemap-reference-d9969e023145ab13,samuel-taylor-coleridge,Samuel Taylor Coleridge,samuel-taylor-coleridge-0a7a798cdd91347b,Love and Friendship Opposite,Samuel Taylor Coleridge/Love and Friendship Opposite.txt,365,7fab2249fb3652281a0fa83e26bb18221827b12169ff5b62dd9b09a27d950290,7fab2249fb3652281a0fa83e26bb18221827b12169ff5b62dd9b09a27d950290,365,8,8,65,
1.0,versemap-reference-d9969e023145ab13,samuel-taylor-coleridge,Samuel Taylor Coleridge,samuel-taylor-coleridge-63b8412dd3b3dce6,Love's Apparition and Evanishment,Samuel Taylor Coleridge/Love's Apparition and Evanishment.txt,70,82563f91f8e41f252d3de530dce5300f73abaac8d98610f673268715e5783369,82563f91f8e41f252d3de530dce5300f73abaac8d98610f673268715e5783369,70,2,2,12,suspiciously_short
1.0,versemap-reference-d9969e023145ab13,samuel-taylor-coleridge,Samuel Taylor Coleridge,samuel-taylor-coleridge-7e626f9058417158,Love's Burial-place,Samuel Taylor Coleridge/Love's Burial-place.txt,386,15bdf84959450130ec8132a8afc7284ef26195e5b8906f675524590e3004e9e5,15bdf84959450130ec8132a8afc7284ef26195e5b8906f675524590e3004e9e5,386,11,11,75,
1.0,versemap-reference-d9969e023145ab13,samuel-taylor-coleridge,Samuel Taylor Coleridge,samuel-taylor-coleridge-28cc68df38a7ac54,"Love, Hope, and Patience in Education","Samuel Taylor Coleridge/Love, Hope, and Patience in Education.txt",1178,2d15dde7bc0bb27f6248b2640bb36bdd59a3d5c846a280badfacb8690b8c8f46,2d15dde7bc0bb27f6248b2640bb36bdd59a3d5c846a280badfacb8690b8c8f46,1178,28,26,204,
1.0,versemap-reference-d9969e023145ab13,samuel-taylor-coleridge,Samuel Taylor Coleridge,samuel-taylor-coleridge-fd8cf6e48010a368,Love,Samuel Taylor Coleridge/Love.txt,3251,6e57ddc2fd412496becb88f426433ee38f005d72a1802a6da7d9ede00f3598d7,6e57ddc2fd412496becb88f426433ee38f005d72a1802a6da7d9ede00f3598d7,3249,119,96,583,
1.0,versemap-reference-d9969e023145ab13,samuel-taylor-coleridge,Samuel Taylor Coleridge,samuel-taylor-coleridge-65b54c0265be00d3,LUTHER--DE DÆMONIBUS,Samuel Taylor Coleridge/LUTHER--DE DÆMONIBUS.txt,230,2ade6584b0be02fc0607e8d1b48ebf56fb4be4e05cd5b21338454cbdc93f6b79,2ade6584b0be02fc0607e8d1b48ebf56fb4be4e05cd5b21338454cbdc93f6b79,230,7,6,45,
1.0,versemap-reference-d9969e023145ab13,samuel-taylor-coleridge,Samuel Taylor Coleridge,samuel-taylor-coleridge-ab582ef277e6c18b,Mahomet,Samuel Taylor Coleridge/Mahomet.txt,849,223cfe3319aa6b17f85cd48508dc74cb12f1150c79fb2b8f4498769c25490435,223cfe3319aa6b17f85cd48508dc74cb12f1150c79fb2b8f4498769c25490435,849,15,15,132,
1.0,versemap-reference-d9969e023145ab13,samuel-taylor-coleridge,Samuel Taylor Coleridge,samuel-taylor-coleridge-63ab31a4a26cfd33,Melancholy. A Fragment,Samuel Taylor Coleridge/Melancholy. A Fragment.txt,592,8577fec8eb710c9c06616f890819cf34db5077b230d1c6a8dafa605215b0d9f2,8577fec8eb710c9c06616f890819cf34db5077b230d1c6a8dafa605215b0d9f2,592,14,13,90,
1.0,versemap-reference-d9969e023145ab13,samuel-taylor-coleridge,Samuel Taylor Coleridge,samuel-taylor-coleridge-4f5d0ee06b1dffa1,MODERN CRITICS,Samuel Taylor Coleridge/MODERN CRITICS.txt,213,ec27d263d416f6f0534089c4b6bd266fc143100ca1bd3527c40da7e8f7b150f2,ec27d263d416f6f0534089c4b6bd266fc143100ca1bd3527c40da7e8f7b150f2,213,5,5,34,
1.0,versemap-reference-d9969e023145ab13,samuel-taylor-coleridge,Samuel Taylor Coleridge,samuel-taylor-coleridge-94c384335b9fbf8b,Monody on a Tea-kettle,Samuel Taylor Coleridge/Monody on a Tea-kettle.txt,1900,47a6881c326526e17dbe00ac86e05f9ceec5596a100b86f9bde81369d78ea1ff,47a6881c326526e17dbe00ac86e05f9ceec5596a100b86f9bde81369d78ea1ff,1900,44,40,321,
1.0,versemap-reference-d9969e023145ab13,samuel-taylor-coleridge,Samuel Taylor Coleridge,samuel-taylor-coleridge-367d9cd0ebfaf963,Monody on the Death of Chatterton. (First version.),Samuel Taylor Coleridge/Monody on the Death of Chatterton. (First version.).txt,3798,902d1f2dba74821a2b91653610494be1332cc868887cebddd54d25f4aba00700,902d1f2dba74821a2b91653610494be1332cc868887cebddd54d25f4aba00700,3796,100,92,656,
1.0,versemap-reference-d9969e023145ab13,samuel-taylor-coleridge,Samuel Taylor Coleridge,samuel-taylor-coleridge-34a32d31fcaccd1a,Monody on the Death of Chatterton. [1790-1834.],Samuel Taylor Coleridge/Monody on the Death of Chatterton. [1790-1834.].txt,7246,b84404a555c014ec8ea3ba19b4336209f6e1d3be36d196e9ceafd51aea85d446,b84404a555c014ec8ea3ba19b4336209f6e1d3be36d196e9ceafd51aea85d446,7245,177,165,1238,
1.0,versemap-reference-d9969e023145ab13,samuel-taylor-coleridge,Samuel Taylor Coleridge,samuel-taylor-coleridge-1e778a62861b123c,MONUMENT OF THOMAS FULLER,Samuel Taylor Coleridge/MONUMENT OF THOMAS FULLER.txt,450,03c318b777c24270606603a901bbe0b9cfc7617bdad175e2a01a0a9152f6c2fa,03c318b777c24270606603a901bbe0b9cfc7617bdad175e2a01a0a9152f6c2fa,450,10,10,87,
1.0,versemap-reference-d9969e023145ab13,samuel-taylor-coleridge,Samuel Taylor Coleridge,samuel-taylor-coleridge-b2ef8eb5637cc953,Morienti Superstes,Samuel Taylor Coleridge/Morienti Superstes.txt,851,e034a54f0605fc19bb674aff0eaf606de65e803105cd6255e0f2676d680339cf,e034a54f0605fc19bb674aff0eaf606de65e803105cd6255e0f2676d680339cf,851,27,24,156,
1.0,versemap-reference-d9969e023145ab13,samuel-taylor-coleridge,Samuel Taylor Coleridge,samuel-taylor-coleridge-7f02f1244b69b821,Music,Samuel Taylor Coleridge/Music.txt,1119,1791f1217425a11c72dcc3890ddd591d20ce17e5cf1e837f08fd3aa97835a8fe,1791f1217425a11c72dcc3890ddd591d20ce17e5cf1e837f08fd3aa97835a8fe,1119,31,30,176,
1.0,versemap-reference-d9969e023145ab13,samuel-taylor-coleridge,Samuel Taylor Coleridge,samuel-taylor-coleridge-71ac5a212022bfbb,My Baptismal Birth-day,Samuel Taylor Coleridge/My Baptismal Birth-day.txt,641,add0f383ac588cb3934d1f8b3715aaf34133f2bcaccd5058e525ccad1ec94d81,add0f383ac588cb3934d1f8b3715aaf34133f2bcaccd5058e525ccad1ec94d81,641,14,14,121,
1.0,versemap-reference-d9969e023145ab13,samuel-taylor-coleridge,Samuel Taylor Coleridge,samuel-taylor-coleridge-784c334539f784d6,MY GODMOTHER'S BEARD,Samuel Taylor Coleridge/MY GODMOTHER'S BEARD.txt,449,3119329f3dbae901b7a6171be7ac71fa3ae9f70dfd2ed3c773a5bdd3fd9e1ec9,3119329f3dbae901b7a6171be7ac71fa3ae9f70dfd2ed3c773a5bdd3fd9e1ec9,449,14,12,81,
1.0,versemap-reference-d9969e023145ab13,samuel-taylor-coleridge,Samuel Taylor Coleridge,samuel-taylor-coleridge-104e08404802e224,Names. [From Lessing.],Samuel Taylor Coleridge/Names. [From Lessing.].txt,373,c9d8cf44d6e89a7c14530ed352379522e6558365f124c35bd95f7d919602a622,c9d8cf44d6e89a7c14530ed352379522e6558365f124c35bd95f7d919602a622,372,13,12,66,
1.0,versemap-reference-d9969e023145ab13,samuel-taylor-coleridge,Samuel Taylor Coleridge,samuel-taylor-coleridge-4fbacb5c378ed2d7,NAPOLEON,Samuel Taylor Coleridge/NAPOLEON.txt,2017,df39e392f62699aefd745499b3d2dffd92b13b86939585082463c8f7ef0219e1,df39e392f62699aefd745499b3d2dffd92b13b86939585082463c8f7ef0219e1,2017,71,52,341,
1.0,versemap-reference-d9969e023145ab13,samuel-taylor-coleridge,Samuel Taylor Coleridge,samuel-taylor-coleridge-10bcaf9a8018d005,Ne Plus Ultra [ 1826],Samuel Taylor Coleridge/Ne Plus Ultra [ 1826].txt,722,5b6fa3ee3b1cfd96b84e17d7e2c20be2d4144641f4afbb3082848923eea22db0,5b6fa3ee3b1cfd96b84e17d7e2c20be2d4144641f4afbb3082848923eea22db0,721,21,21,103,
1.0,versemap-reference-d9969e023145ab13,samuel-taylor-coleridge,Samuel Taylor Coleridge,samuel-taylor-coleridge-8e83f4fca065d8bb,Nil Pejus est Caelibe Vitâ,Samuel Taylor Coleridge/Nil Pejus est Caelibe Vitâ.txt,748,f817d1051a7cd2603e6e4f59b8c46fd6479948575caaa5dd2e3eb2e882726159,f817d1051a7cd2603e6e4f59b8c46fd6479948575caaa5dd2e3eb2e882726159,748,26,21,130,
1.0,versemap-reference-d9969e023145ab13,samuel-taylor-coleridge,Samuel Taylor Coleridge,samuel-taylor-coleridge-d052e82cf10728e0,NINETY-EIGHT,Samuel Taylor Coleridge/NINETY-EIGHT.txt,569,cb736a186031b3f411c7da6ed1762fd8cfd6ce95d087ea536790b3c03446f915,cb736a186031b3f411c7da6ed1762fd8cfd6ce95d087ea536790b3c03446f915,563,15,13,92,
1.0,versemap-reference-d9969e023145ab13,samuel-taylor-coleridge,Samuel Taylor Coleridge,samuel-taylor-coleridge-edb743f05fcd4484,NONSENSE SAPPHICS,Samuel Taylor Coleridge/NONSENSE SAPPHICS.txt,630,560c4f5b7edd4dfde493ff7de20011a502d0fbdacc8a8b41b2ad7efd2c5e1bac,560c4f5b7edd4dfde493ff7de20011a502d0fbdacc8a8b41b2ad7efd2c5e1bac,628,19,16,93,
1.0,versemap-reference-d9969e023145ab13,samuel-taylor-coleridge,Samuel Taylor Coleridge,samuel-taylor-coleridge-569e84463a1a204f,NONSENSE,Samuel Taylor Coleridge/NONSENSE.txt,350,abdc377db6608aa1458eceb25b45d7320b8a4e3c09ef73f085a9c8accd08c242,abdc377db6608aa1458eceb25b45d7320b8a4e3c09ef73f085a9c8accd08c242,350,6,6,56,
1.0,versemap-reference-d9969e023145ab13,samuel-taylor-coleridge,Samuel Taylor Coleridge,samuel-taylor-coleridge-398995fc98358b67,NOT A CRITIC--BUT A JUDGE,Samuel Taylor Coleridge/NOT A CRITIC--BUT A JUDGE.txt,349,944bfcdc0c72d6a42ef23283451f6fc059ce502d77b46d16a5253a8d7c96259c,944bfcdc0c72d6a42ef23283451f6fc059ce502d77b46d16a5253a8d7c96259c,349,11,8,57,
1.0,versemap-reference-d9969e023145ab13,samuel-taylor-coleridge,Samuel Taylor Coleridge,samuel-taylor-coleridge-6f22f23bfdb273e1,OCCASIONED BY THE FORMER,Samuel Taylor Coleridge/OCCASIONED BY THE FORMER.txt,416,126762d5dc7932fee039426e1aa8e8aad46d61e6c061dad47e6e2f6683de1769,126762d5dc7932fee039426e1aa8e8aad46d61e6c061dad47e6e2f6683de1769,416,12,12,72,
1.0,versemap-reference-d9969e023145ab13,samuel-taylor-coleridge,Samuel Taylor Coleridge,samuel-taylor-coleridge-873f71b394be3502,OCCASIONED BY THE LAST,Samuel Taylor Coleridge/OCCASIONED BY THE LAST.txt,211,42a7a14c951de6c523e98f2c1afbc4ac3fbbc46449949f6b680316ac7e27e30d,42a7a14c951de6c523e98f2c1afbc4ac3fbbc46449949f6b680316ac7e27e30d,211,6,6,39,
1.0,versemap-reference-d9969e023145ab13,samuel-taylor-coleridge,Samuel Taylor Coleridge,samuel-taylor-coleridge-712318421c85bd6c,"Ode to Georgiana, Duchess of Devonshire, on the Twenty-fourth Stanza in her 'Passage over Mount Gothard'","Samuel Taylor Coleridge/Ode to Georgiana, Duchess of Devonshire, on the Twenty-fourth Stanza in her 'Passage over Mount Gothard'.txt",3407,fb8c2ac8eca10bcad3d7e776378c0852039733f5124c0be8d19fb629bc4506cd,fb8c2ac8eca10bcad3d7e776378c0852039733f5124c0be8d19fb629bc4506cd,3407,91,87,548,
1.0,versemap-reference-d9969e023145ab13,samuel-taylor-coleridge,Samuel Taylor Coleridge,samuel-taylor-coleridge-fcef227cb46a2728,Ode to the Departing Year,Samuel Taylor Coleridge/Ode to the Departing Year.txt,7653,f883f78ea391ee5d288394bce1ca414e87b2a3ae964637a001a5e430d984dfcb,f883f78ea391ee5d288394bce1ca414e87b2a3ae964637a001a5e430d984dfcb,7494,210,188,1183,
1.0,versemap-reference-d9969e023145ab13,samuel-taylor-coleridge,Samuel Taylor Coleridge,samuel-taylor-coleridge-54c5f32767b8207d,Ode to Tranquillity,Samuel Taylor Coleridge/Ode to Tranquillity.txt,1316,51d960622086a22ea7eb6f3cc088c72af060752a930a4a9e73b2585433f2b1f3,51d960622086a22ea7eb6f3cc088c72af060752a930a4a9e73b2585433f2b1f3,1316,35,32,218,
1.0,versemap-reference-d9969e023145ab13,samuel-taylor-coleridge,Samuel Taylor Coleridge,samuel-taylor-coleridge-8d1b8ce2ec27ede5,ON A BAD MAN,Samuel Taylor Coleridge/ON A BAD MAN.txt,779,6bf10974e3509447877dc0d824291004d3c7a8b667a5dfa3f8a8925b838cc735,6bf10974e3509447877dc0d824291004d3c7a8b667a5dfa3f8a8925b838cc735,779,25,18,141,
1.0,versemap-reference-d9969e023145ab13,samuel-taylor-coleridge,Samuel Taylor Coleridge,samuel-taylor-coleridge-3533f45268070d39,On a Discovery made too late,Samuel Taylor Coleridge/On a Discovery made too late.txt,630,51cb2a027c97fc6117ac6c1139d39f98e90110f064e65367bd6085c65aaa2bb6,51cb2a027c97fc6117ac6c1139d39f98e90110f064e65367bd6085c65aaa2bb6,630,14,14,113,
1.0,versemap-reference-d9969e023145ab13,samuel-taylor-coleridge,Samuel Taylor Coleridge,samuel-taylor-coleridge-e513a11a749c4f78,On a Late Connubial Rupture in High Life [Prince and Princess of Wales],Samuel Taylor Coleridge/On a Late Connubial Rupture in High Life [Prince and Princess of Wales].txt,913,88091c9e49e2564b2e8389d930d1b5e21f420556e506f37ca55d9b5268253368,88091c9e49e2564b2e8389d930d1b5e21f420556e506f37ca55d9b5268253368,913,24,20,152,
1.0,versemap-reference-d9969e023145ab13,samuel-taylor-coleridge,Samuel Taylor Coleridge,samuel-taylor-coleridge-2a743aead03e1fb0,ON A LATE MARRIAGE BETWEEN AN OLD MAID AND FRENCH PETIT MAÎTRE,Samuel Taylor Coleridge/ON A LATE MARRIAGE BETWEEN AN OLD MAID AND FRENCH PETIT MAÎTRE.txt,167,749c017a949aa3bec1e83979e40e45b7f24be349a4fd45a5405acb55c90b4923,749c017a949aa3bec1e83979e40e45b7f24be349a4fd45a5405acb55c90b4923,167,4,4,30,
1.0,versemap-reference-d9969e023145ab13,samuel-taylor-coleridge,Samuel Taylor Coleridge,samuel-taylor-coleridge-70bf0a2496fcf294,ON A READER OF HIS OWN VERSES,Samuel Taylor Coleridge/ON A READER OF HIS OWN VERSES.txt,255,9c199637121c70540147696dad7fb8629dcd913f3b92edb026ada576afde4d04,9c199637121c70540147696dad7fb8629dcd913f3b92edb026ada576afde4d04,252,9,8,48,
1.0,versemap-reference-d9969e023145ab13,samuel-taylor-coleridge,Samuel Taylor Coleridge,samuel-taylor-coleridge-dd4dce01d447aef2,ON A REPORT OF A MINISTER'S DEATH WRITTEN IN GERMANY,Samuel Taylor Coleridge/ON A REPORT OF A MINISTER'S DEATH WRITTEN IN GERMANY.txt,400,c6fcd3cd007fdd7c972b6eb593e085c0be35ace75677380352f9f60ed28ad6bb,c6fcd3cd007fdd7c972b6eb593e085c0be35ace75677380352f9f60ed28ad6bb,400,13,12,68,
1.0,versemap-reference-d9969e023145ab13,samuel-taylor-coleridge,Samuel Taylor Coleridge,samuel-taylor-coleridge-755630237539dffd,ON A SLANDERER,Samuel Taylor Coleridge/ON A SLANDERER.txt,265,7d53bce6e9540c791acc1ccd6461122f2b4243633316a3c2ce86f46136a51159,7d53bce6e9540c791acc1ccd6461122f2b4243633316a3c2ce86f46136a51159,265,8,8,49,
1.0,versemap-reference-d9969e023145ab13,samuel-taylor-coleridge,Samuel Taylor Coleridge,samuel-taylor-coleridge-fd2dd95a170245c3,ON A VOLUNTEER SINGER,Samuel Taylor Coleridge/ON A VOLUNTEER SINGER.txt,93,47a5ba2e58414200f366bd730366918387475ae70a3c4732ff2c6b1e5f0ef2cc,47a5ba2e58414200f366bd730366918387475ae70a3c4732ff2c6b1e5f0ef2cc,93,2,2,16,suspiciously_short
1.0,versemap-reference-d9969e023145ab13,samuel-taylor-coleridge,Samuel Taylor Coleridge,samuel-taylor-coleridge-149029a3dc6f7eb7,ON AN AMOROUS DOCTOR,Samuel Taylor Coleridge/ON AN AMOROUS DOCTOR.txt,349,3d6a6b3e1ca328dd8a1f41b54abeda6151066a07b559097ee40e9695b9b8219f,3d6a6b3e1ca328dd8a1f41b54abeda6151066a07b559097ee40e9695b9b8219f,349,8,8,61,
1.0,versemap-reference-d9969e023145ab13,samuel-taylor-coleridge,Samuel Taylor Coleridge,samuel-taylor-coleridge-7646eb03e92f47bd,"On an Infant which died before Baptism. ('Be rather,' &c.)","Samuel Taylor Coleridge/On an Infant which died before Baptism. ('Be rather,' &c.).txt",207,d9a0d425b50886e758db564773f282cfce8144fcdd8f29b8c711193271d5b32f,d9a0d425b50886e758db564773f282cfce8144fcdd8f29b8c711193271d5b32f,207,6,6,34,
1.0,versemap-reference-d9969e023145ab13,samuel-taylor-coleridge,Samuel Taylor Coleridge,samuel-taylor-coleridge-36ac7f7af55a5e96,ON AN INSIGNIFICANT,Samuel Taylor Coleridge/ON AN INSIGNIFICANT.txt,424,a9eeab6a46431a9fe66074224cee87190475a7391191660ba5f565c9769977a1,a9eeab6a46431a9fe66074224cee87190475a7391191660ba5f565c9769977a1,423,11,9,65,
1.0,versemap-reference-d9969e023145ab13,samuel-taylor-coleridge,Samuel Taylor Coleridge,samuel-taylor-coleridge-2d159ef5db67cdcf,On Bala Hill,Samuel Taylor Coleridge/On Bala Hill.txt,184,e4d085af67064241912aad7918f7ff1bcafcfde8036957f693e1bd23a19e4e6d,e4d085af67064241912aad7918f7ff1bcafcfde8036957f693e1bd23a19e4e6d,183,4,4,28,
1.0,versemap-reference-d9969e023145ab13,samuel-taylor-coleridge,Samuel Taylor Coleridge,samuel-taylor-coleridge-c9797fe7416e04a3,ON DEPUTY,Samuel Taylor Coleridge/ON DEPUTY.txt,324,f0c3cbbd196e3a969dd95b37f12d7d20c975c88b8f95417c432bb8f1f6f637d5,f0c3cbbd196e3a969dd95b37f12d7d20c975c88b8f95417c432bb8f1f6f637d5,324,9,9,54,
1.0,versemap-reference-d9969e023145ab13,samuel-taylor-coleridge,Samuel Taylor Coleridge,samuel-taylor-coleridge-1ae3aab6f77c0d3e,ON DONNE'S POEM 'TO A FLEA',Samuel Taylor Coleridge/ON DONNE'S POEM 'TO A FLEA'.txt,506,fc5918cbfdcc9044c93d774310f0a5ecddac5f6cbba1f74dc87ddd717d281084,fc5918cbfdcc9044c93d774310f0a5ecddac5f6cbba1f74dc87ddd717d281084,505,12,12,82,
1.0,versemap-reference-d9969e023145ab13,samuel-taylor-coleridge,Samuel Taylor Coleridge,samuel-taylor-coleridge-82740925b57ecb0b,On Donne's Poetry [ 1818],Samuel Taylor Coleridge/On Donne's Poetry [ 1818].txt,187,c1c10754efc6c69ff0dde14780f70af61631ed358c91fa1728228a021fea3832,c1c10754efc6c69ff0dde14780f70af61631ed358c91fa1728228a021fea3832,187,4,4,28,
1.0,versemap-reference-d9969e023145ab13,samuel-taylor-coleridge,Samuel Taylor Coleridge,samuel-taylor-coleridge-f00c44ddcbd0ae5e,ON HIMSELF,Samuel Taylor Coleridge/ON HIMSELF.txt,196,14d11338b6ebce50ea8f4f4600fd2e97d1b342e5a63ce772393d0d9470ef57a1,14d11338b6ebce50ea8f4f4600fd2e97d1b342e5a63ce772393d0d9470ef57a1,196,4,4,34,
1.0,versemap-reference-d9969e023145ab13,samuel-taylor-coleridge,Samuel Taylor Coleridge,samuel-taylor-coleridge-0d8ba6ac0b84486c,On Imitation,Samuel Taylor Coleridge/On Imitation.txt,349,298bb435c3f23ff6ff057745a3dccad28a296383b9cef1f4ca2547965882210a,298bb435c3f23ff6ff057745a3dccad28a296383b9cef1f4ca2547965882210a,349,8,8,67,
1.0,versemap-reference-d9969e023145ab13,samuel-taylor-coleridge,Samuel Taylor Coleridge,samuel-taylor-coleridge-f97d73995917f920,"ON MR. ROSS, USUALLY COGNOMINATED NOSY","Samuel Taylor Coleridge/ON MR. ROSS, USUALLY COGNOMINATED NOSY.txt",122,a9ba14ffeecc81182f6bee853353b798262e1f7e7977c57b4e2de24f557ba845,a9ba14ffeecc81182f6bee853353b798262e1f7e7977c57b4e2de24f557ba845,122,4,4,16,suspiciously_short
1.0,versemap-reference-d9969e023145ab13,samuel-taylor-coleridge,Samuel Taylor Coleridge,samuel-taylor-coleridge-39cc3de4acc87bf2,On my Joyful Departure from the same City,Samuel Taylor Coleridge/On my Joyful Departure from the same City.txt,234,7537593fd7beb305c35640aceb0efa40f0b5ab0b9161a53e9c6fa42128636de2,7537593fd7beb305c35640aceb0efa40f0b5ab0b9161a53e9c6fa42128636de2,234,7,7,37,
1.0,versemap-reference-d9969e023145ab13,samuel-taylor-coleridge,Samuel Taylor Coleridge,samuel-taylor-coleridge-aa61a0b8ce127564,On observing a Blossom on the First of February 1796,Samuel Taylor Coleridge/On observing a Blossom on the First of February 1796.txt,1161,45faa20a24fbdb412d51477530a5f3f4172ceefc1582d0dba5750139dc69bc49,45faa20a24fbdb412d51477530a5f3f4172ceefc1582d0dba5750139dc69bc49,1161,26,26,189,
1.0,versemap-reference-d9969e023145ab13,samuel-taylor-coleridge,Samuel Taylor Coleridge,samuel-taylor-coleridge-1d574eebd247349d,ON PITT AND FOX,Samuel Taylor Coleridge/ON PITT AND FOX.txt,818,5020fed31cd380b8bb5770229b881148b2df7fa350d26cfa526bdc79a7d704f4,5020fed31cd380b8bb5770229b881148b2df7fa350d26cfa526bdc79a7d704f4,817,18,15,138,
1.0,versemap-reference-d9969e023145ab13,samuel-taylor-coleridge,Samuel Taylor Coleridge,samuel-taylor-coleridge-7a31f97479a2d12e,On receiving an Account that his Only Sister's Death was Inevitable,Samuel Taylor Coleridge/On receiving an Account that his Only Sister's Death was Inevitable.txt,628,cb2779df814e2977bcbaa27f17219c56ffb569558e902b393c325d23ef8e2af9,cb2779df814e2977bcbaa27f17219c56ffb569558e902b393c325d23ef8e2af9,628,14,14,116,
1.0,versemap-reference-d9969e023145ab13,samuel-taylor-coleridge,Samuel Taylor Coleridge,samuel-taylor-coleridge-69b305982c2fc9b2,On Revisiting the Sea-shore,Samuel Taylor Coleridge/On Revisiting the Sea-shore.txt,857,422e76e573c6caaa9aac896aaa8edf7e11a5bffc111c6954a6436c032ab039cb,422e76e573c6caaa9aac896aaa8edf7e11a5bffc111c6954a6436c032ab039cb,857,29,24,140,
1.0,versemap-reference-d9969e023145ab13,samuel-taylor-coleridge,Samuel Taylor Coleridge,samuel-taylor-coleridge-c93295137e8d9334,On seeing a Youth Affectionately Welcomed by a Sister,Samuel Taylor Coleridge/On seeing a Youth Affectionately Welcomed by a Sister.txt,632,cf5730c62b290ba52b15b4428e810ee946629c571db24972074a546b358554e6,cf5730c62b290ba52b15b4428e810ee946629c571db24972074a546b358554e6,632,14,14,110,
1.0,versemap-reference-d9969e023145ab13,samuel-taylor-coleridge,Samuel Taylor Coleridge,samuel-taylor-coleridge-e60da0c7ba85b3e4,ON THE ABOVE,Samuel Taylor Coleridge/ON THE ABOVE.txt,155,6d095da3fe61df675595fefe9d410869358ea242740aca1ae056aa2636c800b1,6d095da3fe61df675595fefe9d410869358ea242740aca1ae056aa2636c800b1,155,4,4,29,
1.0,versemap-reference-d9969e023145ab13,samuel-taylor-coleridge,Samuel Taylor Coleridge,samuel-taylor-coleridge-83f5116a2ddc77a4,On the Christening of a Friend's Child,Samuel Taylor Coleridge/On the Christening of a Friend's Child.txt,1331,f424ebabac82581f18472f082d22c879b5d180b9320bde9db63a339d81b4c97d,f424ebabac82581f18472f082d22c879b5d180b9320bde9db63a339d81b4c97d,1331,49,40,218,
1.0,versemap-reference-d9969e023145ab13,samuel-taylor-coleridge,Samuel Taylor Coleridge,samuel-taylor-coleridge-1be866cf407b13f7,On the Prospect of establishing a Pantisocracy in America,Samuel Taylor Coleridge/On the Prospect of establishing a Pantisocracy in America.txt,618,f803751c785d4f7982023b777e33d61036a438b30191803ce646700a32e1cac3,f803751c785d4f7982023b777e33d61036a438b30191803ce646700a32e1cac3,618,14,14,98,
1.0,versemap-reference-d9969e023145ab13,samuel-taylor-coleridge,Samuel Taylor Coleridge,samuel-taylor-coleridge-5bbd0f3f1f7d42b5,ON THE SICKNESS OF A GREAT MINISTER,Samuel Taylor Coleridge/ON THE SICKNESS OF A GREAT MINISTER.txt,434,33ba8a9c029e7962941329eb75502adf7eb9b6741f03f7f5f977cf6ae8226fb2,33ba8a9c029e7962941329eb75502adf7eb9b6741f03f7f5f977cf6ae8226fb2,434,10,10,79,
1.0,versemap-reference-d9969e023145ab13,samuel-taylor-coleridge,Samuel Taylor Coleridge,samuel-taylor-coleridge-353b33a3e92f5073,"OR, A SONG AGAINST THE NEW PHILOSOPHY","Samuel Taylor Coleridge/OR, A SONG AGAINST THE NEW PHILOSOPHY.txt",640,4218ecdd1340ec9a8085c5252f3e0a1fd4690d7b3c3744d727cba3b09270eedc,4218ecdd1340ec9a8085c5252f3e0a1fd4690d7b3c3744d727cba3b09270eedc,640,20,18,109,
1.0,versemap-reference-d9969e023145ab13,samuel-taylor-coleridge,Samuel Taylor Coleridge,samuel-taylor-coleridge-d10a2a6cb9e752d2,Osorio,Samuel Taylor Coleridge/Osorio.txt,988,9145625078ac6b45cd5e5772b868849c9bf196c568db2b3da364b6f853503366,9145625078ac6b45cd5e5772b868849c9bf196c568db2b3da364b6f853503366,986,24,21,118,
1.0,versemap-reference-d9969e023145ab13,samuel-taylor-coleridge,Samuel Taylor Coleridge,samuel-taylor-coleridge-d044132b639fac54,OVER MY COTTAGE,Samuel Taylor Coleridge/OVER MY COTTAGE.txt,1632,dd022cd83401fd492c6c154f267da873e803eda624dcc65c6b4da6cc332e4f3f,dd022cd83401fd492c6c154f267da873e803eda624dcc65c6b4da6cc332e4f3f,1632,58,41,278,
1.0,versemap-reference-d9969e023145ab13,samuel-taylor-coleridge,Samuel Taylor Coleridge,samuel-taylor-coleridge-2148a3044186ff12,Pain,Samuel Taylor Coleridge/Pain.txt,653,45dca68bd9383f38f14df4694375491ba31469aa09e036bf5f75e565e7e1924d,45dca68bd9383f38f14df4694375491ba31469aa09e036bf5f75e565e7e1924d,653,14,14,119,
1.0,versemap-reference-d9969e023145ab13,samuel-taylor-coleridge,Samuel Taylor Coleridge,samuel-taylor-coleridge-f29e16feac503863,Pantisocracy,Samuel Taylor Coleridge/Pantisocracy.txt,1696,74c4d55c63896f6e2e8839a7f626d09c6be46417200805b062ee4d288f2acfa2,74c4d55c63896f6e2e8839a7f626d09c6be46417200805b062ee4d288f2acfa2,1563,39,33,272,
1.0,versemap-reference-d9969e023145ab13,samuel-taylor-coleridge,Samuel Taylor Coleridge,samuel-taylor-coleridge-caba8a6ce1e15b30,Parliamentary Oscillators,Samuel Taylor Coleridge/Parliamentary Oscillators.txt,2191,b58032429b87dbc0eb5977e200a8b7f31142ccee04592b6a04bc2ff586bb2874,b58032429b87dbc0eb5977e200a8b7f31142ccee04592b6a04bc2ff586bb2874,2190,59,48,343,
1.0,versemap-reference-d9969e023145ab13,samuel-taylor-coleridge,Samuel Taylor Coleridge,samuel-taylor-coleridge-28e9fe02d145c181,Perspiration. A Travelling Eclogue,Samuel Taylor Coleridge/Perspiration. A Travelling Eclogue.txt,440,38fff53344f86c0042974b2207798d483d86f48d17c6490f1979e74bd5deab99,38fff53344f86c0042974b2207798d483d86f48d17c6490f1979e74bd5deab99,440,10,10,69,
1.0,versemap-reference-d9969e023145ab13,samuel-taylor-coleridge,Samuel Taylor Coleridge,samuel-taylor-coleridge-c6ab3b5ccc457187,Phantom or Fact. A Dialogue in Verse,Samuel Taylor Coleridge/Phantom or Fact. A Dialogue in Verse.txt,383,476edb8809b99901dabe1db2c710ffd2fa0e617d852397e662be44b5d63fe3aa,476edb8809b99901dabe1db2c710ffd2fa0e617d852397e662be44b5d63fe3aa,383,14,12,69,
1.0,versemap-reference-d9969e023145ab13,samuel-taylor-coleridge,Samuel Taylor Coleridge,samuel-taylor-coleridge-c55e5ee4ef934870,Phantom,Samuel Taylor Coleridge/Phantom.txt,272,3878b2dfdf9883d79aa97603e4f2f59dfe1fa70ab2565bc63a62f8ec21765746,3878b2dfdf9883d79aa97603e4f2f59dfe1fa70ab2565bc63a62f8ec21765746,272,8,8,49,
1.0,versemap-reference-d9969e023145ab13,samuel-taylor-coleridge,Samuel Taylor Coleridge,samuel-taylor-coleridge-d5ab601b5abb9932,PINDAR'S SECOND OLYMPIC,Samuel Taylor Coleridge/PINDAR'S SECOND OLYMPIC.txt,745,ee153ba03dfac42a07a3f47b6e62115d9a53152b7dff0f8fe7be4c56749c5477,ee153ba03dfac42a07a3f47b6e62115d9a53152b7dff0f8fe7be4c56749c5477,745,28,23,119,
1.0,versemap-reference-d9969e023145ab13,samuel-taylor-coleridge,Samuel Taylor Coleridge,samuel-taylor-coleridge-ca2fe965815da898,Pity,Samuel Taylor Coleridge/Pity.txt,661,d2c1a86b16f3b7e9c0f68eb86a869e257ab993ba24ebfbeaf75599c141ad196b,d2c1a86b16f3b7e9c0f68eb86a869e257ab993ba24ebfbeaf75599c141ad196b,661,14,14,118,
1.0,versemap-reference-d9969e023145ab13,samuel-taylor-coleridge,Samuel Taylor Coleridge,samuel-taylor-coleridge-15cd6c87321587c8,PONDERE NON NUMERO,Samuel Taylor Coleridge/PONDERE NON NUMERO.txt,381,b2da336511ad89530d1a28fe7b52583aaef953d5f6ed4c05ed2e42ae1f3682d3,b2da336511ad89530d1a28fe7b52583aaef953d5f6ed4c05ed2e42ae1f3682d3,378,9,7,55,
1.0,versemap-reference-d9969e023145ab13,samuel-taylor-coleridge,Samuel Taylor Coleridge,samuel-taylor-coleridge-633918dae7959210,PROFUSE KINDNESS,Samuel Taylor Coleridge/PROFUSE KINDNESS.txt,699,607e6524d4eb4151ee8ca9d01bf34091ecc7a876af9f515dacc46f76554a243e,607e6524d4eb4151ee8ca9d01bf34091ecc7a876af9f515dacc46f76554a243e,652,19,15,118,
1.0,versemap-reference-d9969e023145ab13,samuel-taylor-coleridge,Samuel Taylor Coleridge,samuel-taylor-coleridge-7f5191b7ed593bfc,Progress of Vice,Samuel Taylor Coleridge/Progress of Vice.txt,1136,07919d526b3dbd77ce2c01726b05dc5aef4fc0138766bc483ae62b5f06618da9,07919d526b3dbd77ce2c01726b05dc5aef4fc0138766bc483ae62b5f06618da9,1136,28,25,181,
1.0,versemap-reference-d9969e023145ab13,samuel-taylor-coleridge,Samuel Taylor Coleridge,samuel-taylor-coleridge-af1e62b6afe2f8bf,Psyche,Samuel Taylor Coleridge/Psyche.txt,309,045a5156a05a8bc1d78e552a2bc66cae84a24b9f56ad4f61a3c9c68e171c9a7a,045a5156a05a8bc1d78e552a2bc66cae84a24b9f56ad4f61a3c9c68e171c9a7a,309,7,7,54,
1.0,versemap-reference-d9969e023145ab13,samuel-taylor-coleridge,Samuel Taylor Coleridge,samuel-taylor-coleridge-cb7f314484e42c10,Quae Nocent Docent,Samuel Taylor Coleridge/Quae Nocent Docent.txt,819,be65b6262008daa284d1d52f405e507f4e1717429117786d97ce495795108426,be65b6262008daa284d1d52f405e507f4e1717429117786d97ce495795108426,819,22,19,135,
1.0,versemap-reference-d9969e023145ab13,samuel-taylor-coleridge,Samuel Taylor Coleridge,samuel-taylor-coleridge-3e0eab667aaf00e2,Reason,Samuel Taylor Coleridge/Reason.txt,451,10e788fa0d77429a00476fc23f56b3f8cd4d46f6d8843143d0550c5602ef9e7e,10e788fa0d77429a00476fc23f56b3f8cd4d46f6d8843143d0550c5602ef9e7e,449,13,11,68,
1.0,versemap-reference-d9969e023145ab13,samuel-taylor-coleridge,Samuel Taylor Coleridge,samuel-taylor-coleridge-c7e19e07455f5224,Recantation Illustrated in the Story of the Mad Ox,Samuel Taylor Coleridge/Recantation Illustrated in the Story of the Mad Ox.txt,4528,2f476240ffb4113b81157e9cae86cf4d7c0c4cf23619fa3c0c2b0bdc9003d28a,2f476240ffb4113b81157e9cae86cf4d7c0c4cf23619fa3c0c2b0bdc9003d28a,4528,188,147,812,
1.0,versemap-reference-d9969e023145ab13,samuel-taylor-coleridge,Samuel Taylor Coleridge,samuel-taylor-coleridge-7e5d197f048b79e3,Recollections of Love,Samuel Taylor Coleridge/Recollections of Love.txt,1144,1b541b8ac22c8f97b7f3aafe9e0c7a4915086c244c7eee89fccbd8b6051edc67,1b541b8ac22c8f97b7f3aafe9e0c7a4915086c244c7eee89fccbd8b6051edc67,1144,47,36,200,
1.0,versemap-reference-d9969e023145ab13,samuel-taylor-coleridge,Samuel Taylor Coleridge,samuel-taylor-coleridge-1af21bee44f803e2,Reflections on having left a Place of Retirement,Samuel Taylor Coleridge/Reflections on having left a Place of Retirement.txt,3186,d49f8ec724d80c6dce5184526cbc7db454425f758d45fa2efa0283b3ec1e08c6,d49f8ec724d80c6dce5184526cbc7db454425f758d45fa2efa0283b3ec1e08c6,3183,77,73,546,
1.0,versemap-reference-d9969e023145ab13,samuel-taylor-coleridge,Samuel Taylor Coleridge,samuel-taylor-coleridge-8e77737b0b06688f,Religious Musings. [1794-1796.],Samuel Taylor Coleridge/Religious Musings. [1794-1796.].txt,18257,4a49cb0eff45f00e16ecb926935d11c2eda5d0f57881637f27106e9c56f910c7,4a49cb0eff45f00e16ecb926935d11c2eda5d0f57881637f27106e9c56f910c7,18249,440,426,3038,
1.0,versemap-reference-d9969e023145ab13,samuel-taylor-coleridge,Samuel Taylor Coleridge,samuel-taylor-coleridge-1ca8eee19f6888fb,Remorse,Samuel Taylor Coleridge/Remorse.txt,4892,38c4cd4c50f206ce0c472c52f3d06a882b4183df8694d834a3ddb703107b477b,38c4cd4c50f206ce0c472c52f3d06a882b4183df8694d834a3ddb703107b477b,4892,113,97,819,
1.0,versemap-reference-d9969e023145ab13,samuel-taylor-coleridge,Samuel Taylor Coleridge,samuel-taylor-coleridge-817fa5718b46ac79,RUFA,Samuel Taylor Coleridge/RUFA.txt,183,9106280261504fbc4a567f403694ce203e01f7f3fd82e9f891e457b33ff63097,9106280261504fbc4a567f403694ce203e01f7f3fd82e9f891e457b33ff63097,183,5,5,36,
1.0,versemap-reference-d9969e023145ab13,samuel-taylor-coleridge,Samuel Taylor Coleridge,samuel-taylor-coleridge-48be72bfd9fe559c,Sancti Dominici Pallium. A Dialogue between Poet and Friend,Samuel Taylor Coleridge/Sancti Dominici Pallium. A Dialogue between Poet and Friend.txt,2747,2a6a3bc541bce59df63992f4bb23c8b7c47b1e3a689c1ba132dee4ace4d548fb,2a6a3bc541bce59df63992f4bb23c8b7c47b1e3a689c1ba132dee4ace4d548fb,2747,77,65,468,
1.0,versemap-reference-d9969e023145ab13,samuel-taylor-coleridge,Samuel Taylor Coleridge,samuel-taylor-coleridge-1bd64d967c121062,Self-knowledge,Samuel Taylor Coleridge/Self-knowledge.txt,551,18bfa993b7bd9cf92564b4e9d8ab6f7b516cfea00ea254e38686368e3f7c3675,18bfa993b7bd9cf92564b4e9d8ab6f7b516cfea00ea254e38686368e3f7c3675,525,12,11,89,
1.0,versemap-reference-d9969e023145ab13,samuel-taylor-coleridge,Samuel Taylor Coleridge,samuel-taylor-coleridge-71f400020167300f,SENTIMENTAL,Samuel Taylor Coleridge/SENTIMENTAL.txt,246,84c2471c824774a3a16b497d2e3148a669c4e736c9fd0123d2ece2acdd9a997a,84c2471c824774a3a16b497d2e3148a669c4e736c9fd0123d2ece2acdd9a997a,246,9,8,42,
1.0,versemap-reference-d9969e023145ab13,samuel-taylor-coleridge,Samuel Taylor Coleridge,samuel-taylor-coleridge-034c9cefd78033d2,Separation,Samuel Taylor Coleridge/Separation.txt,859,756dbb55fdc350b232368b8fbceee5d7951a7a00fd39a63a05bc39edce4a7c84,756dbb55fdc350b232368b8fbceee5d7951a7a00fd39a63a05bc39edce4a7c84,859,29,24,154,
1.0,versemap-reference-d9969e023145ab13,samuel-taylor-coleridge,Samuel Taylor Coleridge,samuel-taylor-coleridge-ad6c9c84f8b3790f,"SMALL-TALK MAN, THOMAS HILL, ESQ","Samuel Taylor Coleridge/SMALL-TALK MAN, THOMAS HILL, ESQ.txt",202,96d378ff05abcd64c9c4d4aa8ba840a0c99260eece02fee46c84cb52462d19de,96d378ff05abcd64c9c4d4aa8ba840a0c99260eece02fee46c84cb52462d19de,202,6,6,40,
1.0,versemap-reference-d9969e023145ab13,samuel-taylor-coleridge,Samuel Taylor Coleridge,samuel-taylor-coleridge-9ef004f1b985d6a7,"Something Childish, but very Natural. Written in Germany","Samuel Taylor Coleridge/Something Childish, but very Natural. Written in Germany.txt",496,c459d01c9d4588c10f2c4c692330ef23b91cac5fd1a0393d46b7c7cec7715ff3,c459d01c9d4588c10f2c4c692330ef23b91cac5fd1a0393d46b7c7cec7715ff3,496,17,15,96,
1.0,versemap-reference-d9969e023145ab13,samuel-taylor-coleridge,Samuel Taylor Coleridge,samuel-taylor-coleridge-8c551be8676ecbf1,"Song. From Zapolya (Act II, Sc. i, ll. 65-80.)","Samuel Taylor Coleridge/Song. From Zapolya (Act II, Sc. i, ll. 65-80.).txt",494,2f0ace05a9cbdf93fb27150c865016903ceb4b935ec6e92642bba99d01e3380c,2f0ace05a9cbdf93fb27150c865016903ceb4b935ec6e92642bba99d01e3380c,494,18,16,85,
1.0,versemap-reference-d9969e023145ab13,samuel-taylor-coleridge,Samuel Taylor Coleridge,samuel-taylor-coleridge-5dbd6563afa33b92,Songs of the Pixies,Samuel Taylor Coleridge/Songs of the Pixies.txt,4322,812d48e745697aadd9f2c6e149e0f40911ead086a9708df2e6897551553b593b,812d48e745697aadd9f2c6e149e0f40911ead086a9708df2e6897551553b593b,4321,135,118,670,
1.0,versemap-reference-d9969e023145ab13,samuel-taylor-coleridge,Samuel Taylor Coleridge,samuel-taylor-coleridge-34ad65b0996442dc,Sonnet [To Charles Lloyd],Samuel Taylor Coleridge/Sonnet [To Charles Lloyd].txt,647,74eea9e14225a258eaa88ded8b39177055562d90e72fa2d1366e8ea5675dd6b5,74eea9e14225a258eaa88ded8b39177055562d90e72fa2d1366e8ea5675dd6b5,644,14,14,103,
1.0,versemap-reference-d9969e023145ab13,samuel-taylor-coleridge,Samuel Taylor Coleridge,samuel-taylor-coleridge-73bd2d4514220dc8,"Sonnet Composed on a Journey Homeward; the Author having received Intelligence of the Birth of a Son, Sept. 20, 1796","Samuel Taylor Coleridge/Sonnet Composed on a Journey Homeward; the Author having received Intelligence of the Birth of a Son, Sept. 20, 1796.txt",660,69b7e22d19d32d4e41707f4fbe9cf39ed3ed9075d51e13e1abc3c95aa39859a1,69b7e22d19d32d4e41707f4fbe9cf39ed3ed9075d51e13e1abc3c95aa39859a1,660,14,14,119,
1.0,versemap-reference-d9969e023145ab13,samuel-taylor-coleridge,Samuel Taylor Coleridge,samuel-taylor-coleridge-43931d4108dc2f3c,Sonnet On quitting School for College,Samuel Taylor Coleridge/Sonnet On quitting School for College.txt,627,fb2e477cdd46ca584a66e28e35f18b759723982bb2a2c086e3aba8000cfe52dd,fb2e477cdd46ca584a66e28e35f18b759723982bb2a2c086e3aba8000cfe52dd,627,14,14,108,
1.0,versemap-reference-d9969e023145ab13,samuel-taylor-coleridge,Samuel Taylor Coleridge,samuel-taylor-coleridge-8a34024e045b4f31,Sonnet To the Autumnal Moon,Samuel Taylor Coleridge/Sonnet To the Autumnal Moon.txt,620,e2ae6c5d525c4b07e4f9e6a6e4cf5ca1f1da1e55df779e5bf5e1c9a20bda4e58,e2ae6c5d525c4b07e4f9e6a6e4cf5ca1f1da1e55df779e5bf5e1c9a20bda4e58,620,15,14,102,
1.0,versemap-reference-d9969e023145ab13,samuel-taylor-coleridge,Samuel Taylor Coleridge,samuel-taylor-coleridge-049f86ee0a892fec,Sonnet. [Translated from Marini.],Samuel Taylor Coleridge/Sonnet. [Translated from Marini.].txt,614,a5154359a854b84e701a5f0a31346736810be7e03cd5a53e0f140718297fc491,a5154359a854b84e701a5f0a31346736810be7e03cd5a53e0f140718297fc491,614,14,14,117,
1.0,versemap-reference-d9969e023145ab13,samuel-taylor-coleridge,Samuel Taylor Coleridge,samuel-taylor-coleridge-09595d363267c4ea,Sonnets attempted in the Manner of Contemporary Writers,Samuel Taylor Coleridge/Sonnets attempted in the Manner of Contemporary Writers.txt,1948,99fb69b3b81baca09a45bac81dfcc29e7362ec3b10cbf668db938f94c511b03c,99fb69b3b81baca09a45bac81dfcc29e7362ec3b10cbf668db938f94c511b03c,1948,52,46,353,
1.0,versemap-reference-d9969e023145ab13,samuel-taylor-coleridge,Samuel Taylor Coleridge,samuel-taylor-coleridge-e2bfc83f77f5cb8d,"Sonnets on Eminent Characters Contributed to the Morning Chronicle, in Dec. 1794 and Jan. 1795-- I. To the Honourable Mr. Erskine","Samuel Taylor Coleridge/Sonnets on Eminent Characters Contributed to the Morning Chronicle, in Dec. 1794 and Jan. 1795-- I. To the Honourable Mr. Erskine.txt",89,b7205399f8637453fbe899794643e22c25dbf6e7186bdcf5ad893270e08cc9f0,b7205399f8637453fbe899794643e22c25dbf6e7186bdcf5ad893270e08cc9f0,89,2,2,13,suspiciously_short
1.0,versemap-reference-d9969e023145ab13,samuel-taylor-coleridge,Samuel Taylor Coleridge,samuel-taylor-coleridge-a19ae7575e9d9056,SPOTS IN THE SUN,Samuel Taylor Coleridge/SPOTS IN THE SUN.txt,425,fca3d68c824668f63bd2bbfe13d99073ea149aa3f43e4b9f3f64a510d456a97c,fca3d68c824668f63bd2bbfe13d99073ea149aa3f43e4b9f3f64a510d456a97c,425,10,10,82,
1.0,versemap-reference-d9969e023145ab13,samuel-taylor-coleridge,Samuel Taylor Coleridge,samuel-taylor-coleridge-740a49cb8fd797d0,Talleyrand to Lord Grenville. A Metrical Epistle,Samuel Taylor Coleridge/Talleyrand to Lord Grenville. A Metrical Epistle.txt,8435,c685bc5598131d10050aac9480bd6fc0cd39ac1ab7879f2ae6721fe3944e5fdf,c685bc5598131d10050aac9480bd6fc0cd39ac1ab7879f2ae6721fe3944e5fdf,8432,168,158,1427,
1.0,versemap-reference-d9969e023145ab13,samuel-taylor-coleridge,Samuel Taylor Coleridge,samuel-taylor-coleridge-8ca12eeba5fc11c7,Tell's Birth-Place,Samuel Taylor Coleridge/Tell's Birth-Place.txt,1046,71330d6ab44c7bae4a6ee8c0660e2de2269660d25b58dd61bc7b88e2c853541d,71330d6ab44c7bae4a6ee8c0660e2de2269660d25b58dd61bc7b88e2c853541d,1045,48,35,192,
1.0,versemap-reference-d9969e023145ab13,samuel-taylor-coleridge,Samuel Taylor Coleridge,samuel-taylor-coleridge-dda0c23167667437,THE ALTERNATIVE,Samuel Taylor Coleridge/THE ALTERNATIVE.txt,126,30697d1ab8bf8d24a4f68cb6fe392a0db7d6ba75658c29409d490f79f05f676b,30697d1ab8bf8d24a4f68cb6fe392a0db7d6ba75658c29409d490f79f05f676b,126,4,4,26,
1.0,versemap-reference-d9969e023145ab13,samuel-taylor-coleridge,Samuel Taylor Coleridge,samuel-taylor-coleridge-88dd45878d1e99e4,The Ballad of the Dark Ladié,Samuel Taylor Coleridge/The Ballad of the Dark Ladié.txt,2166,4801e38e0adc0f28eb9cd23b0d91c658b2768cfa0f1a3def3086474a542fb2bb,4801e38e0adc0f28eb9cd23b0d91c658b2768cfa0f1a3def3086474a542fb2bb,2164,78,62,376,
1.0,versemap-reference-d9969e023145ab13,samuel-taylor-coleridge,Samuel Taylor Coleridge,samuel-taylor-coleridge-4bff35c73daa0aeb,The Blossoming of the Solitary Date-tree,Samuel Taylor Coleridge/The Blossoming of the Solitary Date-tree.txt,4362,2b194f13dbaffa2c48c658dfbd296ec142730ba34473be877ad5dc37280fdd8c,2b194f13dbaffa2c48c658dfbd296ec142730ba34473be877ad5dc37280fdd8c,4361,97,87,767,
1.0,versemap-reference-d9969e023145ab13,samuel-taylor-coleridge,Samuel Taylor Coleridge,samuel-taylor-coleridge-8e17881d849cf7e0,THE BRIDGE STREET COMMITTEE,Samuel Taylor Coleridge/THE BRIDGE STREET COMMITTEE.txt,473,6b20bfe2fe2ac1388eee13fafeafbf98ad315a5ea0db433b22216902b0d587c2,6b20bfe2fe2ac1388eee13fafeafbf98ad315a5ea0db433b22216902b0d587c2,473,21,20,81,
1.0,versemap-reference-d9969e023145ab13,samuel-taylor-coleridge,Samuel Taylor Coleridge,samuel-taylor-coleridge-38c2e3482a4db4fc,The British Stripling's War-Song,Samuel Taylor Coleridge/The British Stripling's War-Song.txt,1437,a3921f91948125436b7564bb7cd051eb1f328d0a14e263f54392602f9cec197a,a3921f91948125436b7564bb7cd051eb1f328d0a14e263f54392602f9cec197a,1437,34,28,265,
1.0,versemap-reference-d9969e023145ab13,samuel-taylor-coleridge,Samuel Taylor Coleridge,samuel-taylor-coleridge-31fc0c10588fdbf8,The Complaint of Ninathóma,Samuel Taylor Coleridge/The Complaint of Ninathóma.txt,621,e8309e60099144ef3a341f34a3cc5c7e08cd51ffe6c3cd3bc39ade973a5feaf8,e8309e60099144ef3a341f34a3cc5c7e08cd51ffe6c3cd3bc39ade973a5feaf8,618,16,16,107,
1.0,versemap-reference-d9969e023145ab13,samuel-taylor-coleridge,Samuel Taylor Coleridge,samuel-taylor-coleridge-dcb6a426a4a59dd2,THE COMPLIMENT QUALIFIED,Samuel Taylor Coleridge/THE COMPLIMENT QUALIFIED.txt,159,4d9bb067f0c2c8f65bccbc2a7b744c8bf5c86d38ee5a16af431df5aa37309e33,4d9bb067f0c2c8f65bccbc2a7b744c8bf5c86d38ee5a16af431df5aa37309e33,159,4,4,33,
1.0,versemap-reference-d9969e023145ab13,samuel-taylor-coleridge,Samuel Taylor Coleridge,samuel-taylor-coleridge-4260a4062012273f,The Death of the Starling,Samuel Taylor Coleridge/The Death of the Starling.txt,369,71ed45d20294fd8388d7885d23e1d46f586554f0ab22415e0529dea8d7556750,71ed45d20294fd8388d7885d23e1d46f586554f0ab22415e0529dea8d7556750,369,12,11,61,
1.0,versemap-reference-d9969e023145ab13,samuel-taylor-coleridge,Samuel Taylor Coleridge,samuel-taylor-coleridge-c075cdea940e9189,The Death of Wallenstein,Samuel Taylor Coleridge/The Death of Wallenstein.txt,1987,bcd1bf9e342f0cc9cc6db04a56d5d38a0d9ceba96b5120eff12fcd6fad3b009d,bcd1bf9e342f0cc9cc6db04a56d5d38a0d9ceba96b5120eff12fcd6fad3b009d,1987,64,48,265,
1.0,versemap-reference-d9969e023145ab13,samuel-taylor-coleridge,Samuel Taylor Coleridge,samuel-taylor-coleridge-d2ce22696dd7fce4,The Delinquent Travellers,Samuel Taylor Coleridge/The Delinquent Travellers.txt,283,e36541ea183ec48288ddd67874f0e13173270dea1e4c2b0cd69f790b1fabc808,e36541ea183ec48288ddd67874f0e13173270dea1e4c2b0cd69f790b1fabc808,283,6,6,47,
1.0,versemap-reference-d9969e023145ab13,samuel-taylor-coleridge,Samuel Taylor Coleridge,samuel-taylor-coleridge-d88aa95d2fc94d4b,The Destiny of Nations. A Vision,Samuel Taylor Coleridge/The Destiny of Nations. A Vision.txt,21030,4090bb8ea7ad4a15536a610193176b5c8f5fdc4db32fb3598629961b14308174,4090bb8ea7ad4a15536a610193176b5c8f5fdc4db32fb3598629961b14308174,21020,506,480,3468,
1.0,versemap-reference-d9969e023145ab13,samuel-taylor-coleridge,Samuel Taylor Coleridge,samuel-taylor-coleridge-dec09533324d1989,The Devil's Thoughts,Samuel Taylor Coleridge/The Devil's Thoughts.txt,2552,6e7f9a5c5fe2e3ec8684642fcd8e97a15073f46530e9b328ac6ae635ee97798c,6e7f9a5c5fe2e3ec8684642fcd8e97a15073f46530e9b328ac6ae635ee97798c,2551,120,87,477,
1.0,versemap-reference-d9969e023145ab13,samuel-taylor-coleridge,Samuel Taylor Coleridge,samuel-taylor-coleridge-e1978c47791fe72a,The Dungeon,Samuel Taylor Coleridge/The Dungeon.txt,1409,41bef6861ce947a96563ea54c8fedaf940e3b51aa21e853a83a20602298d9e5c,41bef6861ce947a96563ea54c8fedaf940e3b51aa21e853a83a20602298d9e5c,1409,34,32,236,
1.0,versemap-reference-d9969e023145ab13,samuel-taylor-coleridge,Samuel Taylor Coleridge,samuel-taylor-coleridge-cee9f6979fc4249f,"The Eolian Harp. Composed at Clevedon, Somersetshire","Samuel Taylor Coleridge/The Eolian Harp. Composed at Clevedon, Somersetshire.txt",2797,c1a949c09db2d8b7b4c24efe842b57fd8c69927f04644c871d1f3fcfb388a784,c1a949c09db2d8b7b4c24efe842b57fd8c69927f04644c871d1f3fcfb388a784,2795,69,65,473,
1.0,versemap-reference-d9969e023145ab13,samuel-taylor-coleridge,Samuel Taylor Coleridge,samuel-taylor-coleridge-22152898bc438237,The Exchange,Samuel Taylor Coleridge/The Exchange.txt,291,b3415eb1dc7d64c8128098ddeaa7fac118b33e9612b2d9d27063689213ef1508,b3415eb1dc7d64c8128098ddeaa7fac118b33e9612b2d9d27063689213ef1508,291,9,8,57,
1.0,versemap-reference-d9969e023145ab13,samuel-taylor-coleridge,Samuel Taylor Coleridge,samuel-taylor-coleridge-bf13d6a4ab92c4ac,The Faded Flower,Samuel Taylor Coleridge/The Faded Flower.txt,631,7b76511a50a1afb6dcaf49c84733cf055dbb2f63729c5db9f8abee100ce57f4c,7b76511a50a1afb6dcaf49c84733cf055dbb2f63729c5db9f8abee100ce57f4c,631,14,14,110,
1.0,versemap-reference-d9969e023145ab13,samuel-taylor-coleridge,Samuel Taylor Coleridge,samuel-taylor-coleridge-1ce1d5f139cf15e6,The Fall of Robespierre,Samuel Taylor Coleridge/The Fall of Robespierre.txt,14290,0a532002da29ce64846bf2a79219e5eeb85be88717cea2cc50dfab49547e6ab3,0a532002da29ce64846bf2a79219e5eeb85be88717cea2cc50dfab49547e6ab3,14289,365,299,2180,
1.0,versemap-reference-d9969e023145ab13,samuel-taylor-coleridge,Samuel Taylor Coleridge,samuel-taylor-coleridge-755a81335d24c4c8,THE FAREWELL EPIGRAM,Samuel Taylor Coleridge/THE FAREWELL EPIGRAM.txt,445,3e093cc28e994354960222785120fc5f9fa778cc4ce53ee1dff81f4639f6306c,3e093cc28e994354960222785120fc5f9fa778cc4ce53ee1dff81f4639f6306c,445,10,9,70,
1.0,versemap-reference-d9969e023145ab13,samuel-taylor-coleridge,Samuel Taylor Coleridge,samuel-taylor-coleridge-fbc8745378790e2b,The Foster-mother's Tale,Samuel Taylor Coleridge/The Foster-mother's Tale.txt,3829,b93ffccaf0ba5aecc9053d97d8c5ee8cf57f8ef53eba70807d56c7e52f6df687,b93ffccaf0ba5aecc9053d97d8c5ee8cf57f8ef53eba70807d56c7e52f6df687,3828,95,86,707,
1.0,versemap-reference-d9969e023145ab13,samuel-taylor-coleridge,Samuel Taylor Coleridge,samuel-taylor-coleridge-40c4438978ef422c,The Garden of Boccaccio,Samuel Taylor Coleridge/The Garden of Boccaccio.txt,4799,ceff35223eef1627e3b5ffcce934a344958cadccac9c440a6f320914a01cd1c4,ceff35223eef1627e3b5ffcce934a344958cadccac9c440a6f320914a01cd1c4,4798,112,109,863,
1.0,versemap-reference-d9969e023145ab13,samuel-taylor-coleridge,Samuel Taylor Coleridge,samuel-taylor-coleridge-947d36d53391f541,The Gentle Look,Samuel Taylor Coleridge/The Gentle Look.txt,633,b979b2f70d307b0fc22410eec4fc53ddb8096f6f5f16411d9e1475e85ab690ff,b979b2f70d307b0fc22410eec4fc53ddb8096f6f5f16411d9e1475e85ab690ff,633,14,14,111,
1.0,versemap-reference-d9969e023145ab13,samuel-taylor-coleridge,Samuel Taylor Coleridge,samuel-taylor-coleridge-29ae41b4a2885847,"The Good, Great Man","Samuel Taylor Coleridge/The Good, Great Man.txt",732,4369aed3510cef0a4ca11eaa4264e2b3d8bdf1ee45699218c07f0833dab0eaff,4369aed3510cef0a4ca11eaa4264e2b3d8bdf1ee45699218c07f0833dab0eaff,732,18,16,125,
1.0,versemap-reference-d9969e023145ab13,samuel-taylor-coleridge,Samuel Taylor Coleridge,samuel-taylor-coleridge-e90ad16b62a76346,The Happy Husband. A Fragment,Samuel Taylor Coleridge/The Happy Husband. A Fragment.txt,848,48f7c8c30676894f184b18d4aeb782110643bfdce103b57ac3c31bc59e6ce2e1,48f7c8c30676894f184b18d4aeb782110643bfdce103b57ac3c31bc59e6ce2e1,848,27,24,146,
1.0,versemap-reference-d9969e023145ab13,samuel-taylor-coleridge,Samuel Taylor Coleridge,samuel-taylor-coleridge-c7b66507e8e5d3e6,The Hour when we shall meet again. (Composed during Illness and in Absence.),Samuel Taylor Coleridge/The Hour when we shall meet again. (Composed during Illness and in Absence.).txt,805,a6bb99fc67da2a0d4a737e8a3a9d5cf1caa5551588290c84238154ce3148d31f,a6bb99fc67da2a0d4a737e8a3a9d5cf1caa5551588290c84238154ce3148d31f,805,18,18,142,
1.0,versemap-reference-d9969e023145ab13,samuel-taylor-coleridge,Samuel Taylor Coleridge,samuel-taylor-coleridge-30c0f9475576875e,The Kiss,Samuel Taylor Coleridge/The Kiss.txt,961,9b85480efce67257894cc437f69709233fd714d031c3bf7947f5af55c86bca3f,9b85480efce67257894cc437f69709233fd714d031c3bf7947f5af55c86bca3f,961,30,28,167,
1.0,versemap-reference-d9969e023145ab13,samuel-taylor-coleridge,Samuel Taylor Coleridge,samuel-taylor-coleridge-cdaa21445556f126,The Knight's Tomb,Samuel Taylor Coleridge/The Knight's Tomb.txt,456,bf279a4adc1257e27a88ea6a696231248054dd2ed5275337e5273c3d69685b81,bf279a4adc1257e27a88ea6a696231248054dd2ed5275337e5273c3d69685b81,456,11,11,91,
1.0,versemap-reference-d9969e023145ab13,samuel-taylor-coleridge,Samuel Taylor Coleridge,samuel-taylor-coleridge-ecf22494e0e4db76,The Madman and the Lethargist,Samuel Taylor Coleridge/The Madman and the Lethargist.txt,2017,405789cee7762e7a06bb26532fbfa7ecbfc86fc64218ceb88d8cd5784b63d02c,405789cee7762e7a06bb26532fbfa7ecbfc86fc64218ceb88d8cd5784b63d02c,2017,62,55,335,
1.0,versemap-reference-d9969e023145ab13,samuel-taylor-coleridge,Samuel Taylor Coleridge,samuel-taylor-coleridge-03a18f32000f967c,THE MOON IS MASCULINE,Samuel Taylor Coleridge/THE MOON IS MASCULINE.txt,983,6dea1aafb076e5cd4c97af73542290c898ae63165c77134bd5adda66fc6f2524,6dea1aafb076e5cd4c97af73542290c898ae63165c77134bd5adda66fc6f2524,980,24,22,178,
1.0,versemap-reference-d9969e023145ab13,samuel-taylor-coleridge,Samuel Taylor Coleridge,samuel-taylor-coleridge-978b6bd1406f60c0,THE NETHERLANDS,Samuel Taylor Coleridge/THE NETHERLANDS.txt,285,5891ec47f377ed84bbb514cf2d7eddec9a9a1bb9f9b33293b72e5387822715e0,5891ec47f377ed84bbb514cf2d7eddec9a9a1bb9f9b33293b72e5387822715e0,285,7,7,43,
1.0,versemap-reference-d9969e023145ab13,samuel-taylor-coleridge,Samuel Taylor Coleridge,samuel-taylor-coleridge-471b14b2be1305b1,THE NIGHT-MARE DEATH IN LIFE,Samuel Taylor Coleridge/THE NIGHT-MARE DEATH IN LIFE.txt,415,225721f97a8d51bd916b365ab1e00ffeae3d776d34999c967c8d7bd2d1bd1fa4,225721f97a8d51bd916b365ab1e00ffeae3d776d34999c967c8d7bd2d1bd1fa4,415,13,10,74,
1.0,versemap-reference-d9969e023145ab13,samuel-taylor-coleridge,Samuel Taylor Coleridge,samuel-taylor-coleridge-f68480017b6ed486,The Night-scene,Samuel Taylor Coleridge/The Night-scene.txt,4054,05757a0aafce43cb395aa06e282baf1c0ef8c20c3cac9e3290356bfc2593643a,05757a0aafce43cb395aa06e282baf1c0ef8c20c3cac9e3290356bfc2593643a,4054,105,92,686,
1.0,versemap-reference-d9969e023145ab13,samuel-taylor-coleridge,Samuel Taylor Coleridge,samuel-taylor-coleridge-05047ad1edb6f21f,The Nightingale. A Conversation Poem,Samuel Taylor Coleridge/The Nightingale. A Conversation Poem.txt,4795,16218278150a95322945eebe721a03d94505ddb902644fa948b26fa2f8f11499,16218278150a95322945eebe721a03d94505ddb902644fa948b26fa2f8f11499,4795,116,112,836,
1.0,versemap-reference-d9969e023145ab13,samuel-taylor-coleridge,Samuel Taylor Coleridge,samuel-taylor-coleridge-f8e34b37b944dd11,The Nose,Samuel Taylor Coleridge/The Nose.txt,1689,e35da482d424b833dc448560c747bf78f385595d5a4122adedc3e157dcf58641,e35da482d424b833dc448560c747bf78f385595d5a4122adedc3e157dcf58641,1689,43,40,295,
1.0,versemap-reference-d9969e023145ab13,samuel-taylor-coleridge,Samuel Taylor Coleridge,samuel-taylor-coleridge-0a0e26352f78f803,The Old Man of the Alps,Samuel Taylor Coleridge/The Old Man of the Alps.txt,6119,e6714aabc5ff383b7f468e11c0ed546a93c85793e6f6f0d841f37c0c707ddd04,e6714aabc5ff383b7f468e11c0ed546a93c85793e6f6f0d841f37c0c707ddd04,6118,142,139,1109,
1.0,versemap-reference-d9969e023145ab13,samuel-taylor-coleridge,Samuel Taylor Coleridge,samuel-taylor-coleridge-1c4238ba962e448c,The Outcast,Samuel Taylor Coleridge/The Outcast.txt,611,8487273da1e3f22112163bf1d9b6fcde4fea44ed52f61247966fae1bbfdc6737,8487273da1e3f22112163bf1d9b6fcde4fea44ed52f61247966fae1bbfdc6737,611,14,14,107,
1.0,versemap-reference-d9969e023145ab13,samuel-taylor-coleridge,Samuel Taylor Coleridge,samuel-taylor-coleridge-8e8d8367179bee7e,The Ovidian Elegiac Metre described and exemplified,Samuel Taylor Coleridge/The Ovidian Elegiac Metre described and exemplified.txt,785,ebe0c44e10779f5122632f7ecee7b8c6d855ea9d20c8983100ab2f0bc5e0522a,ebe0c44e10779f5122632f7ecee7b8c6d855ea9d20c8983100ab2f0bc5e0522a,785,27,25,135,
1.0,versemap-reference-d9969e023145ab13,samuel-taylor-coleridge,Samuel Taylor Coleridge,samuel-taylor-coleridge-17240b7f421152e1,The Pains of Sleep,Samuel Taylor Coleridge/The Pains of Sleep.txt,1791,40f3235e039f404b3642bc0005159109ee015608e50e08b1afcb90e7e3e24bf1,40f3235e039f404b3642bc0005159109ee015608e50e08b1afcb90e7e3e24bf1,1791,54,52,316,
1.0,versemap-reference-d9969e023145ab13,samuel-taylor-coleridge,Samuel Taylor Coleridge,samuel-taylor-coleridge-92c7712346c58888,The Pang more Sharp than All. An Allegory,Samuel Taylor Coleridge/The Pang more Sharp than All. An Allegory.txt,2561,29d42bba7679ecb221f194531ad0db0699c146708cfbbfafd7a6eaf24d04efa5,29d42bba7679ecb221f194531ad0db0699c146708cfbbfafd7a6eaf24d04efa5,2560,72,63,467,
1.0,versemap-reference-d9969e023145ab13,samuel-taylor-coleridge,Samuel Taylor Coleridge,samuel-taylor-coleridge-d6dc12b05495285d,The Piccolomini,Samuel Taylor Coleridge/The Piccolomini.txt,5018,912a69ae88576ee56f8bc8444f495655e9dddcb790d12c9e092ea82ebb5d0bd9,912a69ae88576ee56f8bc8444f495655e9dddcb790d12c9e092ea82ebb5d0bd9,5018,142,110,797,
1.0,versemap-reference-d9969e023145ab13,samuel-taylor-coleridge,Samuel Taylor Coleridge,samuel-taylor-coleridge-7c16fc37247ab789,"The Picture, or the Lover's Resolution","Samuel Taylor Coleridge/The Picture, or the Lover's Resolution.txt",8165,e664ca626b25b1e367fb56ab2996425dae9063ca94bb7cb64d25dd3a57486ea8,e664ca626b25b1e367fb56ab2996425dae9063ca94bb7cb64d25dd3a57486ea8,8164,192,187,1415,
1.0,versemap-reference-d9969e023145ab13,samuel-taylor-coleridge,Samuel Taylor Coleridge,samuel-taylor-coleridge-641a98e224bd779f,THE PROPER UNMODIFIED DOCHMIUS,Samuel Taylor Coleridge/THE PROPER UNMODIFIED DOCHMIUS.txt,152,db71c726963fd32395abc410f899dcde607a26cf82b7c8b8b0f56c2dc6b1efd0,db71c726963fd32395abc410f899dcde607a26cf82b7c8b8b0f56c2dc6b1efd0,137,6,4,22,
1.0,versemap-reference-d9969e023145ab13,samuel-taylor-coleridge,Samuel Taylor Coleridge,samuel-taylor-coleridge-70b191903ddc7db2,The Rash Conjurer,Samuel Taylor Coleridge/The Rash Conjurer.txt,2310,5281a3b385e7a5c322608b584713ed6994bfb7c085a0c1d254773705f01f4ff3,5281a3b385e7a5c322608b584713ed6994bfb7c085a0c1d254773705f01f4ff3,2306,67,64,348,
1.0,versemap-reference-d9969e023145ab13,samuel-taylor-coleridge,Samuel Taylor Coleridge,samuel-taylor-coleridge-d9f54e9ce112e7f5,The Raven,Samuel Taylor Coleridge/The Raven.txt,1999,5fbc081470c314b76adf95d3e3185b25c77a9b2278f46841da04280109334741,5fbc081470c314b76adf95d3e3185b25c77a9b2278f46841da04280109334741,1999,46,44,386,
1.0,versemap-reference-d9969e023145ab13,samuel-taylor-coleridge,Samuel Taylor Coleridge,samuel-taylor-coleridge-d904e42c1a853b9f,The Reproof and Reply,Samuel Taylor Coleridge/The Reproof and Reply.txt,2857,b35b27a917af46fabfbac4457697903897574ef4ebd33002f75ee8dfdb325003,b35b27a917af46fabfbac4457697903897574ef4ebd33002f75ee8dfdb325003,2856,68,64,499,
1.0,versemap-reference-d9969e023145ab13,samuel-taylor-coleridge,Samuel Taylor Coleridge,samuel-taylor-coleridge-48eede7d707223a0,The Rime of the Ancient Mariner,Samuel Taylor Coleridge/The Rime of the Ancient Mariner.txt,27002,bffc8c3ce690153ee31d84c95094ea29d5c6597161983728e5f46291454d4019,bffc8c3ce690153ee31d84c95094ea29d5c6597161983728e5f46291454d4019,26994,976,760,4915,suspiciously_long
1.0,versemap-reference-d9969e023145ab13,samuel-taylor-coleridge,Samuel Taylor Coleridge,samuel-taylor-coleridge-a67c0c6742288c7d,The Rose,Samuel Taylor Coleridge/The Rose.txt,753,c4add236ef6ec871707a64b78a2ed6e1cfc109fa4505d1ba26163f64ff7e9739,c4add236ef6ec871707a64b78a2ed6e1cfc109fa4505d1ba26163f64ff7e9739,753,29,24,130,
1.0,versemap-reference-d9969e023145ab13,samuel-taylor-coleridge,Samuel Taylor Coleridge,samuel-taylor-coleridge-f51f877d2b5b75da,The Second Birth,Samuel Taylor Coleridge/The Second Birth.txt,219,9a96c6d68dafb01c199c74d1de752b3d6ce748a73a3f2900def8be661beb5884,9a96c6d68dafb01c199c74d1de752b3d6ce748a73a3f2900def8be661beb5884,219,7,6,42,
1.0,versemap-reference-d9969e023145ab13,samuel-taylor-coleridge,Samuel Taylor Coleridge,samuel-taylor-coleridge-c2d83cb11794a256,"The Silver Thimble. The Production of a Young Lady, addressed to the Author of the Poems alluded to in the preceding Epistle","Samuel Taylor Coleridge/The Silver Thimble. The Production of a Young Lady, addressed to the Author of the Poems alluded to in the preceding Epistle.txt",2929,5ba0b7d5ee1158d236a96755f9cb7776792238b7ca9dc8012b3adb031e732b65,5ba0b7d5ee1158d236a96755f9cb7776792238b7ca9dc8012b3adb031e732b65,2929,71,68,486,
1.0,versemap-reference-d9969e023145ab13,samuel-taylor-coleridge,Samuel Taylor Coleridge,samuel-taylor-coleridge-bf0ee4cb63dfec1d,The Snow-drop,Samuel Taylor Coleridge/The Snow-drop.txt,2254,95a641dc64258b3ac60018c069bb26ca13f8efab68019a83bee459deb39d8df7,95a641dc64258b3ac60018c069bb26ca13f8efab68019a83bee459deb39d8df7,2252,75,66,367,
1.0,versemap-reference-d9969e023145ab13,samuel-taylor-coleridge,Samuel Taylor Coleridge,samuel-taylor-coleridge-1fee8a11b8254323,The Suicide's Argument,Samuel Taylor Coleridge/The Suicide's Argument.txt,516,1d68807077fe567ad195e82c8c726d897af96e46aa84e51324117a5dbd2ffcfb,1d68807077fe567ad195e82c8c726d897af96e46aa84e51324117a5dbd2ffcfb,516,14,12,103,
1.0,versemap-reference-d9969e023145ab13,samuel-taylor-coleridge,Samuel Taylor Coleridge,samuel-taylor-coleridge-0740de3fc7540c07,THE TASTE OF THE TIMES,Samuel Taylor Coleridge/THE TASTE OF THE TIMES.txt,335,70bcd995be59bc946e764045bd9a06ccf6623001e1a25d0673f86b026475c5c1,70bcd995be59bc946e764045bd9a06ccf6623001e1a25d0673f86b026475c5c1,335,8,8,65,
1.0,versemap-reference-d9969e023145ab13,samuel-taylor-coleridge,Samuel Taylor Coleridge,samuel-taylor-coleridge-8dd0eef62327e77d,The Tears of a Grateful People,Samuel Taylor Coleridge/The Tears of a Grateful People.txt,4044,837e544b8112419f2d83262001c55fba2a0e0f3621103159ac88975ff03e3879,837e544b8112419f2d83262001c55fba2a0e0f3621103159ac88975ff03e3879,4044,133,109,684,
1.0,versemap-reference-d9969e023145ab13,samuel-taylor-coleridge,Samuel Taylor Coleridge,samuel-taylor-coleridge-bae2b276062ee06c,The Three Graves,Samuel Taylor Coleridge/The Three Graves.txt,22927,dc94071751222f63aa0d94750b05dda1fc73274ab71260865aba2955b29f953a,dc94071751222f63aa0d94750b05dda1fc73274ab71260865aba2955b29f953a,22923,772,629,4113,suspiciously_long
1.0,versemap-reference-d9969e023145ab13,samuel-taylor-coleridge,Samuel Taylor Coleridge,samuel-taylor-coleridge-106eb1492eccab91,THE THREE SORTS OF FRIENDS,Samuel Taylor Coleridge/THE THREE SORTS OF FRIENDS.txt,1272,1da71e99537078b2706b5c3a4a6052a29d1c8ab0e0ea913a70e7ff7f25963a10,1da71e99537078b2706b5c3a4a6052a29d1c8ab0e0ea913a70e7ff7f25963a10,1271,30,25,198,
1.0,versemap-reference-d9969e023145ab13,samuel-taylor-coleridge,Samuel Taylor Coleridge,samuel-taylor-coleridge-58330341e7df8425,The Two Founts,Samuel Taylor Coleridge/The Two Founts.txt,2164,d76d28724e97ffd989e8be2233476347c131dbae86da96ec16b1fb76d23c8333,d76d28724e97ffd989e8be2233476347c131dbae86da96ec16b1fb76d23c8333,2163,59,48,391,
1.0,versemap-reference-d9969e023145ab13,samuel-taylor-coleridge,Samuel Taylor Coleridge,samuel-taylor-coleridge-f97b86ca75f57e59,The Two Round Spaces on the Tombstone,Samuel Taylor Coleridge/The Two Round Spaces on the Tombstone.txt,1605,cc04b4ac23eb1ea2b103aed6623f1536f9ee3b5486a9a2ecd5ee34ce85ed70fd,cc04b4ac23eb1ea2b103aed6623f1536f9ee3b5486a9a2ecd5ee34ce85ed70fd,1605,41,39,291,
1.0,versemap-reference-d9969e023145ab13,samuel-taylor-coleridge,Samuel Taylor Coleridge,samuel-taylor-coleridge-5ea3d38d6b93365b,The Visionary Hope,Samuel Taylor Coleridge/The Visionary Hope.txt,1322,eedbae39674ba04c3141335941b87bebffc660d870f1db3a4fd27a0c6dcd9c1d,eedbae39674ba04c3141335941b87bebffc660d870f1db3a4fd27a0c6dcd9c1d,1322,29,28,230,
1.0,versemap-reference-d9969e023145ab13,samuel-taylor-coleridge,Samuel Taylor Coleridge,samuel-taylor-coleridge-e99dd37313d8d148,The Visit of the Gods,Samuel Taylor Coleridge/The Visit of the Gods.txt,1118,c5564d7a334380b78e3b3dd5641813f056120a31474b5664d5cc7655425c40df,c5564d7a334380b78e3b3dd5641813f056120a31474b5664d5cc7655425c40df,1118,29,27,158,
1.0,versemap-reference-d9969e023145ab13,samuel-taylor-coleridge,Samuel Taylor Coleridge,samuel-taylor-coleridge-a10e2614d9bf8ad2,The Wanderings of Cain,Samuel Taylor Coleridge/The Wanderings of Cain.txt,11631,a35cf924d53d57e7623a747187e1c767e2b87be6d3ee491ab406bda52a0366d9,a35cf924d53d57e7623a747187e1c767e2b87be6d3ee491ab406bda52a0366d9,11631,221,208,2190,
1.0,versemap-reference-d9969e023145ab13,samuel-taylor-coleridge,Samuel Taylor Coleridge,samuel-taylor-coleridge-86f1690f400cc559,This Lime-tree Bower my Prison,Samuel Taylor Coleridge/This Lime-tree Bower my Prison.txt,3434,61f8bdc4bafa002394f8cf05f54b1ddf0aaa3e07691761999a478e1520406260,61f8bdc4bafa002394f8cf05f54b1ddf0aaa3e07691761999a478e1520406260,3434,80,78,598,
1.0,versemap-reference-d9969e023145ab13,samuel-taylor-coleridge,Samuel Taylor Coleridge,samuel-taylor-coleridge-f327ad80c3eb71c2,"Time, Real and Imaginary","Samuel Taylor Coleridge/Time, Real and Imaginary.txt",101,7d7bd590126493c20d8d41cad24d80b7fff4aa671af8669ddee2d7f70cc84756,7d7bd590126493c20d8d41cad24d80b7fff4aa671af8669ddee2d7f70cc84756,101,2,2,16,suspiciously_short
1.0,versemap-reference-d9969e023145ab13,samuel-taylor-coleridge,Samuel Taylor Coleridge,samuel-taylor-coleridge-c5ed162c24366729,TO A CERTAIN MODERN NARCISSUS,Samuel Taylor Coleridge/TO A CERTAIN MODERN NARCISSUS.txt,87,94cc61571204a75dd2c0fb5243427e3d7dff4fe3757a2e3ccf0ef79a4b5f2862,94cc61571204a75dd2c0fb5243427e3d7dff4fe3757a2e3ccf0ef79a4b5f2862,87,2,2,16,suspiciously_short
1.0,versemap-reference-d9969e023145ab13,samuel-taylor-coleridge,Samuel Taylor Coleridge,samuel-taylor-coleridge-462524f893bc9243,TO A CHILD,Samuel Taylor Coleridge/TO A CHILD.txt,209,eb4996b05744e01739377e383007eac041036e78370f0461e7dd4d6de5357a4e,eb4996b05744e01739377e383007eac041036e78370f0461e7dd4d6de5357a4e,209,7,7,39,
1.0,versemap-reference-d9969e023145ab13,samuel-taylor-coleridge,Samuel Taylor Coleridge,samuel-taylor-coleridge-0a2d5c6598870247,To a Friend [Charles Lamb] together with an Unfinished Poem,Samuel Taylor Coleridge/To a Friend [Charles Lamb] together with an Unfinished Poem.txt,1394,0bff91df70873293e0425ca839fde177a3683572e6cfeec3c8d17ae5c8ce89cb,0bff91df70873293e0425ca839fde177a3683572e6cfeec3c8d17ae5c8ce89cb,1394,32,32,243,
1.0,versemap-reference-d9969e023145ab13,samuel-taylor-coleridge,Samuel Taylor Coleridge,samuel-taylor-coleridge-e2ba7ba1b6c7d6fb,To a Friend [Charles Lamb] who had declared his intention of writing no more Poetry,Samuel Taylor Coleridge/To a Friend [Charles Lamb] who had declared his intention of writing no more Poetry.txt,1634,3c50eaaafa213b88d12bc6afb31f82f2467bd4d2896233deabf560b4864b0bea,3c50eaaafa213b88d12bc6afb31f82f2467bd4d2896233deabf560b4864b0bea,1631,39,38,272,
1.0,versemap-reference-d9969e023145ab13,samuel-taylor-coleridge,Samuel Taylor Coleridge,samuel-taylor-coleridge-ef874d0b8710c154,To a Lady offended by a Sportive Observation that Women have no Souls,Samuel Taylor Coleridge/To a Lady offended by a Sportive Observation that Women have no Souls.txt,153,f431e1bd2cbdacbd373ff92e661a5099dd75b36905e3ee081e3b0404924b6497,f431e1bd2cbdacbd373ff92e661a5099dd75b36905e3ee081e3b0404924b6497,153,4,4,31,
1.0,versemap-reference-d9969e023145ab13,samuel-taylor-coleridge,Samuel Taylor Coleridge,samuel-taylor-coleridge-9ec7ac36251cfd65,"To a Lady, with Falconer's Shipwreck","Samuel Taylor Coleridge/To a Lady, with Falconer's Shipwreck.txt",1307,275bd1993ad46dd0258ec1bcb1353a3208fc9e6ba3ed66e9ae56183a6f6c0c5d,275bd1993ad46dd0258ec1bcb1353a3208fc9e6ba3ed66e9ae56183a6f6c0c5d,1306,34,28,223,
1.0,versemap-reference-d9969e023145ab13,samuel-taylor-coleridge,Samuel Taylor Coleridge,samuel-taylor-coleridge-22570a6f183174a9,TO A PROUD PARENT,Samuel Taylor Coleridge/TO A PROUD PARENT.txt,190,c641accc9377be5ed1fafbab009b19e92a1e58b9043ddb91b1f247f12e9033be,c641accc9377be5ed1fafbab009b19e92a1e58b9043ddb91b1f247f12e9033be,190,4,4,34,
1.0,versemap-reference-d9969e023145ab13,samuel-taylor-coleridge,Samuel Taylor Coleridge,samuel-taylor-coleridge-1854c649e6f41877,TO A VAIN YOUNG LADY,Samuel Taylor Coleridge/TO A VAIN YOUNG LADY.txt,389,b2da1f7cd38104a05027283a170eaeeca50c99190c6c9c004fb556860d4d67b9,b2da1f7cd38104a05027283a170eaeeca50c99190c6c9c004fb556860d4d67b9,389,10,10,64,
1.0,versemap-reference-d9969e023145ab13,samuel-taylor-coleridge,Samuel Taylor Coleridge,samuel-taylor-coleridge-612e2f0a32a6cff0,To a Young Friend on his proposing to domesticate with the Author. Composed in 1796,Samuel Taylor Coleridge/To a Young Friend on his proposing to domesticate with the Author. Composed in 1796.txt,3475,b5e3c479c21049e960300f57a2106ce9df874822da16d47bf3f4b69b086f0d69,b5e3c479c21049e960300f57a2106ce9df874822da16d47bf3f4b69b086f0d69,3475,78,76,562,
1.0,versemap-reference-d9969e023145ab13,samuel-taylor-coleridge,Samuel Taylor Coleridge,samuel-taylor-coleridge-4a2aae8d163484ae,To a Young Lady on her Recovery from a Fever,Samuel Taylor Coleridge/To a Young Lady on her Recovery from a Fever.txt,661,9fb0737e5e900c31b6c86957252db8a1408b7e1b1eea01c81fc5f648971c0a28,9fb0737e5e900c31b6c86957252db8a1408b7e1b1eea01c81fc5f648971c0a28,661,23,20,121,
1.0,versemap-reference-d9969e023145ab13,samuel-taylor-coleridge,Samuel Taylor Coleridge,samuel-taylor-coleridge-a45dd9dda93b85eb,To a Young Lady with a Poem on the French Revolution,Samuel Taylor Coleridge/To a Young Lady with a Poem on the French Revolution.txt,1974,622f732594e741515485805a75258563e2233e02de5fd083a38fce455f2fcc7b,622f732594e741515485805a75258563e2233e02de5fd083a38fce455f2fcc7b,1974,46,44,341,
1.0,versemap-reference-d9969e023145ab13,samuel-taylor-coleridge,Samuel Taylor Coleridge,samuel-taylor-coleridge-0bcfde368c0905a2,To an Infant,Samuel Taylor Coleridge/To an Infant.txt,1144,360ea992d142844966a43fb69ebc94cc4735d28f3277af24af99ff8ac2f811cc,360ea992d142844966a43fb69ebc94cc4735d28f3277af24af99ff8ac2f811cc,1144,27,26,205,
1.0,versemap-reference-d9969e023145ab13,samuel-taylor-coleridge,Samuel Taylor Coleridge,samuel-taylor-coleridge-a43d36963ddd9dc5,To an Unfortunate Woman at the Theatre,Samuel Taylor Coleridge/To an Unfortunate Woman at the Theatre.txt,1054,5dc0567994bd029bf3917caf2859f5ba50d4beec6094980aca80aa0de7f4744f,5dc0567994bd029bf3917caf2859f5ba50d4beec6094980aca80aa0de7f4744f,1054,39,32,174,
1.0,versemap-reference-d9969e023145ab13,samuel-taylor-coleridge,Samuel Taylor Coleridge,samuel-taylor-coleridge-1edec2aa017f6572,To an Unfortunate Woman whom the Author had known in the days of her Innocence,Samuel Taylor Coleridge/To an Unfortunate Woman whom the Author had known in the days of her Innocence.txt,527,936116850a9578d3bdbeafc417a5102baa5b1fd1f1f979d618e6f029b405a2f3,936116850a9578d3bdbeafc417a5102baa5b1fd1f1f979d618e6f029b405a2f3,527,19,16,87,
1.0,versemap-reference-d9969e023145ab13,samuel-taylor-coleridge,Samuel Taylor Coleridge,samuel-taylor-coleridge-d3e688ff03a985f7,To Asra,Samuel Taylor Coleridge/To Asra.txt,610,872bec33ad50064c1fa64097949627f36f7131467acf4ddf79c82b7d6c75e1e9,872bec33ad50064c1fa64097949627f36f7131467acf4ddf79c82b7d6c75e1e9,610,14,14,112,
1.0,versemap-reference-d9969e023145ab13,samuel-taylor-coleridge,Samuel Taylor Coleridge,samuel-taylor-coleridge-307d47a60414ef15,TO BABY BATES,Samuel Taylor Coleridge/TO BABY BATES.txt,453,ae4cc6dbbb526195e239a27e861d36ea5f6738af630cb49e217d2ce6622b753d,ae4cc6dbbb526195e239a27e861d36ea5f6738af630cb49e217d2ce6622b753d,453,19,16,78,
1.0,versemap-reference-d9969e023145ab13,samuel-taylor-coleridge,Samuel Taylor Coleridge,samuel-taylor-coleridge-d979486181e35cbe,TO CAPTAIN FINDLAY,Samuel Taylor Coleridge/TO CAPTAIN FINDLAY.txt,539,2d59ada531302587a05f037e7bff84bff6716a300bdf5cc765752eccc8fea970,2d59ada531302587a05f037e7bff84bff6716a300bdf5cc765752eccc8fea970,539,19,17,94,
1.0,versemap-reference-d9969e023145ab13,samuel-taylor-coleridge,Samuel Taylor Coleridge,samuel-taylor-coleridge-f7bff8be6beedc5f,To Disappointment. .],Samuel Taylor Coleridge/To Disappointment. .].txt,1161,357f7fefbe1cfa4d749313e1ea41bf107967318dd5fac2d12c77b4584693e64a,357f7fefbe1cfa4d749313e1ea41bf107967318dd5fac2d12c77b4584693e64a,1161,39,32,184,
1.0,versemap-reference-d9969e023145ab13,samuel-taylor-coleridge,Samuel Taylor Coleridge,samuel-taylor-coleridge-dc7046f9f1d93b6c,To Earl Stanhope,Samuel Taylor Coleridge/To Earl Stanhope.txt,632,6075793f4e3ec01436958017b92fa3e0ac15942ba96219fd2a9de3a708105ee8,6075793f4e3ec01436958017b92fa3e0ac15942ba96219fd2a9de3a708105ee8,632,17,14,101,
1.0,versemap-reference-d9969e023145ab13,samuel-taylor-coleridge,Samuel Taylor Coleridge,samuel-taylor-coleridge-4ff61ea7cebcb8e2,TO EDWARD IRVING,Samuel Taylor Coleridge/TO EDWARD IRVING.txt,182,257376444a0880caa055b17d72229941a953ab355885ba105045592907748f22,257376444a0880caa055b17d72229941a953ab355885ba105045592907748f22,182,4,4,32,
1.0,versemap-reference-d9969e023145ab13,samuel-taylor-coleridge,Samuel Taylor Coleridge,samuel-taylor-coleridge-cdedcb2c45b203bf,To Fortune,Samuel Taylor Coleridge/To Fortune.txt,1791,af85f383e1e39aae3f5537717ac42ec068b10ce540452c455d27741599e4f6e0,af85f383e1e39aae3f5537717ac42ec068b10ce540452c455d27741599e4f6e0,1765,45,41,297,
1.0,versemap-reference-d9969e023145ab13,samuel-taylor-coleridge,Samuel Taylor Coleridge,samuel-taylor-coleridge-e24132a453abe3c6,To Lesbia,Samuel Taylor Coleridge/To Lesbia.txt,495,92eb323c5c4016b4bf0dedb3b1d0c5ba521021ecafc3d91b10fdacd83ab5aa15,92eb323c5c4016b4bf0dedb3b1d0c5ba521021ecafc3d91b10fdacd83ab5aa15,495,15,14,59,
1.0,versemap-reference-d9969e023145ab13,samuel-taylor-coleridge,Samuel Taylor Coleridge,samuel-taylor-coleridge-aa333cda3b7740e9,To Mary Pridham [afterwards Mrs. Derwent Coleridge],Samuel Taylor Coleridge/To Mary Pridham [afterwards Mrs. Derwent Coleridge].txt,576,dfe1b60a759cf6422957f7cbfa22b1339b21d40f539e807c36db4878eb477c9c,dfe1b60a759cf6422957f7cbfa22b1339b21d40f539e807c36db4878eb477c9c,576,13,13,97,
1.0,versemap-reference-d9969e023145ab13,samuel-taylor-coleridge,Samuel Taylor Coleridge,samuel-taylor-coleridge-ba50f972f153d932,To Matilda Betham from a Stranger,Samuel Taylor Coleridge/To Matilda Betham from a Stranger.txt,2163,6e6a93548d870d3d4a5846f15e3785ed6aadea1c386a5c4ee19e827c00659b1b,6e6a93548d870d3d4a5846f15e3785ed6aadea1c386a5c4ee19e827c00659b1b,2163,51,49,369,
1.0,versemap-reference-d9969e023145ab13,samuel-taylor-coleridge,Samuel Taylor Coleridge,samuel-taylor-coleridge-2bf705f630133fc1,To Miss A. T,Samuel Taylor Coleridge/To Miss A. T.txt,197,6acaa803e2a35595370af19526fcfa2c5734b8f4c098be6b00c3cc5e9842dc76,6acaa803e2a35595370af19526fcfa2c5734b8f4c098be6b00c3cc5e9842dc76,197,4,4,31,
1.0,versemap-reference-d9969e023145ab13,samuel-taylor-coleridge,Samuel Taylor Coleridge,samuel-taylor-coleridge-f5ed1edec7d9ca4d,To Miss Brunton with the preceding Translation,Samuel Taylor Coleridge/To Miss Brunton with the preceding Translation.txt,390,fa92fc2eeb22eef44804ab297f90d2d602d88ccef202389141184a791f270409,fa92fc2eeb22eef44804ab297f90d2d602d88ccef202389141184a791f270409,390,14,12,67,
1.0,versemap-reference-d9969e023145ab13,samuel-taylor-coleridge,Samuel Taylor Coleridge,samuel-taylor-coleridge-b2d30a18369cfda3,To Nature [ 1820],Samuel Taylor Coleridge/To Nature [ 1820].txt,600,d662b0d44315da56d7473baaeb6b428b48a75ea4f7cc2864e5a5898ae5e474cf,d662b0d44315da56d7473baaeb6b428b48a75ea4f7cc2864e5a5898ae5e474cf,600,14,14,113,
1.0,versemap-reference-d9969e023145ab13,samuel-taylor-coleridge,Samuel Taylor Coleridge,samuel-taylor-coleridge-3abaaa51c045906c,To the Evening Star,Samuel Taylor Coleridge/To the Evening Star.txt,665,b4cdeb60235c42a1e29ebe69aef5adc7bd5ccf8b6194294aacfcb33bb2202a2f,b4cdeb60235c42a1e29ebe69aef5adc7bd5ccf8b6194294aacfcb33bb2202a2f,665,16,14,118,
1.0,versemap-reference-d9969e023145ab13,samuel-taylor-coleridge,Samuel Taylor Coleridge,samuel-taylor-coleridge-94f24798564f8f76,To the Muse,Samuel Taylor Coleridge/To the Muse.txt,545,b6ef27b34d2a0a2960ac600ddfa0d477272ba5b3aef50a883ce6a2a284c1c88a,b6ef27b34d2a0a2960ac600ddfa0d477272ba5b3aef50a883ce6a2a284c1c88a,545,14,14,98,
1.0,versemap-reference-d9969e023145ab13,samuel-taylor-coleridge,Samuel Taylor Coleridge,samuel-taylor-coleridge-fe64c9d967a3d9dd,To the Rev. George Coleridge,Samuel Taylor Coleridge/To the Rev. George Coleridge.txt,3443,e09361ca6c80573ad5b9095b8b29f6e9c62a045beea510636268e4663376e336,e09361ca6c80573ad5b9095b8b29f6e9c62a045beea510636268e4663376e336,3441,83,78,594,
1.0,versemap-reference-d9969e023145ab13,samuel-taylor-coleridge,Samuel Taylor Coleridge,samuel-taylor-coleridge-6644ba6f478b43de,To the Rev. W. J. Hort while teaching a Young Lady some Song-tunes on his Flute,Samuel Taylor Coleridge/To the Rev. W. J. Hort while teaching a Young Lady some Song-tunes on his Flute.txt,1044,a2e4900436fcdeb24aa64433ed395c69807a968dd0ad66cef8a4bd1dfd3baae6,a2e4900436fcdeb24aa64433ed395c69807a968dd0ad66cef8a4bd1dfd3baae6,1044,34,29,170,
1.0,versemap-reference-d9969e023145ab13,samuel-taylor-coleridge,Samuel Taylor Coleridge,samuel-taylor-coleridge-c22319678e61ce9c,To the Young Artist Kayser of Kaserwerth,Samuel Taylor Coleridge/To the Young Artist Kayser of Kaserwerth.txt,636,460b225ba49aff2bf7d82ed4ce78eb43c075a99266eb6ccad0468a13ecc6196b,460b225ba49aff2bf7d82ed4ce78eb43c075a99266eb6ccad0468a13ecc6196b,636,16,15,109,
1.0,versemap-reference-d9969e023145ab13,samuel-taylor-coleridge,Samuel Taylor Coleridge,samuel-taylor-coleridge-f14deae7b53c3bb5,To Two Sisters. [Mary Morgan and Charlotte Brent],Samuel Taylor Coleridge/To Two Sisters. [Mary Morgan and Charlotte Brent].txt,2358,b794348939fe5faa128d0f2f89e5647223cb5531481d21c7b9dfe27d04d9e0c5,b794348939fe5faa128d0f2f89e5647223cb5531481d21c7b9dfe27d04d9e0c5,2358,56,53,419,
1.0,versemap-reference-d9969e023145ab13,samuel-taylor-coleridge,Samuel Taylor Coleridge,samuel-taylor-coleridge-4b0fe3b4ddb6af06,To William Wordsworth,Samuel Taylor Coleridge/To William Wordsworth.txt,4948,c7f99b0ca2802761c23a8fbad71a59fd1e0c21cb99e0a73395bc3ec4acb38a84,c7f99b0ca2802761c23a8fbad71a59fd1e0c21cb99e0a73395bc3ec4acb38a84,4944,122,116,856,
1.0,versemap-reference-d9969e023145ab13,samuel-taylor-coleridge,Samuel Taylor Coleridge,samuel-taylor-coleridge-632421df5535a4d3,To,Samuel Taylor Coleridge/To.txt,183,7f12e081cef3f13dcc215f4f365f951c073804a98c970f6b4b2e37b61f3d1ebc,7f12e081cef3f13dcc215f4f365f951c073804a98c970f6b4b2e37b61f3d1ebc,183,4,4,31,
1.0,versemap-reference-d9969e023145ab13,samuel-taylor-coleridge,Samuel Taylor Coleridge,samuel-taylor-coleridge-e9244add21ef0051,TRANSLATED FROM CLAUDIAN,Samuel Taylor Coleridge/TRANSLATED FROM CLAUDIAN.txt,456,5924fbf56b3de0c5298dbf0250c26f2f1d366710697e74ee7ca57e3f44641e4a,5924fbf56b3de0c5298dbf0250c26f2f1d366710697e74ee7ca57e3f44641e4a,456,13,10,77,
1.0,versemap-reference-d9969e023145ab13,samuel-taylor-coleridge,Samuel Taylor Coleridge,samuel-taylor-coleridge-fa5fd44bc346f8da,TRANSLATION OF A FRAGMENT OF HERACLITUS,Samuel Taylor Coleridge/TRANSLATION OF A FRAGMENT OF HERACLITUS.txt,418,0827220abc48cd01a1efbbb6c81e15d10ebdca1bdf50c52b6321f5ac44ae88c8,0827220abc48cd01a1efbbb6c81e15d10ebdca1bdf50c52b6321f5ac44ae88c8,418,14,11,62,
1.0,versemap-reference-d9969e023145ab13,samuel-taylor-coleridge,Samuel Taylor Coleridge,samuel-taylor-coleridge-c51c06db72b68685,Translation of a Latin Inscription by the Rev. W. L. Bowles in Nether-Stowey Church,Samuel Taylor Coleridge/Translation of a Latin Inscription by the Rev. W. L. Bowles in Nether-Stowey Church.txt,633,0edc3354d9a14f62a4fdc5fe5e126d74a38358645c15a5a667f38e70eba02d5f,0edc3354d9a14f62a4fdc5fe5e126d74a38358645c15a5a667f38e70eba02d5f,626,18,15,99,
1.0,versemap-reference-d9969e023145ab13,samuel-taylor-coleridge,Samuel Taylor Coleridge,samuel-taylor-coleridge-693785820c13e6bc,Translation of a Passage in Ottfried's Metrical Paraphrase of the Gospel,Samuel Taylor Coleridge/Translation of a Passage in Ottfried's Metrical Paraphrase of the Gospel.txt,850,0e14ec1584c780b122d67b78e504c4b7dd903cf6546f2eda7194cc5b05f5523b,0e14ec1584c780b122d67b78e504c4b7dd903cf6546f2eda7194cc5b05f5523b,850,25,25,153,
1.0,versemap-reference-d9969e023145ab13,samuel-taylor-coleridge,Samuel Taylor Coleridge,samuel-taylor-coleridge-9fdbe979e9936bc1,Translation of Wrangham's 'Hendecasyllabi ad Bruntonam e Granta Exituram' [Kal. Oct. MDCCXC],Samuel Taylor Coleridge/Translation of Wrangham's 'Hendecasyllabi ad Bruntonam e Granta Exituram' [Kal. Oct. MDCCXC].txt,1525,c1a329cadaa4d2be1b5b2c001578e3fbcdcc3a12b5d0921e5ac48269b26d9f60,c1a329cadaa4d2be1b5b2c001578e3fbcdcc3a12b5d0921e5ac48269b26d9f60,1524,37,34,256,
1.0,versemap-reference-d9969e023145ab13,samuel-taylor-coleridge,Samuel Taylor Coleridge,samuel-taylor-coleridge-4202f55dae85b872,TROCHAICS,Samuel Taylor Coleridge/TROCHAICS.txt,227,d2feef1820d6923dc2204cd886c673bd906e9eb46ac0d11a45af88bc4812e047,d2feef1820d6923dc2204cd886c673bd906e9eb46ac0d11a45af88bc4812e047,227,6,6,35,
1.0,versemap-reference-d9969e023145ab13,samuel-taylor-coleridge,Samuel Taylor Coleridge,samuel-taylor-coleridge-108e48dcbcb40df7,UNDER THE NAME OF ALE,Samuel Taylor Coleridge/UNDER THE NAME OF ALE.txt,314,c62b71c0aabe46e549d671da8bacac60ea8e9de5fde896684e150ac23456287f,c62b71c0aabe46e549d671da8bacac60ea8e9de5fde896684e150ac23456287f,314,19,12,63,
1.0,versemap-reference-d9969e023145ab13,samuel-taylor-coleridge,Samuel Taylor Coleridge,samuel-taylor-coleridge-4bfdfb28a9343bd4,Ver Perpetuum. Fragment from an Unpublished Poem,Samuel Taylor Coleridge/Ver Perpetuum. Fragment from an Unpublished Poem.txt,416,f6d3837770e7f7a45c8366fc1c251f56870211ba49eb6f25f8229791748afc53,f6d3837770e7f7a45c8366fc1c251f56870211ba49eb6f25f8229791748afc53,416,10,10,71,
1.0,versemap-reference-d9969e023145ab13,samuel-taylor-coleridge,Samuel Taylor Coleridge,samuel-taylor-coleridge-0d30678607537df6,"Verses Addressed to J. Horne Tooke and the Company who met on June 28, 1796, to celebrate his Poll at the Westminster Election","Samuel Taylor Coleridge/Verses Addressed to J. Horne Tooke and the Company who met on June 28, 1796, to celebrate his Poll at the Westminster Election.txt",2303,f25dad0e35c3de972653b37a3d4ca8afcf23318cd245c0d4664b3039b2e10209,f25dad0e35c3de972653b37a3d4ca8afcf23318cd245c0d4664b3039b2e10209,2303,52,52,379,
1.0,versemap-reference-d9969e023145ab13,samuel-taylor-coleridge,Samuel Taylor Coleridge,samuel-taylor-coleridge-49d1d7df4190cdba,VERSES TRIVOCULAR,Samuel Taylor Coleridge/VERSES TRIVOCULAR.txt,369,ca732b001db68a1ee3a8079650f022c51470abbc3d8a3f9090e30a73ad527757,ca732b001db68a1ee3a8079650f022c51470abbc3d8a3f9090e30a73ad527757,369,7,7,63,
1.0,versemap-reference-d9969e023145ab13,samuel-taylor-coleridge,Samuel Taylor Coleridge,samuel-taylor-coleridge-8c4e0b1cf19e12e6,VI. Pitt,Samuel Taylor Coleridge/VI. Pitt.txt,658,00eaa9626ae68b9b4e0bd455df9fbeff564e4cf9cb6f5dde21219ca0270025c9,00eaa9626ae68b9b4e0bd455df9fbeff564e4cf9cb6f5dde21219ca0270025c9,658,14,14,107,
1.0,versemap-reference-d9969e023145ab13,samuel-taylor-coleridge,Samuel Taylor Coleridge,samuel-taylor-coleridge-f155449fbea1caa5,"VII. To the Rev. W. L. Bowles. (First Version, printed in Morning Chronicle, Dec. 26, 1794.)","Samuel Taylor Coleridge/VII. To the Rev. W. L. Bowles. (First Version, printed in Morning Chronicle, Dec. 26, 1794.).txt",647,f304ee9626f147e9ceb3b451792fdb38e6a2bf502db2c73593922e8025dd1b16,f304ee9626f147e9ceb3b451792fdb38e6a2bf502db2c73593922e8025dd1b16,647,17,14,106,
1.0,versemap-reference-d9969e023145ab13,samuel-taylor-coleridge,Samuel Taylor Coleridge,samuel-taylor-coleridge-06aceba3e020cea5,Vix ea nostra voco,Samuel Taylor Coleridge/Vix ea nostra voco.txt,387,9526638fcd4b6d79dde213fea38418dc8fcaad02998d0a610df358dfb3fc7d40,9526638fcd4b6d79dde213fea38418dc8fcaad02998d0a610df358dfb3fc7d40,387,9,8,55,
1.0,versemap-reference-d9969e023145ab13,samuel-taylor-coleridge,Samuel Taylor Coleridge,samuel-taylor-coleridge-d2e74b606d77813a,Water Ballad. [From the French.],Samuel Taylor Coleridge/Water Ballad. [From the French.].txt,688,79bdfad455853191f10a66c11b664001d927b106bba5ebd3d8e8b65f907b5718,79bdfad455853191f10a66c11b664001d927b106bba5ebd3d8e8b65f907b5718,688,26,24,123,
1.0,versemap-reference-d9969e023145ab13,samuel-taylor-coleridge,Samuel Taylor Coleridge,samuel-taylor-coleridge-58ac73a2f58eef26,WERNICKE,Samuel Taylor Coleridge/WERNICKE.txt,397,fcc05ba7eb57242505a265aed2f0ee58e2cc789bfbdd8046dedafd1ff36fedfc,fcc05ba7eb57242505a265aed2f0ee58e2cc789bfbdd8046dedafd1ff36fedfc,396,11,9,65,
1.0,versemap-reference-d9969e023145ab13,samuel-taylor-coleridge,Samuel Taylor Coleridge,samuel-taylor-coleridge-229969b27892130b,Westphalian Song,Samuel Taylor Coleridge/Westphalian Song.txt,250,e6713e667692ff2387272866f54d8d3c2736b444f02ef7b59e979edc6ff47386,e6713e667692ff2387272866f54d8d3c2736b444f02ef7b59e979edc6ff47386,250,9,8,47,
1.0,versemap-reference-d9969e023145ab13,samuel-taylor-coleridge,Samuel Taylor Coleridge,samuel-taylor-coleridge-2b6f93126ed18c11,What is Life,Samuel Taylor Coleridge/What is Life.txt,343,949e3692e80ec4a6222b8816075943086c10c1eb115c6642aaeabfa5d534413e,949e3692e80ec4a6222b8816075943086c10c1eb115c6642aaeabfa5d534413e,343,8,8,57,
1.0,versemap-reference-d9969e023145ab13,samuel-taylor-coleridge,Samuel Taylor Coleridge,samuel-taylor-coleridge-79563ca9bf570495,With Fielding's 'Amelia.',Samuel Taylor Coleridge/With Fielding's 'Amelia.'.txt,597,afe7804de21d5efeecea15876ced90de24f43d285645061369ff5d3cc44a7013,afe7804de21d5efeecea15876ced90de24f43d285645061369ff5d3cc44a7013,597,14,14,104,
1.0,versemap-reference-d9969e023145ab13,samuel-taylor-coleridge,Samuel Taylor Coleridge,samuel-taylor-coleridge-fa23a67a17ab1b7b,"Work without Hope. Lines composed 21st February, 1825","Samuel Taylor Coleridge/Work without Hope. Lines composed 21st February, 1825.txt",652,883c593064813c3001359bd95210e2f36fb68171f596cc31c8fad4efe0f54d0f,883c593064813c3001359bd95210e2f36fb68171f596cc31c8fad4efe0f54d0f,652,15,14,119,
1.0,versemap-reference-d9969e023145ab13,samuel-taylor-coleridge,Samuel Taylor Coleridge,samuel-taylor-coleridge-5e9df177021a595d,WRITTEN IN AN ALBUM,Samuel Taylor Coleridge/WRITTEN IN AN ALBUM.txt,154,2c0ad2b90c3d4d40e8fc305d4ccf7dcecc3ab8710858f0ac16f10c536796fd6c,2c0ad2b90c3d4d40e8fc305d4ccf7dcecc3ab8710858f0ac16f10c536796fd6c,154,4,4,26,
1.0,versemap-reference-d9969e023145ab13,samuel-taylor-coleridge,Samuel Taylor Coleridge,samuel-taylor-coleridge-e00a848fc23f8f66,"X. To Robert Southey of Baliol College, Oxford, Author of the 'Retrospect' and other Poems","Samuel Taylor Coleridge/X. To Robert Southey of Baliol College, Oxford, Author of the 'Retrospect' and other Poems.txt",634,574af239b2ae8f0a4c6d1b82a9acde2f224fd3c16c9b48806859064652be532d,574af239b2ae8f0a4c6d1b82a9acde2f224fd3c16c9b48806859064652be532d,634,17,14,107,
1.0,versemap-reference-d9969e023145ab13,samuel-taylor-coleridge,Samuel Taylor Coleridge,samuel-taylor-coleridge-2a4429b4c17c5b82,"XI. To Richard Brinsley Sheridan, Esq","Samuel Taylor Coleridge/XI. To Richard Brinsley Sheridan, Esq.txt",657,e4ba3817a2b8239dd60d8525113846896ae629d421afa33e96bc01eb097999e2,e4ba3817a2b8239dd60d8525113846896ae629d421afa33e96bc01eb097999e2,657,17,14,103,
1.0,versemap-reference-d9969e023145ab13,samuel-taylor-coleridge,Samuel Taylor Coleridge,samuel-taylor-coleridge-a83668d2a3098848,XII. To Lord Stanhope on reading his Late Protest in the House of Lords,Samuel Taylor Coleridge/XII. To Lord Stanhope on reading his Late Protest in the House of Lords.txt,685,5e9c4377ff6209f23ece6b211c651ffd60f0a5846963426274eddd904d6e358f,5e9c4377ff6209f23ece6b211c651ffd60f0a5846963426274eddd904d6e358f,685,18,15,113,
1.0,versemap-reference-d9969e023145ab13,samuel-taylor-coleridge,Samuel Taylor Coleridge,samuel-taylor-coleridge-0c335d94aca671a0,Youth and Age,Samuel Taylor Coleridge/Youth and Age.txt,1820,32d43ab836a76fdde5340358d82e6c9ab6dafbd71b38fa45c51a436512f9e561,32d43ab836a76fdde5340358d82e6c9ab6dafbd71b38fa45c51a436512f9e561,1820,54,49,318,
1.0,versemap-reference-d9969e023145ab13,samuel-taylor-coleridge,Samuel Taylor Coleridge,samuel-taylor-coleridge-b32c161c0a66f0ab,Zapolya,Samuel Taylor Coleridge/Zapolya.txt,31295,c884569081d5d7c94e8522cf860baebc54f4b3c8fa29269766136327bae10cfd,c884569081d5d7c94e8522cf860baebc54f4b3c8fa29269766136327bae10cfd,31295,796,645,4835,suspiciously_long
1.0,versemap-reference-d9969e023145ab13,samuel-taylor-coleridge,Samuel Taylor Coleridge,samuel-taylor-coleridge-ac9c67792de67aa8,Μωροσοφία OR WISDOM IN FOLLY,Samuel Taylor Coleridge/Μωροσοφία OR WISDOM IN FOLLY.txt,201,8fd4fcd5c453b3741629aa0f5aeefb99ba440ded29d545362b0d332e1dbbe438,8fd4fcd5c453b3741629aa0f5aeefb99ba440ded29d545362b0d332e1dbbe438,201,4,4,35,
1.0,versemap-reference-d9969e023145ab13,samuel-taylor-coleridge,Samuel Taylor Coleridge,samuel-taylor-coleridge-55dc3ec257e79112,Ἔρως ἀεὶ λάληθρος ἑταῖρος,Samuel Taylor Coleridge/Ἔρως ἀεὶ λάληθρος ἑταῖρος.txt,185,ac032d7cf64d4a1a7259a4ef145ffa8f6970927acad088ab68633047bb34f9b1,ac032d7cf64d4a1a7259a4ef145ffa8f6970927acad088ab68633047bb34f9b1,184,4,4,36,
1.0,versemap-reference-d9969e023145ab13,walt-whitman,Walt Whitman,walt-whitman-dda900a3ac60c7d0,A Boston Ballad [1854],Walt Whitman/A Boston Ballad [1854].txt,2870,c17dae249b986f20553ca6e358d45ebdb6d164b7866f49e1a72fec973fa7998d,c17dae249b986f20553ca6e358d45ebdb6d164b7866f49e1a72fec973fa7998d,2850,70,55,499,
1.0,versemap-reference-d9969e023145ab13,walt-whitman,Walt Whitman,walt-whitman-81d0fa9768dbd861,A Broadway Pageant,Walt Whitman/A Broadway Pageant.txt,5652,3f01de4e519b7ff401b600ed48727ab76ee6183eee942bbbfc762711c0aefbf6,3f01de4e519b7ff401b600ed48727ab76ee6183eee942bbbfc762711c0aefbf6,5628,125,112,907,
1.0,versemap-reference-d9969e023145ab13,walt-whitman,Walt Whitman,walt-whitman-5b9280289d99232a,A Carol Closing Sixty-Nine,Walt Whitman/A Carol Closing Sixty-Nine.txt,577,f7d325b70812f4e9ea0a0b071bbf6ff6772237753a9bc7b05f1d83f6298508d0,f7d325b70812f4e9ea0a0b071bbf6ff6772237753a9bc7b05f1d83f6298508d0,571,11,11,96,
1.0,versemap-reference-d9969e023145ab13,walt-whitman,Walt Whitman,walt-whitman-441ea162cf2aeb61,A Child’s Amaze,Walt Whitman/A Child’s Amaze.txt,161,9889770f1bdace990bc3883072a4c83ff587eac7cc91cadc8a117db0b15500de,9889770f1bdace990bc3883072a4c83ff587eac7cc91cadc8a117db0b15500de,161,3,3,28,suspiciously_short
1.0,versemap-reference-d9969e023145ab13,walt-whitman,Walt Whitman,walt-whitman-1dae52bf9cd1038f,A Christmas Greeting,Walt Whitman/A Christmas Greeting.txt,577,e394c563e15f2194187983f6921321d33c66c14e0a61cb2699e142842ae5b0a2,e394c563e15f2194187983f6921321d33c66c14e0a61cb2699e142842ae5b0a2,575,12,12,96,
1.0,versemap-reference-d9969e023145ab13,walt-whitman,Walt Whitman,walt-whitman-509f67bb7e746f30,A Clear Midnight,Walt Whitman/A Clear Midnight.txt,246,736eab5979ce690f5ac0ec5afcc1e376ae8bbedada2a4fa5d3c6629d2ac2945e,736eab5979ce690f5ac0ec5afcc1e376ae8bbedada2a4fa5d3c6629d2ac2945e,246,5,5,42,
1.0,versemap-reference-d9969e023145ab13,walt-whitman,Walt Whitman,walt-whitman-e5ae09e751350d3a,A Farm Picture,Walt Whitman/A Farm Picture.txt,166,d7ae367c3311754a05039de30f79d4c2c89d50fbb1b156e4f0b4e30aea4675d2,d7ae367c3311754a05039de30f79d4c2c89d50fbb1b156e4f0b4e30aea4675d2,166,3,3,29,suspiciously_short
1.0,versemap-reference-d9969e023145ab13,walt-whitman,Walt Whitman,walt-whitman-fa21d3d08e8af040,A Font of Type,Walt Whitman/A Font of Type.txt,317,a322dff32751a8f3d5109913035500bfd1d5ad0bc7c15da30e987ace08eab17a,a322dff32751a8f3d5109913035500bfd1d5ad0bc7c15da30e987ace08eab17a,313,6,6,48,
1.0,versemap-reference-d9969e023145ab13,walt-whitman,Walt Whitman,walt-whitman-5230af3d61fc2b2d,A Glimpse,Walt Whitman/A Glimpse.txt,478,4029ed4b431eb53076437efb15760284f5106bbf3fc3ac951ce87b82f7e63e97,4029ed4b431eb53076437efb15760284f5106bbf3fc3ac951ce87b82f7e63e97,476,9,9,86,
1.0,versemap-reference-d9969e023145ab13,walt-whitman,Walt Whitman,walt-whitman-8b689a6e44443432,A Hand-Mirror,Walt Whitman/A Hand-Mirror.txt,648,099debe389753061db51588efb3b86f239576b6d2546febc50a24c340eac520e,099debe389753061db51588efb3b86f239576b6d2546febc50a24c340eac520e,640,12,12,106,
1.0,versemap-reference-d9969e023145ab13,walt-whitman,Walt Whitman,walt-whitman-8d8afeb53264bdab,A Leaf for Hand in Hand,Walt Whitman/A Leaf for Hand in Hand.txt,336,8458efcfb715dc0b801734fb8d206a3d4550755f3b7ea57cee35e7733e44e5c2,8458efcfb715dc0b801734fb8d206a3d4550755f3b7ea57cee35e7733e44e5c2,336,8,8,61,
1.0,versemap-reference-d9969e023145ab13,walt-whitman,Walt Whitman,walt-whitman-057eb74f7a537291,"A March in the Ranks Hard-Prest, and the Road Unknown","Walt Whitman/A March in the Ranks Hard-Prest, and the Road Unknown.txt",1898,7cb557794f6b584db49da766b977447b53a7f83ddc153dffa3f34e691e4326e7,7cb557794f6b584db49da766b977447b53a7f83ddc153dffa3f34e691e4326e7,1886,33,33,334,
1.0,versemap-reference-d9969e023145ab13,walt-whitman,Walt Whitman,walt-whitman-bf62db203e07c5c0,A Noiseless Patient Spider,Walt Whitman/A Noiseless Patient Spider.txt,564,234ff88f4a7158e71d2c930011791200ddecc5109b9ee0b94d5ac6cd4fab02d9,234ff88f4a7158e71d2c930011791200ddecc5109b9ee0b94d5ac6cd4fab02d9,556,12,11,87,
1.0,versemap-reference-d9969e023145ab13,walt-whitman,Walt Whitman,walt-whitman-fd5e9e4ca4df3812,A Paumanok Picture,Walt Whitman/A Paumanok Picture.txt,630,623f92a5052d60bc9677910a8b4b4874a117f4f762621804d9974df76fa57782,623f92a5052d60bc9677910a8b4b4874a117f4f762621804d9974df76fa57782,622,11,11,103,
1.0,versemap-reference-d9969e023145ab13,walt-whitman,Walt Whitman,walt-whitman-154cf970e89867e3,A Persian Lesson,Walt Whitman/A Persian Lesson.txt,967,25452784f77a250604014c83558d5b950fb3b8a827f19ff19a11ab6a469f0743,25452784f77a250604014c83558d5b950fb3b8a827f19ff19a11ab6a469f0743,953,20,17,158,
1.0,versemap-reference-d9969e023145ab13,walt-whitman,Walt Whitman,walt-whitman-3b6480ec314ad0bb,A Prairie Sunset,Walt Whitman/A Prairie Sunset.txt,382,22f08997d0086a2ff0f5ccf72f9d897b413a27e7863c5f325869e380c889d2d7,22f08997d0086a2ff0f5ccf72f9d897b413a27e7863c5f325869e380c889d2d7,374,7,7,58,
1.0,versemap-reference-d9969e023145ab13,walt-whitman,Walt Whitman,walt-whitman-4704af76ddcd0f68,A Promise to California,Walt Whitman/A Promise to California.txt,378,929e4171ea7949164b5bb291c71444f0a721c6cc20fae43e42b447207dea9b7e,929e4171ea7949164b5bb291c71444f0a721c6cc20fae43e42b447207dea9b7e,378,7,7,68,
1.0,versemap-reference-d9969e023145ab13,walt-whitman,Walt Whitman,walt-whitman-1ec1f389817881b3,A Riddle Song,Walt Whitman/A Riddle Song.txt,1919,3235aa9d7f95a825259cfdb658ce7042340d3fc9dcc1ff30737cd52032c2df37,3235aa9d7f95a825259cfdb658ce7042340d3fc9dcc1ff30737cd52032c2df37,1895,44,38,328,
1.0,versemap-reference-d9969e023145ab13,walt-whitman,Walt Whitman,walt-whitman-ae3440334fb37e45,A Sight in Camp in the Daybreak Gray and Dim,Walt Whitman/A Sight in Camp in the Daybreak Gray and Dim.txt,965,7c8627b8284824a8d379fd015c8637b8de5851c8710431b8f5f858513ee72dbb,7c8627b8284824a8d379fd015c8637b8de5851c8710431b8f5f858513ee72dbb,963,20,19,181,
1.0,versemap-reference-d9969e023145ab13,walt-whitman,Walt Whitman,walt-whitman-2c2598ea9d291844,A Song for Occupations,Walt Whitman/A Song for Occupations.txt,12506,4b55434cdcd5c9dac54c26579475b67dfeb0606d6938f6bec987e1a1188a9d74,4b55434cdcd5c9dac54c26579475b67dfeb0606d6938f6bec987e1a1188a9d74,12454,266,236,2132,
1.0,versemap-reference-d9969e023145ab13,walt-whitman,Walt Whitman,walt-whitman-8fc3a2a99a93b2a2,A Song of Joys,Walt Whitman/A Song of Joys.txt,10982,cc6a6fbf22c835cd3982f1a49ad2dfe65cb31bae108c8dacdaffc0df8c0dc28f,cc6a6fbf22c835cd3982f1a49ad2dfe65cb31bae108c8dacdaffc0df8c0dc28f,10912,244,207,1957,
1.0,versemap-reference-d9969e023145ab13,walt-whitman,Walt Whitman,walt-whitman-4fb952f1c40dbe5d,A Song of the Rolling Earth,Walt Whitman/A Song of the Rolling Earth.txt,8512,85eb78dad56bdb31eee9acb97336476ddda53b6a77d935932651ae41a1bc2d41,85eb78dad56bdb31eee9acb97336476ddda53b6a77d935932651ae41a1bc2d41,8488,196,165,1478,
1.0,versemap-reference-d9969e023145ab13,walt-whitman,Walt Whitman,walt-whitman-802a7776a86a71e1,A Twilight Song,Walt Whitman/A Twilight Song.txt,1168,60389b9a72a79d6af54237e600903ae07302291f21f8721f49db78b86470829f,60389b9a72a79d6af54237e600903ae07302291f21f8721f49db78b86470829f,1146,23,23,179,
1.0,versemap-reference-d9969e023145ab13,walt-whitman,Walt Whitman,walt-whitman-0373248b50150a6b,A Voice from Death,Walt Whitman/A Voice from Death.txt,2272,0f5d226a4edd166ffb1c902d98fa9d5dd91c1a3f55c22d60ce86e6a5f7dbe936,0f5d226a4edd166ffb1c902d98fa9d5dd91c1a3f55c22d60ce86e6a5f7dbe936,2248,52,45,374,
1.0,versemap-reference-d9969e023145ab13,walt-whitman,Walt Whitman,walt-whitman-2acd28c5199f2273,A Woman Waits for Me,Walt Whitman/A Woman Waits for Me.txt,2711,9a89c63904dc4c1c2502e6fdc53f4a56e05370edc94d8212ac701477928c1ce2,9a89c63904dc4c1c2502e6fdc53f4a56e05370edc94d8212ac701477928c1ce2,2699,58,51,484,
1.0,versemap-reference-d9969e023145ab13,walt-whitman,Walt Whitman,walt-whitman-595d05eb37ac003c,Aboard at a Ship’s Helm,Walt Whitman/Aboard at a Ship’s Helm.txt,648,0259ab2f5cbf0f753e7ff1b3c3ea9fc8206699f9db8778cb48d5a3f94dc1bc29,0259ab2f5cbf0f753e7ff1b3c3ea9fc8206699f9db8778cb48d5a3f94dc1bc29,644,16,12,112,
1.0,versemap-reference-d9969e023145ab13,walt-whitman,Walt Whitman,walt-whitman-acf8ec3e49f3e7b0,"Abraham Lincoln, Born Feb. 12, 1809","Walt Whitman/Abraham Lincoln, Born Feb. 12, 1809.txt",102,704aa590c1db7ae0be9ad7dda4fdf87d804d0580be690fb5f4c21bd923cdbab3,704aa590c1db7ae0be9ad7dda4fdf87d804d0580be690fb5f4c21bd923cdbab3,102,2,2,21,suspiciously_short
1.0,versemap-reference-d9969e023145ab13,walt-whitman,Walt Whitman,walt-whitman-365875c4090255c5,Adieu to a Soldier,Walt Whitman/Adieu to a Soldier.txt,743,b1bb999efb4f2e044d2652fbf97963bd98bb27581507b1cb384c81c3a6a7d435,b1bb999efb4f2e044d2652fbf97963bd98bb27581507b1cb384c81c3a6a7d435,736,17,16,122,
1.0,versemap-reference-d9969e023145ab13,walt-whitman,Walt Whitman,walt-whitman-7d8d98ac483148fc,After the Dazzle of Day,Walt Whitman/After the Dazzle of Day.txt,202,de5b890ef54e1a00d3e6786a9b1de1dfb39a9acb7d2d03c07506e518b85143f1,de5b890ef54e1a00d3e6786a9b1de1dfb39a9acb7d2d03c07506e518b85143f1,202,4,4,37,
1.0,versemap-reference-d9969e023145ab13,walt-whitman,Walt Whitman,walt-whitman-1310d4a0cf33106d,After the Sea-Ship,Walt Whitman/After the Sea-Ship.txt,756,2f53a08da3a94f94b4820b96a74995170e525fa0e2ad7f4ae7cfa8daf6c4b355,2f53a08da3a94f94b4820b96a74995170e525fa0e2ad7f4ae7cfa8daf6c4b355,756,13,13,120,
1.0,versemap-reference-d9969e023145ab13,walt-whitman,Walt Whitman,walt-whitman-8f2b4ad6d4987c50,After the Supper and Talk,Walt Whitman/After the Supper and Talk.txt,781,8e2094ebb0d4c2a5e04b019e7b36dd5b8b21f3e99e323e09d2516ff7323495ea,8e2094ebb0d4c2a5e04b019e7b36dd5b8b21f3e99e323e09d2516ff7323495ea,775,14,14,129,
1.0,versemap-reference-d9969e023145ab13,walt-whitman,Walt Whitman,walt-whitman-48ffe39f8ca260b4,Ages and Ages Returning at Intervals,Walt Whitman/Ages and Ages Returning at Intervals.txt,365,acc71421ea24dc0e5f3cfe71ec4052596bff6214ed0f26ae5c08330c5f06f902,acc71421ea24dc0e5f3cfe71ec4052596bff6214ed0f26ae5c08330c5f06f902,363,8,8,54,
1.0,versemap-reference-d9969e023145ab13,walt-whitman,Walt Whitman,walt-whitman-0e88706ae7613d83,"Ah Poverties, Wincings, and Sulky Retreats","Walt Whitman/Ah Poverties, Wincings, and Sulky Retreats.txt",718,96d93959117f73452f2f2b350b1e507f0a732aa09616d12d2180bb87bb8831aa,96d93959117f73452f2f2b350b1e507f0a732aa09616d12d2180bb87bb8831aa,712,12,12,117,
1.0,versemap-reference-d9969e023145ab13,walt-whitman,Walt Whitman,walt-whitman-65278bec0bb90e49,All Is Truth,Walt Whitman/All Is Truth.txt,1267,3805f910a047caee92d6bc1c48bdb1621ac49d1794ffd0e1786aa7a3c156fff3,3805f910a047caee92d6bc1c48bdb1621ac49d1794ffd0e1786aa7a3c156fff3,1265,27,24,231,
1.0,versemap-reference-d9969e023145ab13,walt-whitman,Walt Whitman,walt-whitman-17f24d771824c47e,America,Walt Whitman/America.txt,270,18b2402797a9e24a54fb5afb5b34f5d1dc7b083a643bb83d381bbb971063be68,18b2402797a9e24a54fb5afb5b34f5d1dc7b083a643bb83d381bbb971063be68,266,6,6,42,
1.0,versemap-reference-d9969e023145ab13,walt-whitman,Walt Whitman,walt-whitman-e449130a9bba0656,Among the Multitude,Walt Whitman/Among the Multitude.txt,403,f01a73964829abd808d445bd437f46796d0053d29c78ae6ee4defb7c1793d25e,f01a73964829abd808d445bd437f46796d0053d29c78ae6ee4defb7c1793d25e,403,9,8,75,
1.0,versemap-reference-d9969e023145ab13,walt-whitman,Walt Whitman,walt-whitman-7881faf261b23e80,An Army Corps on the March,Walt Whitman/An Army Corps on the March.txt,418,7a945e463a48748899629704408c58b0cf2dd6d95e2f5acc61d2d7a9bba61961,7a945e463a48748899629704408c58b0cf2dd6d95e2f5acc61d2d7a9bba61961,414,8,8,70,
1.0,versemap-reference-d9969e023145ab13,walt-whitman,Walt Whitman,walt-whitman-c44a0d98276bc484,An Ended Day,Walt Whitman/An Ended Day.txt,143,1c35e53920c44f8427fcb52277c31d7dba30eeef5839ca8fbe8aeff75172b3bb,1c35e53920c44f8427fcb52277c31d7dba30eeef5839ca8fbe8aeff75172b3bb,143,3,3,20,suspiciously_short
1.0,versemap-reference-d9969e023145ab13,walt-whitman,Walt Whitman,walt-whitman-0e31c48ab9a88e4f,An Evening Lull,Walt Whitman/An Evening Lull.txt,167,4352bb1cedfa96673756c7d87ba1f3d734464e267f251bd2164f4f3aaa023795,4352bb1cedfa96673756c7d87ba1f3d734464e267f251bd2164f4f3aaa023795,167,4,4,31,
1.0,versemap-reference-d9969e023145ab13,walt-whitman,Walt Whitman,walt-whitman-5bdac15c1cad6b3d,An Old Man’s Thought of School,Walt Whitman/An Old Man’s Thought of School.txt,1007,fee8951f9d4a42c8c7fd93d65493ac04b1ed8544ab1e0c382173547ec6a388c6,fee8951f9d4a42c8c7fd93d65493ac04b1ed8544ab1e0c382173547ec6a388c6,997,28,22,171,
1.0,versemap-reference-d9969e023145ab13,walt-whitman,Walt Whitman,walt-whitman-b31ac384f77a3abf,Apparitions,Walt Whitman/Apparitions.txt,178,f7253e3dac194fa3d0186b9a2ca3d05c3af4525ab193899b77ca60eebc4eb499,f7253e3dac194fa3d0186b9a2ca3d05c3af4525ab193899b77ca60eebc4eb499,176,4,4,27,
1.0,versemap-reference-d9969e023145ab13,walt-whitman,Walt Whitman,walt-whitman-c448f6c44aa9b39f,Are You the New Person Drawn Toward Me,Walt Whitman/Are You the New Person Drawn Toward Me.txt,549,124ee80666f8067ac3693f5f82c5c5551d4dd2decdd9e99c0ef3ae503da08e24,124ee80666f8067ac3693f5f82c5c5551d4dd2decdd9e99c0ef3ae503da08e24,547,10,10,104,
1.0,versemap-reference-d9969e023145ab13,walt-whitman,Walt Whitman,walt-whitman-833e84f34f9468a9,As Adam Early in the Morning,Walt Whitman/As Adam Early in the Morning.txt,218,2c45c56c52a503ea96f994147aabefa0a106651313d9512116eb095413a204e6,2c45c56c52a503ea96f994147aabefa0a106651313d9512116eb095413a204e6,216,5,5,43,
1.0,versemap-reference-d9969e023145ab13,walt-whitman,Walt Whitman,walt-whitman-814d06ed4113cd54,As at Thy Portals Also Death,Walt Whitman/As at Thy Portals Also Death.txt,580,ed333f7c906f4b98c68f11c196c0f84d39904a1ad33766a3a9a3ee9f693bd470,ed333f7c906f4b98c68f11c196c0f84d39904a1ad33766a3a9a3ee9f693bd470,580,12,12,104,
1.0,versemap-reference-d9969e023145ab13,walt-whitman,Walt Whitman,walt-whitman-262ed5b28c3a1095,"As Consequent, Etc","Walt Whitman/As Consequent, Etc.txt",1751,8289f8f7fc4eacf30e3ae76cf689533fbe4d7b93a829d1d1c226181002dcb7c4,8289f8f7fc4eacf30e3ae76cf689533fbe4d7b93a829d1d1c226181002dcb7c4,1723,40,34,290,
1.0,versemap-reference-d9969e023145ab13,walt-whitman,Walt Whitman,walt-whitman-9772645e913a94cb,As I Ebb’d with the Ocean of Life,Walt Whitman/As I Ebb’d with the Ocean of Life.txt,4168,1f42fb7ca31fe9028fdb351c0d41a28f14bc3b233f02c5fa4de7220401518646,1f42fb7ca31fe9028fdb351c0d41a28f14bc3b233f02c5fa4de7220401518646,4144,97,85,750,
1.0,versemap-reference-d9969e023145ab13,walt-whitman,Walt Whitman,walt-whitman-ba0fff74d877ec9e,As I Lay with My Head in Your Lap Camerado,Walt Whitman/As I Lay with My Head in Your Lap Camerado.txt,833,8458d3c73ae15805020d9a071d2600e2a81dafe3d0b74248fd2158ab1dee0b7b,8458d3c73ae15805020d9a071d2600e2a81dafe3d0b74248fd2158ab1dee0b7b,827,16,16,155,
1.0,versemap-reference-d9969e023145ab13,walt-whitman,Walt Whitman,walt-whitman-0c995875818b2ede,As I Ponder’d in Silence,Walt Whitman/As I Ponder’d in Silence.txt,933,7249f37ed60cce14910cf963a8bce9528e44b618aba48ee02b929725187ed4c1,7249f37ed60cce14910cf963a8bce9528e44b618aba48ee02b929725187ed4c1,925,21,20,163,
1.0,versemap-reference-d9969e023145ab13,walt-whitman,Walt Whitman,walt-whitman-15360d693a7d67a8,As I Sit Writing Here,Walt Whitman/As I Sit Writing Here.txt,204,0d8324903c5944a94a74698df8096eb0f4aff4a23ed67d8dc963f20d863e1623,0d8324903c5944a94a74698df8096eb0f4aff4a23ed67d8dc963f20d863e1623,204,4,4,33,
1.0,versemap-reference-d9969e023145ab13,walt-whitman,Walt Whitman,walt-whitman-14907507185c4cb6,As I Walk These Broad Majestic Days,Walt Whitman/As I Walk These Broad Majestic Days.txt,1256,f1430252281ed716e5ced5efecece807f0bcb9fefc2c047d71b03296bb209c1f,f1430252281ed716e5ced5efecece807f0bcb9fefc2c047d71b03296bb209c1f,1254,28,25,207,
1.0,versemap-reference-d9969e023145ab13,walt-whitman,Walt Whitman,walt-whitman-3764bfc51e9e6438,As I Watch the Ploughman Ploughing,Walt Whitman/As I Watch the Ploughman Ploughing.txt,220,3a700905c73f78174a58ae6f7fab19ae8151e93ad2bcd8edc9f0d5bcb2fc242e,3a700905c73f78174a58ae6f7fab19ae8151e93ad2bcd8edc9f0d5bcb2fc242e,218,4,4,38,
1.0,versemap-reference-d9969e023145ab13,walt-whitman,Walt Whitman,walt-whitman-def899e6a1013d53,As If a Phantom Caress’d Me,Walt Whitman/As If a Phantom Caress’d Me.txt,328,e9a8e428024437d9e9266874b604d486788af0ad8512b2b2b28305e56db02d64,e9a8e428024437d9e9266874b604d486788af0ad8512b2b2b28305e56db02d64,322,7,7,64,
1.0,versemap-reference-d9969e023145ab13,walt-whitman,Walt Whitman,walt-whitman-d25695017f64fae4,As the Greek’s Signal Flame,Walt Whitman/As the Greek’s Signal Flame.txt,298,47198e1028c76d5e3f31aebac323ec1648884714a9c6e90316761b41457cda8c,47198e1028c76d5e3f31aebac323ec1648884714a9c6e90316761b41457cda8c,292,6,6,48,
1.0,versemap-reference-d9969e023145ab13,walt-whitman,Walt Whitman,walt-whitman-d858b07349def815,As the Time Draws Nigh,Walt Whitman/As the Time Draws Nigh.txt,456,38e99dbae63b7f9c1cc61bdd0b1a5e83ddc4890fc49d10780c12ea8b06bfafca,38e99dbae63b7f9c1cc61bdd0b1a5e83ddc4890fc49d10780c12ea8b06bfafca,454,12,10,87,
1.0,versemap-reference-d9969e023145ab13,walt-whitman,Walt Whitman,walt-whitman-ac044def23c52001,As They Draw to a Close,Walt Whitman/As They Draw to a Close.txt,737,dfc5e48122dc6e6d14e6eb3f11e43222d88070c386186d752b7b4c01101bd7f7,dfc5e48122dc6e6d14e6eb3f11e43222d88070c386186d752b7b4c01101bd7f7,737,16,16,141,
1.0,versemap-reference-d9969e023145ab13,walt-whitman,Walt Whitman,walt-whitman-d61c710433379f32,As Toilsome I Wander’d Virginia’s Woods,Walt Whitman/As Toilsome I Wander’d Virginia’s Woods.txt,790,2ddccd066df88812c0566821aaf9f515ad58a2796b48f1db784d0d599c707da9,2ddccd066df88812c0566821aaf9f515ad58a2796b48f1db784d0d599c707da9,772,16,15,137,
1.0,versemap-reference-d9969e023145ab13,walt-whitman,Walt Whitman,walt-whitman-d638d8c98d298f2e,Ashes of Soldiers,Walt Whitman/Ashes of Soldiers.txt,2214,8d742a7fd88ce4e7cc20e1366a83794bd487599100e4ef0c528459b586e1a68c,8d742a7fd88ce4e7cc20e1366a83794bd487599100e4ef0c528459b586e1a68c,2214,55,44,384,
1.0,versemap-reference-d9969e023145ab13,walt-whitman,Walt Whitman,walt-whitman-72ebdd1c401acd7d,Assurances,Walt Whitman/Assurances.txt,1612,6e53a6efe8de73e6d5bd03e33f0d27da2c455a466629d04fc82906a222fb7298,6e53a6efe8de73e6d5bd03e33f0d27da2c455a466629d04fc82906a222fb7298,1612,27,27,297,
1.0,versemap-reference-d9969e023145ab13,walt-whitman,Walt Whitman,walt-whitman-2ccc93c751f3e3e1,Beat! Beat! Drums!,Walt Whitman/Beat! Beat! Drums!.txt,1324,5e6379b5b0c8ce389bb1448b5de23bba8a40a1fb147caef50fcff120375da99b,5e6379b5b0c8ce389bb1448b5de23bba8a40a1fb147caef50fcff120375da99b,1318,28,26,223,
1.0,versemap-reference-d9969e023145ab13,walt-whitman,Walt Whitman,walt-whitman-22e26da2e90e72b5,Beautiful Women,Walt Whitman/Beautiful Women.txt,124,02135e9d809e8cbe26eceeb96c4ce01ae2573ec951c7b17264b83f0b6b0f07c4,02135e9d809e8cbe26eceeb96c4ce01ae2573ec951c7b17264b83f0b6b0f07c4,124,2,2,24,suspiciously_short
1.0,versemap-reference-d9969e023145ab13,walt-whitman,Walt Whitman,walt-whitman-f6910285953f4669,Beginners,Walt Whitman/Beginners.txt,458,aa4655be44d144dbb6be197195b6f4c867241aa83f2955d3137f016443bb44a7,aa4655be44d144dbb6be197195b6f4c867241aa83f2955d3137f016443bb44a7,458,9,9,81,
1.0,versemap-reference-d9969e023145ab13,walt-whitman,Walt Whitman,walt-whitman-9a056c319d81a420,Beginning My Studies,Walt Whitman/Beginning My Studies.txt,353,8c782041218aa69210f74ecedc4c319e8afe9a61e1f2adb4f92e51aa1f5d8b8d,8c782041218aa69210f74ecedc4c319e8afe9a61e1f2adb4f92e51aa1f5d8b8d,347,6,6,65,
1.0,versemap-reference-d9969e023145ab13,walt-whitman,Walt Whitman,walt-whitman-6d53be416e5f674b,Behold This Swarthy Face,Walt Whitman/Behold This Swarthy Face.txt,445,91572db6c7ac3fa0fd71a6db3a995acf9d62246b319b19c6fcbc995795a95a52,91572db6c7ac3fa0fd71a6db3a995acf9d62246b319b19c6fcbc995795a95a52,443,9,9,81,
1.0,versemap-reference-d9969e023145ab13,walt-whitman,Walt Whitman,walt-whitman-c293700906bc0403,Bivouac on a Mountain Side,Walt Whitman/Bivouac on a Mountain Side.txt,517,2ca99f42e13be6595af0813d3b514b60ec58300c9eb4d482ad1b577fc37fd6c5,2ca99f42e13be6595af0813d3b514b60ec58300c9eb4d482ad1b577fc37fd6c5,515,9,9,85,
1.0,versemap-reference-d9969e023145ab13,walt-whitman,Walt Whitman,walt-whitman-ef580921f1df1999,"Bravo, Paris Exposition!","Walt Whitman/Bravo, Paris Exposition!.txt",397,692dc59878808ade9cbf383f71296fb15906674c9e6268e97cab8f0bf5e12281,692dc59878808ade9cbf383f71296fb15906674c9e6268e97cab8f0bf5e12281,395,7,7,56,
1.0,versemap-reference-d9969e023145ab13,walt-whitman,Walt Whitman,walt-whitman-0ccf1358e87ef436,Broadway,Walt Whitman/Broadway.txt,641,e95b19171372e463285078e871b03f86a880eb4786f6de8ad6c5d8433c489918,e95b19171372e463285078e871b03f86a880eb4786f6de8ad6c5d8433c489918,639,12,12,95,
1.0,versemap-reference-d9969e023145ab13,walt-whitman,Walt Whitman,walt-whitman-ef45e7e0829c6f45,By Blue Ontario’s Shore,Walt Whitman/By Blue Ontario’s Shore.txt,23578,2aab1331480b0bbd7714110e31df69e4d8f2d292e4f77931936216869a1f8228,2aab1331480b0bbd7714110e31df69e4d8f2d292e4f77931936216869a1f8228,23454,521,457,3930,
1.0,versemap-reference-d9969e023145ab13,walt-whitman,Walt Whitman,walt-whitman-eb810a74b0b8a0f8,By Broad Potomac’s Shore,Walt Whitman/By Broad Potomac’s Shore.txt,674,169cbe24555dfa6584af0f2421582533dda2c77528de4e2f46d7befb874580f3,169cbe24555dfa6584af0f2421582533dda2c77528de4e2f46d7befb874580f3,670,15,14,112,
1.0,versemap-reference-d9969e023145ab13,walt-whitman,Walt Whitman,walt-whitman-fb50e294665197e5,By the Bivouac’s Fitful Flame,Walt Whitman/By the Bivouac’s Fitful Flame.txt,630,722c53c26b7cb6bb3660a6090df76804889d1b97662c3d1e8e2f3ee418caade7,722c53c26b7cb6bb3660a6090df76804889d1b97662c3d1e8e2f3ee418caade7,622,13,13,112,
1.0,versemap-reference-d9969e023145ab13,walt-whitman,Walt Whitman,walt-whitman-72bf0bce47f1635f,Camps of Green,Walt Whitman/Camps of Green.txt,1550,8d5f7d44f9e114a160fad07f1da53d0f6a19318691f3c407f8c4d661f470880c,8d5f7d44f9e114a160fad07f1da53d0f6a19318691f3c407f8c4d661f470880c,1542,33,30,272,
1.0,versemap-reference-d9969e023145ab13,walt-whitman,Walt Whitman,walt-whitman-ad9fad68164e6eb7,Cavalry Crossing a Ford,Walt Whitman/Cavalry Crossing a Ford.txt,489,e3541682c7962915491de332573cce68ab8cca898ca9cb02d764eb51cb6c6bdd,e3541682c7962915491de332573cce68ab8cca898ca9cb02d764eb51cb6c6bdd,489,10,10,83,
1.0,versemap-reference-d9969e023145ab13,walt-whitman,Walt Whitman,walt-whitman-8337f3f2615e1aa7,Chanting the Square Deific,Walt Whitman/Chanting the Square Deific.txt,3170,d1d8f616b8663658707995731197be891a10abe9365d8876bce61a9ba5ba715f,d1d8f616b8663658707995731197be891a10abe9365d8876bce61a9ba5ba715f,3152,66,63,523,
1.0,versemap-reference-d9969e023145ab13,walt-whitman,Walt Whitman,walt-whitman-5196e85fc367ce5e,City of Orgies,Walt Whitman/City of Orgies.txt,609,52b0e21b453e8c45a41025b554b4ee48f287d768270b5cfa8aff768992475f32,52b0e21b453e8c45a41025b554b4ee48f287d768270b5cfa8aff768992475f32,607,13,13,108,
1.0,versemap-reference-d9969e023145ab13,walt-whitman,Walt Whitman,walt-whitman-4cb8c4d53476266e,City of Ships,Walt Whitman/City of Ships.txt,991,2b57e4ff924e55cb51347f5a8cdea5ecd7e97cc4b9fc600d452c58012d6e9f44,2b57e4ff924e55cb51347f5a8cdea5ecd7e97cc4b9fc600d452c58012d6e9f44,987,18,18,181,
1.0,versemap-reference-d9969e023145ab13,walt-whitman,Walt Whitman,walt-whitman-75464294b88a4296,Come Up from the Fields Father,Walt Whitman/Come Up from the Fields Father.txt,2248,3c31c0e2b5bff76688e0ce0e0f08e8fbdeb27c21ea0190a61f1f194e4535f161,3c31c0e2b5bff76688e0ce0e0f08e8fbdeb27c21ea0190a61f1f194e4535f161,2226,52,43,395,
1.0,versemap-reference-d9969e023145ab13,walt-whitman,Walt Whitman,walt-whitman-c40206f9f7c8e7a9,Continuities,Walt Whitman/Continuities.txt,563,89d0449dfb15a59be7247149e0c0eafbf3a341a95befa25b623405cf1ffc8394,89d0449dfb15a59be7247149e0c0eafbf3a341a95befa25b623405cf1ffc8394,561,10,10,100,
1.0,versemap-reference-d9969e023145ab13,walt-whitman,Walt Whitman,walt-whitman-b3bcd1908ec1248c,Crossing Brooklyn Ferry,Walt Whitman/Crossing Brooklyn Ferry.txt,9938,50f3ba647ea00d149680e8bc31be48a4305d29533910f74856638dc08b22d615,50f3ba647ea00d149680e8bc31be48a4305d29533910f74856638dc08b22d615,9880,203,187,1771,
1.0,versemap-reference-d9969e023145ab13,walt-whitman,Walt Whitman,walt-whitman-a109d7df06eefae4,Darest Thou Now O Soul,Walt Whitman/Darest Thou Now O Soul.txt,677,d21bee39d4626a6d74120f160d9c138584361d80306dc1db6b25dd2ef99384f1,d21bee39d4626a6d74120f160d9c138584361d80306dc1db6b25dd2ef99384f1,675,19,15,128,
1.0,versemap-reference-d9969e023145ab13,walt-whitman,Walt Whitman,walt-whitman-01bc136831daa94c,Death of General Grant,Walt Whitman/Death of General Grant.txt,530,6743abfdaea41ea8196b7d0bea54be36a20f1d062f623734cfa259ba7639f53b,6743abfdaea41ea8196b7d0bea54be36a20f1d062f623734cfa259ba7639f53b,518,9,9,89,
1.0,versemap-reference-d9969e023145ab13,walt-whitman,Walt Whitman,walt-whitman-0be1f9b68ce9ca34,Delicate Cluster,Walt Whitman/Delicate Cluster.txt,396,f5a7234411ef5bee09d20f793a19a8ca594f05580f066fe64eda542dc95b4fe1,f5a7234411ef5bee09d20f793a19a8ca594f05580f066fe64eda542dc95b4fe1,394,8,8,71,
1.0,versemap-reference-d9969e023145ab13,walt-whitman,Walt Whitman,walt-whitman-2edab47a7bc39459,Dirge for Two Veterans,Walt Whitman/Dirge for Two Veterans.txt,1494,b884ed0f7d1d33e0cb1a8477435bdaec24cd33543c0d5cacee63fd9caf232fd3,b884ed0f7d1d33e0cb1a8477435bdaec24cd33543c0d5cacee63fd9caf232fd3,1480,44,36,239,
1.0,versemap-reference-d9969e023145ab13,walt-whitman,Walt Whitman,walt-whitman-798bbcaf61597902,"Earth, My Likeness","Walt Whitman/Earth, My Likeness.txt",372,a72a03f396c547ea4784dc715417e2d4a65b572e4f02fb51dcf7839b5a93a977,a72a03f396c547ea4784dc715417e2d4a65b572e4f02fb51dcf7839b5a93a977,370,8,8,70,
1.0,versemap-reference-d9969e023145ab13,walt-whitman,Walt Whitman,walt-whitman-fb699362ca2b4139,Eidolons,Walt Whitman/Eidolons.txt,3417,c9d263e0fba0b77d93a37de8fc7c998afb200b329aec232e09e3cf834429e82a,c9d263e0fba0b77d93a37de8fc7c998afb200b329aec232e09e3cf834429e82a,3381,104,84,502,
1.0,versemap-reference-d9969e023145ab13,walt-whitman,Walt Whitman,walt-whitman-93358d3d6268b5f8,Eighteen Sixty-One,Walt Whitman/Eighteen Sixty-One.txt,1219,2beb9d803eaaa00571abc4800b3947833c74d2b85ba39f0b335c1f0e940cfb14,2beb9d803eaaa00571abc4800b3947833c74d2b85ba39f0b335c1f0e940cfb14,1211,23,23,203,
1.0,versemap-reference-d9969e023145ab13,walt-whitman,Walt Whitman,walt-whitman-5e27a84da4c71be2,"Election Day, November, 1884","Walt Whitman/Election Day, November, 1884.txt",1248,c127d5e6a06640a6faf3792744063c0df61d34976ff246ca8a96945951e92a4d,c127d5e6a06640a6faf3792744063c0df61d34976ff246ca8a96945951e92a4d,1220,22,22,185,
1.0,versemap-reference-d9969e023145ab13,walt-whitman,Walt Whitman,walt-whitman-2b7560456a1d8ee7,Ethiopia Saluting the Colors,Walt Whitman/Ethiopia Saluting the Colors.txt,868,47cd191f24a499d400e34c93613058aeabea16c735369f923c1c55dc8d41293b,47cd191f24a499d400e34c93613058aeabea16c735369f923c1c55dc8d41293b,856,19,15,152,
1.0,versemap-reference-d9969e023145ab13,walt-whitman,Walt Whitman,walt-whitman-e00ba3aff117738c,Europe [The 72d and 73d Years of These States],Walt Whitman/Europe [The 72d and 73d Years of These States].txt,2405,8154e408df81ea432874074b37533eb2cacc60ef240faac54603623e69efda84,8154e408df81ea432874074b37533eb2cacc60ef240faac54603623e69efda84,2381,59,48,409,
1.0,versemap-reference-d9969e023145ab13,walt-whitman,Walt Whitman,walt-whitman-6e4cc62c8de589c3,Excelsior,Walt Whitman/Excelsior.txt,1095,a4f17181eb9bd7dd30bcf22235996f96b7d0cfe1cd9316e9d86e28d9ddcab51e,a4f17181eb9bd7dd30bcf22235996f96b7d0cfe1cd9316e9d86e28d9ddcab51e,1087,18,18,210,
1.0,versemap-reference-d9969e023145ab13,walt-whitman,Walt Whitman,walt-whitman-a167c30bc482005a,Faces,Walt Whitman/Faces.txt,5107,87ab28f2ea3dbf4e93a71c175e942fdcf2be5c5fa7f61469f37a52bb9292e5c1,87ab28f2ea3dbf4e93a71c175e942fdcf2be5c5fa7f61469f37a52bb9292e5c1,5069,131,104,897,
1.0,versemap-reference-d9969e023145ab13,walt-whitman,Walt Whitman,walt-whitman-97450d439c9686ea,Facing West from California’s Shores,Walt Whitman/Facing West from California’s Shores.txt,648,33253b47bc2121e7e78c15b78499d853abb486ef90dc599ee3bd6c1864bbdce7,33253b47bc2121e7e78c15b78499d853abb486ef90dc599ee3bd6c1864bbdce7,640,12,12,110,
1.0,versemap-reference-d9969e023145ab13,walt-whitman,Walt Whitman,walt-whitman-73bdb709a9c5cb32,FANCIES AT NAVESINK,Walt Whitman/FANCIES AT NAVESINK.txt,4046,96ad39045fabbcf198488a41d805018023b886f167dc5aaaa3438e1d71cb9828,96ad39045fabbcf198488a41d805018023b886f167dc5aaaa3438e1d71cb9828,4006,95,78,667,
1.0,versemap-reference-d9969e023145ab13,walt-whitman,Walt Whitman,walt-whitman-ab3353824450473f,Fast Anchor’d Eternal O Love!,Walt Whitman/Fast Anchor’d Eternal O Love!.txt,299,411e8aadacb69c7c5597ca340ee901c3c235ffe0679f8de92cdc62b677f86d50,411e8aadacb69c7c5597ca340ee901c3c235ffe0679f8de92cdc62b677f86d50,297,6,6,54,
1.0,versemap-reference-d9969e023145ab13,walt-whitman,Walt Whitman,walt-whitman-b8ff19aa3cda69d0,First O Songs for a Prelude,Walt Whitman/First O Songs for a Prelude.txt,3875,0a5e47e6c1007361555c267e8d67c05310d56820dc88dfdcfa6354f3652aa6a7,0a5e47e6c1007361555c267e8d67c05310d56820dc88dfdcfa6354f3652aa6a7,3837,81,74,645,
1.0,versemap-reference-d9969e023145ab13,walt-whitman,Walt Whitman,walt-whitman-bd2108dc31acf759,For Him I Sing,Walt Whitman/For Him I Sing.txt,224,434fee0fda20bf8962545457ea878b6e5149627863ed0ed926d88b24157bbdf3,434fee0fda20bf8962545457ea878b6e5149627863ed0ed926d88b24157bbdf3,224,5,5,45,
1.0,versemap-reference-d9969e023145ab13,walt-whitman,Walt Whitman,walt-whitman-c2088ec1782358ba,"For You, O Democracy","Walt Whitman/For You, O Democracy.txt",612,ef5fd4fcc452ec677f8d43747adb7167c73871935e21a2239128bce7b9202532,ef5fd4fcc452ec677f8d43747adb7167c73871935e21a2239128bce7b9202532,610,14,12,106,
1.0,versemap-reference-d9969e023145ab13,walt-whitman,Walt Whitman,walt-whitman-9a7baabbafa0ec44,France [the 18th Year of these States,Walt Whitman/France [the 18th Year of these States.txt,1832,f0c72e0ae08b0fe13c025cee0460cd16677fe1725b91330189f969b5c1a81c07,f0c72e0ae08b0fe13c025cee0460cd16677fe1725b91330189f969b5c1a81c07,1822,40,36,330,
1.0,versemap-reference-d9969e023145ab13,walt-whitman,Walt Whitman,walt-whitman-12221d84a4da4add,"From Far Dakota’s Canyons [June 25, 1876]","Walt Whitman/From Far Dakota’s Canyons [June 25, 1876].txt",1387,658836573ed4ab79ffd9ce73dc69a6495949183b13c3fecefdb2d35054f67e47,658836573ed4ab79ffd9ce73dc69a6495949183b13c3fecefdb2d35054f67e47,1377,34,30,231,
1.0,versemap-reference-d9969e023145ab13,walt-whitman,Walt Whitman,walt-whitman-3d8ee2a4e70e110c,From Montauk Point,Walt Whitman/From Montauk Point.txt,273,10f35ffa963a75ebef7087f6965da02091a61fee53c8d8b8aa9d411724c7bf6d,10f35ffa963a75ebef7087f6965da02091a61fee53c8d8b8aa9d411724c7bf6d,271,6,6,46,
1.0,versemap-reference-d9969e023145ab13,walt-whitman,Walt Whitman,walt-whitman-9e89c591536af481,From Paumanok Starting I Fly Like a Bird,Walt Whitman/From Paumanok Starting I Fly Like a Bird.txt,692,fc6940b8f54202253708bba1ec88c4827c29723c3ca3314c0a6712ee0b1e1911,fc6940b8f54202253708bba1ec88c4827c29723c3ca3314c0a6712ee0b1e1911,692,12,12,125,
1.0,versemap-reference-d9969e023145ab13,walt-whitman,Walt Whitman,walt-whitman-0ad3e45a97eb868c,From Pent-Up Aching Rivers,Walt Whitman/From Pent-Up Aching Rivers.txt,3433,6e97e8273603dfd73e3faac86f9f2f5f0781a41518bd22baaef75e11ea7e2138,6e97e8273603dfd73e3faac86f9f2f5f0781a41518bd22baaef75e11ea7e2138,3423,68,68,610,
1.0,versemap-reference-d9969e023145ab13,walt-whitman,Walt Whitman,walt-whitman-b3a69c2291917f16,Full of Life Now,Walt Whitman/Full of Life Now.txt,462,50a3e8bbd15f871b4ef5b8def76cc40adf4004c5918450e44780273869962148,50a3e8bbd15f871b4ef5b8def76cc40adf4004c5918450e44780273869962148,462,9,8,89,
1.0,versemap-reference-d9969e023145ab13,walt-whitman,Walt Whitman,walt-whitman-1938415f519fb2cc,Germs,Walt Whitman/Germs.txt,575,78cda41356a64b66c2954e42138f99168fb27e4aad7c317467b81728bc5dc8ae,78cda41356a64b66c2954e42138f99168fb27e4aad7c317467b81728bc5dc8ae,575,10,10,92,
1.0,versemap-reference-d9969e023145ab13,walt-whitman,Walt Whitman,walt-whitman-ab3df474eaa87bba,Give Me the Splendid Silent Sun,Walt Whitman/Give Me the Splendid Silent Sun.txt,2949,02faed7a7cc312ac826be4a2ba11f7d08021c48e8326720cda88e9b403bbccf7,02faed7a7cc312ac826be4a2ba11f7d08021c48e8326720cda88e9b403bbccf7,2929,58,56,491,
1.0,versemap-reference-d9969e023145ab13,walt-whitman,Walt Whitman,walt-whitman-77fa524e8dc45262,Gliding O’er all,Walt Whitman/Gliding O’er all.txt,173,6e6b8ae949522e1d437487c301e80c95f232dbe06578a37d91267cec388ebbb9,6e6b8ae949522e1d437487c301e80c95f232dbe06578a37d91267cec388ebbb9,169,5,5,30,
1.0,versemap-reference-d9969e023145ab13,walt-whitman,Walt Whitman,walt-whitman-97b7f92b47eaafd1,Gods,Walt Whitman/Gods.txt,708,35456dabaf415515a14f678c7985a566831e806f9351326d0bfd96d133956dfe,35456dabaf415515a14f678c7985a566831e806f9351326d0bfd96d133956dfe,706,26,21,128,
1.0,versemap-reference-d9969e023145ab13,walt-whitman,Walt Whitman,walt-whitman-bac4cd88e757a08e,Good-Bye My Fancy!,Walt Whitman/Good-Bye My Fancy!.txt,889,5affcb51dff5ba22aa926ffd3d6540f90a6bd473822dcb4499c7292a87548f0b,5affcb51dff5ba22aa926ffd3d6540f90a6bd473822dcb4499c7292a87548f0b,875,23,20,154,
1.0,versemap-reference-d9969e023145ab13,walt-whitman,Walt Whitman,walt-whitman-c260912e56b875a4,Good-Bye My Fancy,Walt Whitman/Good-Bye My Fancy.txt,192,9b3dc3e325fc09b40959e67bad1cd22acabcf4bc9f0f1217b64f6c21f6b73a07,9b3dc3e325fc09b40959e67bad1cd22acabcf4bc9f0f1217b64f6c21f6b73a07,188,4,4,39,
1.0,versemap-reference-d9969e023145ab13,walt-whitman,Walt Whitman,walt-whitman-3361c0720eaf2221,Grand Is the Seen,Walt Whitman/Grand Is the Seen.txt,523,fd7f759398ff4c59604e911c8722ad366f1beb491cc1f7f3ae2b36e9120c4ff0,fd7f759398ff4c59604e911c8722ad366f1beb491cc1f7f3ae2b36e9120c4ff0,523,10,10,87,
1.0,versemap-reference-d9969e023145ab13,walt-whitman,Walt Whitman,walt-whitman-b74395dbfbd26fec,Halcyon Days,Walt Whitman/Halcyon Days.txt,503,3c53139c97e9e49c697a4b280872b74ad9554d9ff8565ceca9f89ed0bedd918a,3c53139c97e9e49c697a4b280872b74ad9554d9ff8565ceca9f89ed0bedd918a,499,9,9,83,
1.0,versemap-reference-d9969e023145ab13,walt-whitman,Walt Whitman,walt-whitman-5941a39c46b79fd6,Hast Never Come to Thee an Hour,Walt Whitman/Hast Never Come to Thee an Hour.txt,200,0804402aef551a25140fdf51985b236eb1e7d31cb1ed9a8e062f90912227e8e5,0804402aef551a25140fdf51985b236eb1e7d31cb1ed9a8e062f90912227e8e5,200,5,5,29,
1.0,versemap-reference-d9969e023145ab13,walt-whitman,Walt Whitman,walt-whitman-b30397840a4fdc65,Here the Frailest Leaves of Me,Walt Whitman/Here the Frailest Leaves of Me.txt,178,886e9802b0872146e3a38a0b27a493cbf7347dbb1081691b67aafcc500af3dbe,886e9802b0872146e3a38a0b27a493cbf7347dbb1081691b67aafcc500af3dbe,178,3,3,35,suspiciously_short
1.0,versemap-reference-d9969e023145ab13,walt-whitman,Walt Whitman,walt-whitman-c20c7d8d809db4d8,"How Solemn As One by One [Washington City, 1865]","Walt Whitman/How Solemn As One by One [Washington City, 1865].txt",652,f6d77ffa488c12e1f7383f7e779ab128282e87ac1d3e1f99a8dda9d013011902,f6d77ffa488c12e1f7383f7e779ab128282e87ac1d3e1f99a8dda9d013011902,652,13,13,124,
1.0,versemap-reference-d9969e023145ab13,walt-whitman,Walt Whitman,walt-whitman-c37029f63a0ab08b,"Hush’d Be the Camps To-Day [May 4, 1865","Walt Whitman/Hush’d Be the Camps To-Day [May 4, 1865.txt",534,6c3247b669d841e536747ad88322a2018b6e2c83237fe374eab5bc4a02415685,6c3247b669d841e536747ad88322a2018b6e2c83237fe374eab5bc4a02415685,526,15,12,93,
1.0,versemap-reference-d9969e023145ab13,walt-whitman,Walt Whitman,walt-whitman-0c2a94120d4e14c5,I Am He That Aches with Love,Walt Whitman/I Am He That Aches with Love.txt,154,ed6d273c6314ecc7f743d55ed003dd66ecca6b7382a127cc7f4e8c483d974d1e,ed6d273c6314ecc7f743d55ed003dd66ecca6b7382a127cc7f4e8c483d974d1e,154,3,3,31,suspiciously_short
1.0,versemap-reference-d9969e023145ab13,walt-whitman,Walt Whitman,walt-whitman-6339ac6d2461054f,I Dream’d in a Dream,Walt Whitman/I Dream’d in a Dream.txt,324,56e9dd97c7be62526925ce453077ed88ba7ef55d5923aead340c24bdc5181273,56e9dd97c7be62526925ce453077ed88ba7ef55d5923aead340c24bdc5181273,320,6,6,66,
1.0,versemap-reference-d9969e023145ab13,walt-whitman,Walt Whitman,walt-whitman-849754bd9907f9d8,I Hear America Singing,Walt Whitman/I Hear America Singing.txt,865,3adba4cedf34fcfb7f05b446d46e8f2822af1edb800b23e12b89900f1002a663,3adba4cedf34fcfb7f05b446d46e8f2822af1edb800b23e12b89900f1002a663,861,16,16,154,
1.0,versemap-reference-d9969e023145ab13,walt-whitman,Walt Whitman,walt-whitman-2beefdddcf1935de,I Hear It Was Charged Against Me,Walt Whitman/I Hear It Was Charged Against Me.txt,502,a6ef27b38a92352c39f83b94220a92882bcdf6a3ed7642e8a01c05584aa8f934,a6ef27b38a92352c39f83b94220a92882bcdf6a3ed7642e8a01c05584aa8f934,502,10,10,88,
1.0,versemap-reference-d9969e023145ab13,walt-whitman,Walt Whitman,walt-whitman-1b59d1bb7f7af81e,I Heard You Solemn-Sweet Pipes of the Organ,Walt Whitman/I Heard You Solemn-Sweet Pipes of the Organ.txt,506,60bfadb0935ed4cf9b6b3fbc8a8f88aa18577fdd5d7d64fa02039293132dd29d,60bfadb0935ed4cf9b6b3fbc8a8f88aa18577fdd5d7d64fa02039293132dd29d,500,10,10,92,
1.0,versemap-reference-d9969e023145ab13,walt-whitman,Walt Whitman,walt-whitman-e15819a1bdce56f7,I Saw in Louisiana a Live-Oak Growing,Walt Whitman/I Saw in Louisiana a Live-Oak Growing.txt,916,f176cf9bf8cad44d21d1b158a74dcce30cd2fb7e4ad726c224d4a07acea9c6ba,f176cf9bf8cad44d21d1b158a74dcce30cd2fb7e4ad726c224d4a07acea9c6ba,914,16,16,177,
1.0,versemap-reference-d9969e023145ab13,walt-whitman,Walt Whitman,walt-whitman-c8d3faf6aee95941,I Saw Old General at Bay,Walt Whitman/I Saw Old General at Bay.txt,485,c63424d0f817daaa1186ec77dcc390d84ee7f75e3afa16479f92075952c107e9,c63424d0f817daaa1186ec77dcc390d84ee7f75e3afa16479f92075952c107e9,477,9,9,86,
1.0,versemap-reference-d9969e023145ab13,walt-whitman,Walt Whitman,walt-whitman-2d76d7c734ac06f9,I Sing the Body Electric,Walt Whitman/I Sing the Body Electric.txt,12645,4e0e2a341c07735e7969b53a6e8be36783bbf0e29b400d57e745c655b105bdf1,4e0e2a341c07735e7969b53a6e8be36783bbf0e29b400d57e745c655b105bdf1,12593,270,240,2184,
1.0,versemap-reference-d9969e023145ab13,walt-whitman,Walt Whitman,walt-whitman-9c5cd1287c907962,I Sit and Look Out,Walt Whitman/I Sit and Look Out.txt,926,afa40a0dbb61c2bc79f110110f783c278457ad33c64b1eeb8f65d096835896e3,afa40a0dbb61c2bc79f110110f783c278457ad33c64b1eeb8f65d096835896e3,924,18,18,160,
1.0,versemap-reference-d9969e023145ab13,walt-whitman,Walt Whitman,walt-whitman-618a58fcbbf95963,I Was Looking a Long While,Walt Whitman/I Was Looking a Long While.txt,710,313d378027c0b9be3d3d0b914c892a13fe176b53cc345e36deb23a2e458df99e,313d378027c0b9be3d3d0b914c892a13fe176b53cc345e36deb23a2e458df99e,710,13,13,133,
1.0,versemap-reference-d9969e023145ab13,walt-whitman,Walt Whitman,walt-whitman-cd52f32b3854bb13,In Cabin’d Ships at Sea,Walt Whitman/In Cabin’d Ships at Sea.txt,1496,0fff2f432617cc1874702289e8066700f868292474b805aa931a6b1fdabd2520,0fff2f432617cc1874702289e8066700f868292474b805aa931a6b1fdabd2520,1482,31,29,266,
1.0,versemap-reference-d9969e023145ab13,walt-whitman,Walt Whitman,walt-whitman-33e2a8b3ce937221,In Paths Untrodden,Walt Whitman/In Paths Untrodden.txt,997,a9528d1043aec0220020a63b1fd50def85e265886156cf4bab4c80a26027b7f6,a9528d1043aec0220020a63b1fd50def85e265886156cf4bab4c80a26027b7f6,987,21,21,170,
1.0,versemap-reference-d9969e023145ab13,walt-whitman,Walt Whitman,walt-whitman-81041850487347c0,Interpolation Sounds,Walt Whitman/Interpolation Sounds.txt,672,39b467397e036afd4531b31d0ecbf0312dad647b640511ebe239615af72106f3,39b467397e036afd4531b31d0ecbf0312dad647b640511ebe239615af72106f3,664,13,13,107,
1.0,versemap-reference-d9969e023145ab13,walt-whitman,Walt Whitman,walt-whitman-04d28bcf22a76220,Italian Music in Dakota,Walt Whitman/Italian Music in Dakota.txt,928,ee2264393e69918908ce85967e0dad09978b8b51cf18a69617ef56c19276f706,ee2264393e69918908ce85967e0dad09978b8b51cf18a69617ef56c19276f706,904,20,18,136,
1.0,versemap-reference-d9969e023145ab13,walt-whitman,Walt Whitman,walt-whitman-1d210f5d8c1075f5,"Joy, Shipmate, Joy!","Walt Whitman/Joy, Shipmate, Joy!.txt",225,37f0f964a267bbee73b95d4c12269a621cf45b1b039822deb4e7514ae0aabfab,37f0f964a267bbee73b95d4c12269a621cf45b1b039822deb4e7514ae0aabfab,223,7,7,41,
1.0,versemap-reference-d9969e023145ab13,walt-whitman,Walt Whitman,walt-whitman-de4a34514f7ad558,Kosmos,Walt Whitman/Kosmos.txt,1063,3c4bfc9c2c1d155e7f4d37a71ed93f53b94efda6582da8ab0b09d8d4001d648e,3c4bfc9c2c1d155e7f4d37a71ed93f53b94efda6582da8ab0b09d8d4001d648e,1059,17,17,181,
1.0,versemap-reference-d9969e023145ab13,walt-whitman,Walt Whitman,walt-whitman-ff79a1a9928ec867,L. of G.’s Purport,Walt Whitman/L. of G.’s Purport.txt,698,c6fa0516b5eef16b966effeb0c4175d48a868bf1ae7c17af3aeb2a8a734a4ad4,c6fa0516b5eef16b966effeb0c4175d48a868bf1ae7c17af3aeb2a8a734a4ad4,696,16,14,119,
1.0,versemap-reference-d9969e023145ab13,walt-whitman,Walt Whitman,walt-whitman-673ccc2e9ac424a3,Laws for Creations,Walt Whitman/Laws for Creations.txt,774,615bdcf2a85143ece7fae9abb219152c20761a8321e343f2d74d91aa4294a779,615bdcf2a85143ece7fae9abb219152c20761a8321e343f2d74d91aa4294a779,774,17,16,137,
1.0,versemap-reference-d9969e023145ab13,walt-whitman,Walt Whitman,walt-whitman-7b6f5c02bbbaf5bf,Life and Death,Walt Whitman/Life and Death.txt,184,4c747163c367e17217ed499dd82b8e4583a521ade26375360a4be8c8816c96e8,4c747163c367e17217ed499dd82b8e4583a521ade26375360a4be8c8816c96e8,182,4,4,29,
1.0,versemap-reference-d9969e023145ab13,walt-whitman,Walt Whitman,walt-whitman-091a38d81c1b0c83,Life,Walt Whitman/Life.txt,379,abad9e99bce2dc165eac4847191d301b24b29ba5c544aee2d16717c7b1dfabe5,abad9e99bce2dc165eac4847191d301b24b29ba5c544aee2d16717c7b1dfabe5,375,7,7,57,
1.0,versemap-reference-d9969e023145ab13,walt-whitman,Walt Whitman,walt-whitman-54571f7bb99bcc7b,Lingering Last Drops,Walt Whitman/Lingering Last Drops.txt,240,c3140ac557b9d19f0720d86e8d7355acf22d6762d5ae378aceded774f40eea6f,c3140ac557b9d19f0720d86e8d7355acf22d6762d5ae378aceded774f40eea6f,234,6,5,44,
1.0,versemap-reference-d9969e023145ab13,walt-whitman,Walt Whitman,walt-whitman-8bbce940adc8f40b,"Lo, Victress on the Peaks","Walt Whitman/Lo, Victress on the Peaks.txt",507,7f47bdf7f27599140ac9c494c0806070312d5d6cb0a7b9a5ce45237ac3b171ec,7f47bdf7f27599140ac9c494c0806070312d5d6cb0a7b9a5ce45237ac3b171ec,501,10,10,78,
1.0,versemap-reference-d9969e023145ab13,walt-whitman,Walt Whitman,walt-whitman-96c89dd55c9c7f52,Locations and Times,Walt Whitman/Locations and Times.txt,190,d4dc0870f4e403a0226f20db89e32fb9e8f098cac72b869b0ae9754114270f37,d4dc0870f4e403a0226f20db89e32fb9e8f098cac72b869b0ae9754114270f37,190,4,4,33,
1.0,versemap-reference-d9969e023145ab13,walt-whitman,Walt Whitman,walt-whitman-39c5471e0f987dbc,"Long, Long Hence","Walt Whitman/Long, Long Hence.txt",290,c69b9fe3f02ba7e134ea3ec8c9b41f689c0556d5d7c0ec41b45c02d49dd15cd1,c69b9fe3f02ba7e134ea3ec8c9b41f689c0556d5d7c0ec41b45c02d49dd15cd1,284,5,5,39,
1.0,versemap-reference-d9969e023145ab13,walt-whitman,Walt Whitman,walt-whitman-49e27948552d1cf2,"Long, Too Long America","Walt Whitman/Long, Too Long America.txt",396,2311cee6885acd9efd980748901b546eb6d9721bb42e71f1743b6c48d2747b97,2311cee6885acd9efd980748901b546eb6d9721bb42e71f1743b6c48d2747b97,392,9,9,63,
1.0,versemap-reference-d9969e023145ab13,walt-whitman,Walt Whitman,walt-whitman-400b5e7b7d8300d0,Look Down Fair Moon,Walt Whitman/Look Down Fair Moon.txt,215,f08d8bd3137698ef2442ea4b8c555a880e7905d00b21d02b228797e4488beb45,f08d8bd3137698ef2442ea4b8c555a880e7905d00b21d02b228797e4488beb45,211,4,4,36,
1.0,versemap-reference-d9969e023145ab13,walt-whitman,Walt Whitman,walt-whitman-defd6c6dce3aa0be,"Mannahatta - I was asking for something specific and perfect for my city,","Walt Whitman/Mannahatta - I was asking for something specific and perfect for my city,.txt",1718,ae98a6b1b11ff5e6dcd30ae399c570afbee78405c5a8c00e6e12a8f416219645,ae98a6b1b11ff5e6dcd30ae399c570afbee78405c5a8c00e6e12a8f416219645,1708,31,30,258,
1.0,versemap-reference-d9969e023145ab13,walt-whitman,Walt Whitman,walt-whitman-cb09ff51c8321e48,"Mannahatta - My city’s fit and noble name resumed,","Walt Whitman/Mannahatta - My city’s fit and noble name resumed,.txt",193,b81ef5e297d63085bee5c7b933991bda0a849c379a5c889cb655e25d2e58957d,b81ef5e297d63085bee5c7b933991bda0a849c379a5c889cb655e25d2e58957d,191,4,4,29,
1.0,versemap-reference-d9969e023145ab13,walt-whitman,Walt Whitman,walt-whitman-b658999474ef0a06,Me Imperturbe,Walt Whitman/Me Imperturbe.txt,645,f96cbd01d50ee3aa2c1dd37983e212411b19c3e6007f4b4bd321b8d5b56ac4b0,f96cbd01d50ee3aa2c1dd37983e212411b19c3e6007f4b4bd321b8d5b56ac4b0,645,12,12,109,
1.0,versemap-reference-d9969e023145ab13,walt-whitman,Walt Whitman,walt-whitman-4ffc17444580f9ef,Mediums,Walt Whitman/Mediums.txt,943,90eeb7586e796d13eb5879e9edf47662b3a38a26709323e39d61e601de145a0f,90eeb7586e796d13eb5879e9edf47662b3a38a26709323e39d61e601de145a0f,937,17,17,145,
1.0,versemap-reference-d9969e023145ab13,walt-whitman,Walt Whitman,walt-whitman-2144a8f0359c7fb3,Memories,Walt Whitman/Memories.txt,148,59954cdcc09264fa0902dba53cb1a6ab0aa1608e2fa48d8cfb870c7e39e47eb7,59954cdcc09264fa0902dba53cb1a6ab0aa1608e2fa48d8cfb870c7e39e47eb7,148,3,3,22,suspiciously_short
1.0,versemap-reference-d9969e023145ab13,walt-whitman,Walt Whitman,walt-whitman-214fa6b84fa4f16e,Miracles,Walt Whitman/Miracles.txt,1252,2196a42310c6a7684e7b929efea5fa419bc689b54adc526fa2c7be4d49d505c9,2196a42310c6a7684e7b929efea5fa419bc689b54adc526fa2c7be4d49d505c9,1252,27,26,245,
1.0,versemap-reference-d9969e023145ab13,walt-whitman,Walt Whitman,walt-whitman-cf9321eddf7bf6fc,Mirages,Walt Whitman/Mirages.txt,1003,a7f47c2cbb6cdc1bcd909eae3d3c2244da4dfc96d0ed528d31c420e755ebd34b,a7f47c2cbb6cdc1bcd909eae3d3c2244da4dfc96d0ed528d31c420e755ebd34b,991,18,18,167,
1.0,versemap-reference-d9969e023145ab13,walt-whitman,Walt Whitman,walt-whitman-7afbb0c6df1bb426,Mother and Babe,Walt Whitman/Mother and Babe.txt,127,51db04df265e46ad123ea35a8c7b24b0a056db822fe27c773db8259b80c2f94d,51db04df265e46ad123ea35a8c7b24b0a056db822fe27c773db8259b80c2f94d,125,2,2,23,suspiciously_short
1.0,versemap-reference-d9969e023145ab13,walt-whitman,Walt Whitman,walt-whitman-caed2e571e79a952,MY 71st Year,Walt Whitman/MY 71st Year.txt,427,feb9bb374aa3a0e27f9667aa894ef26f3d253bb55854647c2e4a3f4146929572,feb9bb374aa3a0e27f9667aa894ef26f3d253bb55854647c2e4a3f4146929572,421,9,9,64,
1.0,versemap-reference-d9969e023145ab13,walt-whitman,Walt Whitman,walt-whitman-e62e0e14da775178,My Canary Bird,Walt Whitman/My Canary Bird.txt,281,1758b127122d8a5b7d20a1bb7b34e31dac6a4d383a6905ceaf97045c699f69bd,1758b127122d8a5b7d20a1bb7b34e31dac6a4d383a6905ceaf97045c699f69bd,281,5,5,51,
1.0,versemap-reference-d9969e023145ab13,walt-whitman,Walt Whitman,walt-whitman-f47ce3a62013a79a,My Legacy,Walt Whitman/My Legacy.txt,612,932ba8717e0a9b05d4230ea698bf340ea2798fb386f1cd6968cc18f404a855e3,932ba8717e0a9b05d4230ea698bf340ea2798fb386f1cd6968cc18f404a855e3,612,13,12,103,
1.0,versemap-reference-d9969e023145ab13,walt-whitman,Walt Whitman,walt-whitman-9e40b020bf584d9d,My Picture-Gallery,Walt Whitman/My Picture-Gallery.txt,374,b7268516f66bcb704ccaf40d450e425d4163d6f5cc9bdcd2cf5f7ddfa9863f8c,b7268516f66bcb704ccaf40d450e425d4163d6f5cc9bdcd2cf5f7ddfa9863f8c,370,6,6,72,
1.0,versemap-reference-d9969e023145ab13,walt-whitman,Walt Whitman,walt-whitman-42b01b1ff97f0881,Myself and Mine,Walt Whitman/Myself and Mine.txt,2295,2785b713a2d8fc71c8c902c2d46820da75ba03a17df195baa0c1d73cc0f286ee,2785b713a2d8fc71c8c902c2d46820da75ba03a17df195baa0c1d73cc0f286ee,2293,56,46,414,
1.0,versemap-reference-d9969e023145ab13,walt-whitman,Walt Whitman,walt-whitman-b22ecde66d3bd4ac,Native Moments,Walt Whitman/Native Moments.txt,786,f3e8f4bbaf1bd98fddb818c98a605207b4402e9ad563a23f76972fce4f572262,f3e8f4bbaf1bd98fddb818c98a605207b4402e9ad563a23f76972fce4f572262,780,15,15,149,
1.0,versemap-reference-d9969e023145ab13,walt-whitman,Walt Whitman,walt-whitman-68338bf114daf171,Night on the Prairies,Walt Whitman/Night on the Prairies.txt,1125,c2a5ee6ffc03bb9bd4807c07a10b9a6bc8ca02c91dd0ddd8097d5bda5ff1896e,c2a5ee6ffc03bb9bd4807c07a10b9a6bc8ca02c91dd0ddd8097d5bda5ff1896e,1121,26,21,209,
1.0,versemap-reference-d9969e023145ab13,walt-whitman,Walt Whitman,walt-whitman-54c5e4ac1ee4d97f,No Labor-Saving Machine,Walt Whitman/No Labor-Saving Machine.txt,339,82bb00d4a82c19772cc302eda2a8a36f57673e9881ac5745c16edf07ec48b6eb,82bb00d4a82c19772cc302eda2a8a36f57673e9881ac5745c16edf07ec48b6eb,339,8,8,58,
1.0,versemap-reference-d9969e023145ab13,walt-whitman,Walt Whitman,walt-whitman-5eb5b99735a18b61,Not Heat Flames Up and Consumes,Walt Whitman/Not Heat Flames Up and Consumes.txt,664,b86f6970a747823042fe61650e49e9ac168f8135ce73c6e02dde85b94d9d2d27,b86f6970a747823042fe61650e49e9ac168f8135ce73c6e02dde85b94d9d2d27,664,13,13,120,
1.0,versemap-reference-d9969e023145ab13,walt-whitman,Walt Whitman,walt-whitman-d4a70487888f9ce7,Not Heaving from My Ribb’d Breast Only,Walt Whitman/Not Heaving from My Ribb’d Breast Only.txt,999,868597ea93bd4fc0553d4a869dc14fa45506327139c8e3907d6d493e74263490,868597ea93bd4fc0553d4a869dc14fa45506327139c8e3907d6d493e74263490,993,19,19,181,
1.0,versemap-reference-d9969e023145ab13,walt-whitman,Walt Whitman,walt-whitman-f0bed3c39e5789f4,"Not Meagre, Latent Boughs Alone","Walt Whitman/Not Meagre, Latent Boughs Alone.txt",380,f8b3793e758434c2561811e590ef4438007a5dfafd466ef4ebf8e03d3174a19a,f8b3793e758434c2561811e590ef4438007a5dfafd466ef4ebf8e03d3174a19a,378,8,8,59,
1.0,versemap-reference-d9969e023145ab13,walt-whitman,Walt Whitman,walt-whitman-55b278b787b3cbaa,Not the Pilot,Walt Whitman/Not the Pilot.txt,426,add99c90871f4d7942d5f9c4b5fbe7b8632ddae6755e1a384ea3e79818e906dc,add99c90871f4d7942d5f9c4b5fbe7b8632ddae6755e1a384ea3e79818e906dc,422,8,8,67,
1.0,versemap-reference-d9969e023145ab13,walt-whitman,Walt Whitman,walt-whitman-99abd762df12ec3e,Not Youth Pertains to Me,Walt Whitman/Not Youth Pertains to Me.txt,452,b12afcc1325ffafb6b641bc90608a40a89e8926cb50070ae424b02238f4973cf,b12afcc1325ffafb6b641bc90608a40a89e8926cb50070ae424b02238f4973cf,444,10,10,77,
1.0,versemap-reference-d9969e023145ab13,walt-whitman,Walt Whitman,walt-whitman-a16bf125c4893af3,Now Finale to the Shore,Walt Whitman/Now Finale to the Shore.txt,439,1a09f1d32d909ac5ecaf3093043c9239e5b08791154a0bac8d2ae79e888c5115,1a09f1d32d909ac5ecaf3093043c9239e5b08791154a0bac8d2ae79e888c5115,429,10,10,73,
1.0,versemap-reference-d9969e023145ab13,walt-whitman,Walt Whitman,walt-whitman-bf4545ef0edaffa0,"Now Precedent Songs, Farewell","Walt Whitman/Now Precedent Songs, Farewell.txt",947,d57c951323758f39473b5e144654249d0c8d01e8be1ff543aae315d7c736bf6d,d57c951323758f39473b5e144654249d0c8d01e8be1ff543aae315d7c736bf6d,931,18,18,158,
1.0,versemap-reference-d9969e023145ab13,walt-whitman,Walt Whitman,walt-whitman-1652241bbd313c20,O Captain! My Captain!,Walt Whitman/O Captain! My Captain!.txt,1161,47a25b0bdb6d0e064a7d91fb4d4de1f6e64e11296eb8b85844c3b2c641f9ce1d,47a25b0bdb6d0e064a7d91fb4d4de1f6e64e11296eb8b85844c3b2c641f9ce1d,1153,26,24,202,
1.0,versemap-reference-d9969e023145ab13,walt-whitman,Walt Whitman,walt-whitman-8d9e61fb52c6fb44,O Hymen! O Hymenee!,Walt Whitman/O Hymen! O Hymenee!.txt,233,0f2355244883f50524a90b8f361b07fdb3194caf1fd77394774bd594b502069b,0f2355244883f50524a90b8f361b07fdb3194caf1fd77394774bd594b502069b,233,5,5,46,
1.0,versemap-reference-d9969e023145ab13,walt-whitman,Walt Whitman,walt-whitman-12240e22359ecee4,"O Living Always, Always Dying","Walt Whitman/O Living Always, Always Dying.txt",367,18d457d5f6c6f3238d5c0c93e0274f8766cc8e0ba37339367eb500e39a33e5e1,18d457d5f6c6f3238d5c0c93e0274f8766cc8e0ba37339367eb500e39a33e5e1,367,7,7,70,
1.0,versemap-reference-d9969e023145ab13,walt-whitman,Walt Whitman,walt-whitman-5615ebcd6388ceb5,O Magnet-South,Walt Whitman/O Magnet-South.txt,2352,81b4a1a7e2b59832e5fe06b4d4c1f183f8dcb98bb4ac0cf8e33e4d0f77a99533,81b4a1a7e2b59832e5fe06b4d4c1f183f8dcb98bb4ac0cf8e33e4d0f77a99533,2346,44,44,383,
1.0,versemap-reference-d9969e023145ab13,walt-whitman,Walt Whitman,walt-whitman-d4bff8aa6ee80ab5,O Me! O Life!,Walt Whitman/O Me! O Life!.txt,679,ed9d94a667b7022e92fc9e7d306288108cd53ece133a85c114569cf98d8d2b20,ed9d94a667b7022e92fc9e7d306288108cd53ece133a85c114569cf98d8d2b20,675,14,13,121,
1.0,versemap-reference-d9969e023145ab13,walt-whitman,Walt Whitman,walt-whitman-50b0e2d02868b84c,O Star of France [1870-71],Walt Whitman/O Star of France [1870-71].txt,1916,743c45ddfe6a1d0277a4fe42ffd01856cf998e34051cc315a4f03d55a262074a,743c45ddfe6a1d0277a4fe42ffd01856cf998e34051cc315a4f03d55a262074a,1894,48,41,324,
1.0,versemap-reference-d9969e023145ab13,walt-whitman,Walt Whitman,walt-whitman-a4057463680fb2da,O Tan-Faced Prairie-Boy,Walt Whitman/O Tan-Faced Prairie-Boy.txt,291,017f7d6b9f41113cd63929a4b2d49d9481a3f3146287178048efd9ba222a9b89,017f7d6b9f41113cd63929a4b2d49d9481a3f3146287178048efd9ba222a9b89,289,6,6,52,
1.0,versemap-reference-d9969e023145ab13,walt-whitman,Walt Whitman,walt-whitman-bb418e050bc993bb,O You Whom I Often and Silently Come,Walt Whitman/O You Whom I Often and Silently Come.txt,234,e1d62d2e047aeb80458a2cf88bf2c7dfd82bfc1744418ffeea691ab3bb31ea2e,e1d62d2e047aeb80458a2cf88bf2c7dfd82bfc1744418ffeea691ab3bb31ea2e,234,4,4,49,
1.0,versemap-reference-d9969e023145ab13,walt-whitman,Walt Whitman,walt-whitman-8441342c475333ea,Of Him I Love Day and Night,Walt Whitman/Of Him I Love Day and Night.txt,1085,af98e0e33563ac2ee13bf195df592daf0aca3d272821c08fa0b297d5d47a6c6d,af98e0e33563ac2ee13bf195df592daf0aca3d272821c08fa0b297d5d47a6c6d,1069,18,18,202,
1.0,versemap-reference-d9969e023145ab13,walt-whitman,Walt Whitman,walt-whitman-7386dfa83e2331c6,Of That Blithe Throat of Thine,Walt Whitman/Of That Blithe Throat of Thine.txt,587,e267720effcb87ceb98c004aa0afe02ff199206c6b83f22b8987e3c0a17ba7ae,e267720effcb87ceb98c004aa0afe02ff199206c6b83f22b8987e3c0a17ba7ae,573,10,10,103,
1.0,versemap-reference-d9969e023145ab13,walt-whitman,Walt Whitman,walt-whitman-57399869ba86dcfc,Of the Terrible Doubt of Appearances,Walt Whitman/Of the Terrible Doubt of Appearances.txt,1433,3d7994f8a64f446e50adf8dfc35433a88a0fa332e6e359d04f1aed04c71761c6,3d7994f8a64f446e50adf8dfc35433a88a0fa332e6e359d04f1aed04c71761c6,1431,27,27,251,
1.0,versemap-reference-d9969e023145ab13,walt-whitman,Walt Whitman,walt-whitman-5c7634d4778f7988,Offerings,Walt Whitman/Offerings.txt,132,00b819c61dd056f68fcc2bb40ba5178c5f93015e03aa92ba606378f53877bba9,00b819c61dd056f68fcc2bb40ba5178c5f93015e03aa92ba606378f53877bba9,132,3,3,21,suspiciously_short
1.0,versemap-reference-d9969e023145ab13,walt-whitman,Walt Whitman,walt-whitman-1ce9c2f8ae301e4e,Old Age’s Lambent Peaks,Walt Whitman/Old Age’s Lambent Peaks.txt,531,cdb665a20ebc10c1e9828bb88cac1b6b1ce007ca8e484e7b10726962e75f08db,cdb665a20ebc10c1e9828bb88cac1b6b1ce007ca8e484e7b10726962e75f08db,519,9,9,83,
1.0,versemap-reference-d9969e023145ab13,walt-whitman,Walt Whitman,walt-whitman-70cbbbe67660fbcf,Old Age’s Ship & Crafty Death’s,Walt Whitman/Old Age’s Ship & Crafty Death’s.txt,458,18ee319d55c8f03c9d7396662d4a6251376d89f5ba9ab0b769a17a77e5ada86d,18ee319d55c8f03c9d7396662d4a6251376d89f5ba9ab0b769a17a77e5ada86d,454,9,9,75,
1.0,versemap-reference-d9969e023145ab13,walt-whitman,Walt Whitman,walt-whitman-473029f03cdd158b,Old Chants,Walt Whitman/Old Chants.txt,1279,5d17da6b2e3b411d259b93d842fdd05787096ef1e7ea042b1f4296a751a3c02e,5d17da6b2e3b411d259b93d842fdd05787096ef1e7ea042b1f4296a751a3c02e,1277,29,27,191,
1.0,versemap-reference-d9969e023145ab13,walt-whitman,Walt Whitman,walt-whitman-f3a426332791dabf,Old Ireland,Walt Whitman/Old Ireland.txt,1010,4496c09c43ce322d537c3df1761d4eddc10c2a9ffb2f6255d21ef400656d287a,4496c09c43ce322d537c3df1761d4eddc10c2a9ffb2f6255d21ef400656d287a,996,20,19,187,
1.0,versemap-reference-d9969e023145ab13,walt-whitman,Walt Whitman,walt-whitman-1fa4bb3414e85581,Old Salt Kossabone,Walt Whitman/Old Salt Kossabone.txt,984,e080edd1dec212b8565d97bce086266f6479eb8c126c5353ad8cfea7fe4af380,e080edd1dec212b8565d97bce086266f6479eb8c126c5353ad8cfea7fe4af380,970,20,20,163,
1.0,versemap-reference-d9969e023145ab13,walt-whitman,Walt Whitman,walt-whitman-6e3a587d30964cbb,Old War-Dreams,Walt Whitman/Old War-Dreams.txt,686,0d8c734f6220385188567e0050f3ac2d389f68263067b1a3adc2d727c1c691da,0d8c734f6220385188567e0050f3ac2d389f68263067b1a3adc2d727c1c691da,684,17,15,122,
1.0,versemap-reference-d9969e023145ab13,walt-whitman,Walt Whitman,walt-whitman-0559842255a80e48,On Journeys Through the States,Walt Whitman/On Journeys Through the States.txt,877,8559f3beb08ba40c5b8a1907da86291fdb3c48c64ca1c2976e11d507fccc8d4f,8559f3beb08ba40c5b8a1907da86291fdb3c48c64ca1c2976e11d507fccc8d4f,875,19,17,158,
1.0,versemap-reference-d9969e023145ab13,walt-whitman,Walt Whitman,walt-whitman-2a0ff0c24cd8299d,On the Beach at Night Alone,Walt Whitman/On the Beach at Night Alone.txt,860,b9e35363ba54e910a6b179cdc5aa27714e8f8b305dd605f809c57ea12af24822,b9e35363ba54e910a6b179cdc5aa27714e8f8b305dd605f809c57ea12af24822,858,17,16,142,
1.0,versemap-reference-d9969e023145ab13,walt-whitman,Walt Whitman,walt-whitman-e54b04dbb3b9fcec,On the Beach at Night,Walt Whitman/On the Beach at Night.txt,1608,4549aed6956ad2d61d983a0d93d5ddacd4bd58b261fb75594d144b7e1a5873ea,4549aed6956ad2d61d983a0d93d5ddacd4bd58b261fb75594d144b7e1a5873ea,1608,41,36,264,
1.0,versemap-reference-d9969e023145ab13,walt-whitman,Walt Whitman,walt-whitman-c6bb1496d87ac879,"On, on the Same, Ye Jocund Twain!","Walt Whitman/On, on the Same, Ye Jocund Twain!.txt",1140,dddcc25b145d960d22563ef187be90650ac202532361b4bcf3a8ad33ac4900e8,dddcc25b145d960d22563ef187be90650ac202532361b4bcf3a8ad33ac4900e8,1128,21,21,179,
1.0,versemap-reference-d9969e023145ab13,walt-whitman,Walt Whitman,walt-whitman-c223fa2e9c4f87f3,Once I Pass’d Through a Populous City,Walt Whitman/Once I Pass’d Through a Populous City.txt,547,38b6513d85b24dc01c338611aea4d3f8d01e170478816b9afc885f38f02f3816,38b6513d85b24dc01c338611aea4d3f8d01e170478816b9afc885f38f02f3816,543,10,10,102,
1.0,versemap-reference-d9969e023145ab13,walt-whitman,Walt Whitman,walt-whitman-a2fa98a03164deac,One Hour to Madness and Joy,Walt Whitman/One Hour to Madness and Joy.txt,1450,77a4677bb665b1a5e9772ad67cd2a8096582853e912dd8b94efe7f457505bf45,77a4677bb665b1a5e9772ad67cd2a8096582853e912dd8b94efe7f457505bf45,1436,31,28,273,
1.0,versemap-reference-d9969e023145ab13,walt-whitman,Walt Whitman,walt-whitman-e0302338e57b2c86,One’s-Self I Sing,Walt Whitman/One’s-Self I Sing.txt,414,a8707936c50702cdf7871f0071a8f8ec1f720cbf67ee918bc193c4cf6584f6ea,a8707936c50702cdf7871f0071a8f8ec1f720cbf67ee918bc193c4cf6584f6ea,410,11,9,72,
1.0,versemap-reference-d9969e023145ab13,walt-whitman,Walt Whitman,walt-whitman-23a88426741d4dbf,Orange Buds by Mail from Florida,Walt Whitman/Orange Buds by Mail from Florida.txt,382,4c3c8e701beddf1adff7c1991c038115cea19259323ca16a1e2816e22593f1c2,4c3c8e701beddf1adff7c1991c038115cea19259323ca16a1e2816e22593f1c2,378,7,7,65,
1.0,versemap-reference-d9969e023145ab13,walt-whitman,Walt Whitman,walt-whitman-9027b6f23a152f16,Osceola,Walt Whitman/Osceola.txt,648,806a340ddd8253a98e21882e524ffae8f6e2d9d3174e1a5c10bbb1f6409729ea,806a340ddd8253a98e21882e524ffae8f6e2d9d3174e1a5c10bbb1f6409729ea,642,14,13,109,
1.0,versemap-reference-d9969e023145ab13,walt-whitman,Walt Whitman,walt-whitman-27b4a927d8d04307,Others May Praise What They Like,Walt Whitman/Others May Praise What They Like.txt,238,44ada56ceeb0331d1a06088a53efaea512f8b3bb1812af3738f53a43fe8d138e,44ada56ceeb0331d1a06088a53efaea512f8b3bb1812af3738f53a43fe8d138e,238,6,6,41,
1.0,versemap-reference-d9969e023145ab13,walt-whitman,Walt Whitman,walt-whitman-9401650645b5f482,Our Old Feuillage,Walt Whitman/Our Old Feuillage.txt,9686,9f3c0790ead06a4a20811d51f471da8e3ba03053eb7f91f3cc0665c6f09e2d1d,9f3c0790ead06a4a20811d51f471da8e3ba03053eb7f91f3cc0665c6f09e2d1d,9636,167,167,1513,
1.0,versemap-reference-d9969e023145ab13,walt-whitman,Walt Whitman,walt-whitman-7489130061722923,Out from Behind This Mask [To Confront a Portrait],Walt Whitman/Out from Behind This Mask [To Confront a Portrait].txt,1366,2e50728bb8dace8785d36b56469352b0c91e704053e8e54f8e38425a617dc70b,2e50728bb8dace8785d36b56469352b0c91e704053e8e54f8e38425a617dc70b,1350,29,28,227,
1.0,versemap-reference-d9969e023145ab13,walt-whitman,Walt Whitman,walt-whitman-90002792595e15e8,Out of May’s Shows Selected,Walt Whitman/Out of May’s Shows Selected.txt,300,b71471a8d8938460aae3cc65219b689435783f0a5b4ebbc7cab0abd405f846a0,b71471a8d8938460aae3cc65219b689435783f0a5b4ebbc7cab0abd405f846a0,298,5,5,46,
1.0,versemap-reference-d9969e023145ab13,walt-whitman,Walt Whitman,walt-whitman-dc12d85d4ca67df6,Out of the Cradle Endlessly Rocking,Walt Whitman/Out of the Cradle Endlessly Rocking.txt,8705,02f56871641f5058587857f3881a09920b5c760d4716cd5b31686ffb782c5b25,02f56871641f5058587857f3881a09920b5c760d4716cd5b31686ffb782c5b25,8627,227,194,1540,
1.0,versemap-reference-d9969e023145ab13,walt-whitman,Walt Whitman,walt-whitman-f0f5a2c1cd32e783,Out of the Rolling Ocean the Crowd,Walt Whitman/Out of the Rolling Ocean the Crowd.txt,749,c6f4e4f0d8accbf08c687f082b1667554db329ef0a45506529610ca9fd226552,c6f4e4f0d8accbf08c687f082b1667554db329ef0a45506529610ca9fd226552,741,15,14,150,
1.0,versemap-reference-d9969e023145ab13,walt-whitman,Walt Whitman,walt-whitman-077d2e6d2508b9bf,"Outlines for a Tomb [G. P., Buried 1870]","Walt Whitman/Outlines for a Tomb [G. P., Buried 1870].txt",2379,b476344c8001ee9490d3529ec8e9ef12bc34f6b4038b317805b7ad1606f01a6c,b476344c8001ee9490d3529ec8e9ef12bc34f6b4038b317805b7ad1606f01a6c,2345,64,53,371,
1.0,versemap-reference-d9969e023145ab13,walt-whitman,Walt Whitman,walt-whitman-a87161de0b74042a,Over the Carnage Rose Prophetic a Voice,Walt Whitman/Over the Carnage Rose Prophetic a Voice.txt,1285,09dbeaef9c3cb7eb737aa02678bc9de95799ed577b8a794786a23026bead098c,09dbeaef9c3cb7eb737aa02678bc9de95799ed577b8a794786a23026bead098c,1279,30,23,220,
1.0,versemap-reference-d9969e023145ab13,walt-whitman,Walt Whitman,walt-whitman-56a21cdedff11782,Passage to India,Walt Whitman/Passage to India.txt,13616,470022ee821fcbbaf5d7e0cad655f54cbbe1c38a09c4fdc9f105c0c9f01b84e6,470022ee821fcbbaf5d7e0cad655f54cbbe1c38a09c4fdc9f105c0c9f01b84e6,13492,325,284,2264,
1.0,versemap-reference-d9969e023145ab13,walt-whitman,Walt Whitman,walt-whitman-b8d15dd147d6cdc0,Patroling Barnegat,Walt Whitman/Patroling Barnegat.txt,800,69d94030b34fff104fea169e0d4823fb88ba262e5b2344775cad79721b245056,69d94030b34fff104fea169e0d4823fb88ba262e5b2344775cad79721b245056,800,14,14,123,
1.0,versemap-reference-d9969e023145ab13,walt-whitman,Walt Whitman,walt-whitman-65d0ed89716860c3,Paumanok,Walt Whitman/Paumanok.txt,336,1454303e44a877ae0f978703b5f54ee1e467fd70c3510e61ebebeec5c92f47af,1454303e44a877ae0f978703b5f54ee1e467fd70c3510e61ebebeec5c92f47af,332,7,7,50,
1.0,versemap-reference-d9969e023145ab13,walt-whitman,Walt Whitman,walt-whitman-ce8b43144cdbefdf,Pensive and Faltering,Walt Whitman/Pensive and Faltering.txt,149,c82392991dfd59bcb929c9e5f3e405a703ca9d4cc7e580f9a842f5038eb8fbb4,c82392991dfd59bcb929c9e5f3e405a703ca9d4cc7e580f9a842f5038eb8fbb4,149,5,5,27,
1.0,versemap-reference-d9969e023145ab13,walt-whitman,Walt Whitman,walt-whitman-3ea9f76c897f7806,Pensive on Her Dead Gazing,Walt Whitman/Pensive on Her Dead Gazing.txt,1283,4885847161c8c463e2a16e2bebdd329fcda42fba92164281b4a1d70690f7d397,4885847161c8c463e2a16e2bebdd329fcda42fba92164281b4a1d70690f7d397,1269,23,23,224,
1.0,versemap-reference-d9969e023145ab13,walt-whitman,Walt Whitman,walt-whitman-cce971f5e98c22d6,Perfections,Walt Whitman/Perfections.txt,98,03fd4f788b0895e7bf199652e50ab4f43573a2db00be1b19305517b47bc6c051,03fd4f788b0895e7bf199652e50ab4f43573a2db00be1b19305517b47bc6c051,98,2,2,14,suspiciously_short
1.0,versemap-reference-d9969e023145ab13,walt-whitman,Walt Whitman,walt-whitman-a57fb015f5bf3a66,Pioneers! O Pioneers!,Walt Whitman/Pioneers! O Pioneers!.txt,5059,a5b1414b140e85e2dbc7c513af67464f04d79b7773c928b87e27f04e0ab37042,a5b1414b140e85e2dbc7c513af67464f04d79b7773c928b87e27f04e0ab37042,5041,132,107,816,
1.0,versemap-reference-d9969e023145ab13,walt-whitman,Walt Whitman,walt-whitman-8c8d065a50039350,Poets to Come,Walt Whitman/Poets to Come.txt,551,cdc4ffeb93a84766b7615eef97361e8e604925d5b1b01c37eecc6dcbc84499e3,cdc4ffeb93a84766b7615eef97361e8e604925d5b1b01c37eecc6dcbc84499e3,551,13,11,100,
1.0,versemap-reference-d9969e023145ab13,walt-whitman,Walt Whitman,walt-whitman-29a4545c0edf2fb3,Portals,Walt Whitman/Portals.txt,107,67cb2b5be5b54661c782b31f8ea4f07615bab3de3522a82729f6595502b76a53,67cb2b5be5b54661c782b31f8ea4f07615bab3de3522a82729f6595502b76a53,107,2,2,22,suspiciously_short
1.0,versemap-reference-d9969e023145ab13,walt-whitman,Walt Whitman,walt-whitman-6dc2950f53eb7689,Prayer of Columbus,Walt Whitman/Prayer of Columbus.txt,3254,24cacca2f44d21afa39d7ebf572d299b90a21145132f38aa11b96b8428b0bb96,24cacca2f44d21afa39d7ebf572d299b90a21145132f38aa11b96b8428b0bb96,3216,78,67,574,
1.0,versemap-reference-d9969e023145ab13,walt-whitman,Walt Whitman,walt-whitman-25568d7afbc94b5a,Proud Music of the Storm,Walt Whitman/Proud Music of the Storm.txt,9001,261c0b3c8086a8e1c606d5eafbc1ce9b44b465b59eb708000ae354a554c2a2a3,261c0b3c8086a8e1c606d5eafbc1ce9b44b465b59eb708000ae354a554c2a2a3,8915,211,181,1479,
1.0,versemap-reference-d9969e023145ab13,walt-whitman,Walt Whitman,walt-whitman-3685719821299f9e,Queries to My Seventieth Year,Walt Whitman/Queries to My Seventieth Year.txt,325,e88e77e67650489c079bc655ada806095b665b754920c36960772b94369ee5ba,e88e77e67650489c079bc655ada806095b665b754920c36960772b94369ee5ba,323,6,6,51,
1.0,versemap-reference-d9969e023145ab13,walt-whitman,Walt Whitman,walt-whitman-7ed79f7e0e25efe1,Quicksand Years,Walt Whitman/Quicksand Years.txt,415,0e29bf1ea7a1dcf39c36915b1263a77cf04b248cad1c6a19bebbe4159bfad7ba,0e29bf1ea7a1dcf39c36915b1263a77cf04b248cad1c6a19bebbe4159bfad7ba,409,7,7,69,
1.0,versemap-reference-d9969e023145ab13,walt-whitman,Walt Whitman,walt-whitman-d9117bf714fc4a6f,Race of Veterans,Walt Whitman/Race of Veterans.txt,242,12b964bfc09de6eb0de75e5104370deaeffdd929688d79875403a5dda6662e20,12b964bfc09de6eb0de75e5104370deaeffdd929688d79875403a5dda6662e20,238,5,5,40,
1.0,versemap-reference-d9969e023145ab13,walt-whitman,Walt Whitman,walt-whitman-fdfb9cc8d6a16583,Reconciliation,Walt Whitman/Reconciliation.txt,430,908fb137e0644686626ad4659e8feb9df5f6ab84f887920e854972074bd5bfe4,908fb137e0644686626ad4659e8feb9df5f6ab84f887920e854972074bd5bfe4,430,8,8,81,
1.0,versemap-reference-d9969e023145ab13,walt-whitman,Walt Whitman,walt-whitman-6715256cf765aef4,Recorders Ages Hence,Walt Whitman/Recorders Ages Hence.txt,944,181ff067fc9e23175b4c2fdcd6dc580dd5f18d5b14852e0e94199c74504a3c62,181ff067fc9e23175b4c2fdcd6dc580dd5f18d5b14852e0e94199c74504a3c62,930,16,16,166,
1.0,versemap-reference-d9969e023145ab13,walt-whitman,Walt Whitman,walt-whitman-ab97df7154f43405,Red Jacket (From Aloft),Walt Whitman/Red Jacket (From Aloft).txt,476,2854587ce6fa131a1dcd6d8702aa6989d87b8a6ec1dab2689ed646b99a4a296f,2854587ce6fa131a1dcd6d8702aa6989d87b8a6ec1dab2689ed646b99a4a296f,466,9,9,74,
1.0,versemap-reference-d9969e023145ab13,walt-whitman,Walt Whitman,walt-whitman-3de68392fe5fdfd9,Reversals,Walt Whitman/Reversals.txt,298,1a932681df19de50cd8b5aac97f347a80033361c9e25cc8a3d37384da7a02650,1a932681df19de50cd8b5aac97f347a80033361c9e25cc8a3d37384da7a02650,298,6,6,49,
1.0,versemap-reference-d9969e023145ab13,walt-whitman,Walt Whitman,walt-whitman-c5ff178f8020fc9b,Rise O Days from Your Fathomless Deeps,Walt Whitman/Rise O Days from Your Fathomless Deeps.txt,3512,136ea969c441a1e0cbee83c9f535b5367653b1ed916c91ab714ae56b88ce1cac,136ea969c441a1e0cbee83c9f535b5367653b1ed916c91ab714ae56b88ce1cac,3466,67,64,597,
1.0,versemap-reference-d9969e023145ab13,walt-whitman,Walt Whitman,walt-whitman-3d8fce0f9cded310,Roaming in Thought [After reading Hegel],Walt Whitman/Roaming in Thought [After reading Hegel].txt,213,b2599b3da7ff8fefd0e03a625242d2d56237f95874ca851765758e7b72f4cf2b,b2599b3da7ff8fefd0e03a625242d2d56237f95874ca851765758e7b72f4cf2b,211,4,4,36,
1.0,versemap-reference-d9969e023145ab13,walt-whitman,Walt Whitman,walt-whitman-545802b5f4b9356e,Roots and Leaves Themselves Alone,Walt Whitman/Roots and Leaves Themselves Alone.txt,813,f5117c6b1326660b1af08b8d7e3b137da258e253e3c1c2831765f6d9b2c8b93d,f5117c6b1326660b1af08b8d7e3b137da258e253e3c1c2831765f6d9b2c8b93d,809,16,16,142,
1.0,versemap-reference-d9969e023145ab13,walt-whitman,Walt Whitman,walt-whitman-8ce42e4d7802c5fc,"Sail out for Good, Eidolon Yacht!","Walt Whitman/Sail out for Good, Eidolon Yacht!.txt",457,07c7384d425b85fe6a29321f23415041724d2e3d7c0f40fd131debf99fe6cb9f,07c7384d425b85fe6a29321f23415041724d2e3d7c0f40fd131debf99fe6cb9f,455,9,9,75,
1.0,versemap-reference-d9969e023145ab13,walt-whitman,Walt Whitman,walt-whitman-5acb27a055029059,Salut au Monde!,Walt Whitman/Salut au Monde!.txt,15849,f92b71ccce5ea38d1afb22d0f4ee9d775066ea966397e7dc7fa280323ebc44d5,f92b71ccce5ea38d1afb22d0f4ee9d775066ea966397e7dc7fa280323ebc44d5,15765,344,312,2672,
1.0,versemap-reference-d9969e023145ab13,walt-whitman,Walt Whitman,walt-whitman-76aa4fa5713bc9ea,Savantism,Walt Whitman/Savantism.txt,405,e077eae9fed1dedf04a4a5e26c1912264fce37d14c2a95ac471782a89156b6b6,e077eae9fed1dedf04a4a5e26c1912264fce37d14c2a95ac471782a89156b6b6,405,7,7,61,
1.0,versemap-reference-d9969e023145ab13,walt-whitman,Walt Whitman,walt-whitman-0ea1aa06ba3b1e2d,Scented Herbage of My Breast,Walt Whitman/Scented Herbage of My Breast.txt,2817,35249e884a66b15a51bc39b097975a5f2941232155ad96005b07349ed33a67d6,35249e884a66b15a51bc39b097975a5f2941232155ad96005b07349ed33a67d6,2811,52,52,525,
1.0,versemap-reference-d9969e023145ab13,walt-whitman,Walt Whitman,walt-whitman-89bcf51f7a4a53a0,Shakspere-Bacon’s Cipher,Walt Whitman/Shakspere-Bacon’s Cipher.txt,330,38f023e6ba3f1f621dad9dc450a6d2d3fc0e580098a9caf168cbc35a5942a9d7,38f023e6ba3f1f621dad9dc450a6d2d3fc0e580098a9caf168cbc35a5942a9d7,324,6,6,54,
1.0,versemap-reference-d9969e023145ab13,walt-whitman,Walt Whitman,walt-whitman-c8e305d1c10a49ee,Shut Not Your Doors,Walt Whitman/Shut Not Your Doors.txt,369,589a256866ee0b6948a1863043526f6855ffbad5a4a446ffaad35bde4d8c875f,589a256866ee0b6948a1863043526f6855ffbad5a4a446ffaad35bde4d8c875f,365,7,7,68,
1.0,versemap-reference-d9969e023145ab13,walt-whitman,Walt Whitman,walt-whitman-b48a0b8a02778544,Small the Theme of My Chant,Walt Whitman/Small the Theme of My Chant.txt,763,6ec5b34f8faeaab3e164a8f2a63081df454ad7e105d22beddd7dcd735ebc8a18,6ec5b34f8faeaab3e164a8f2a63081df454ad7e105d22beddd7dcd735ebc8a18,753,12,12,134,
1.0,versemap-reference-d9969e023145ab13,walt-whitman,Walt Whitman,walt-whitman-c91b4ac0c02ee687,So Long!,Walt Whitman/So Long!.txt,4109,c3236e301f8a060d83d23d23329ac9994848da3ac1389a5cf18d0e700cac63ed,c3236e301f8a060d83d23d23329ac9994848da3ac1389a5cf18d0e700cac63ed,4087,101,83,706,
1.0,versemap-reference-d9969e023145ab13,walt-whitman,Walt Whitman,walt-whitman-75998b99f4ef2723,Sometimes with One I Love,Walt Whitman/Sometimes with One I Love.txt,293,a18a3fde87da62d6faa22a6caaf1425ce9b8fd0928a2ab13db23d1810929d4a2,a18a3fde87da62d6faa22a6caaf1425ce9b8fd0928a2ab13db23d1810929d4a2,287,6,6,54,
1.0,versemap-reference-d9969e023145ab13,walt-whitman,Walt Whitman,walt-whitman-675ee2b22c044344,Song at Sunset,Walt Whitman/Song at Sunset.txt,3141,cfa71a43457f4f293eb4432c69000d95caf515ea373c30576db656183a2ebd5f,cfa71a43457f4f293eb4432c69000d95caf515ea373c30576db656183a2ebd5f,3125,76,66,557,
1.0,versemap-reference-d9969e023145ab13,walt-whitman,Walt Whitman,walt-whitman-24aaf83f8507f4ed,"Song for All Seas, All Ships","Walt Whitman/Song for All Seas, All Ships.txt",1424,dfcf3cfbd34ac5e90f385517d127f5065c418ce74a49017404937fc6894db463,dfcf3cfbd34ac5e90f385517d127f5065c418ce74a49017404937fc6894db463,1416,32,29,242,
1.0,versemap-reference-d9969e023145ab13,walt-whitman,Walt Whitman,walt-whitman-aa389c8ff4a40acf,Song of Myself,Walt Whitman/Song of Myself.txt,88563,f578d290a6b02789e13da91e5d1bf1ab1a4d1e3f8f26045ae7b87733fe2d8e15,f578d290a6b02789e13da91e5d1bf1ab1a4d1e3f8f26045ae7b87733fe2d8e15,88046,2065,1710,15769,suspiciously_long
1.0,versemap-reference-d9969e023145ab13,walt-whitman,Walt Whitman,walt-whitman-50afa75cf5b5e3ff,Song of Prudence,Walt Whitman/Song of Prudence.txt,4388,c98037de9fb073529465ddbee064d8e61c6068af332016165f4a726c3046ef34,c98037de9fb073529465ddbee064d8e61c6068af332016165f4a726c3046ef34,4364,96,84,736,
1.0,versemap-reference-d9969e023145ab13,walt-whitman,Walt Whitman,walt-whitman-a5ffa9a67ada6616,Song of the Answerer,Walt Whitman/Song of the Answerer.txt,6862,a594959f7ee4baab1d6b677eba4ec09aa5635ab03d8c4e709ea6275c082cafc2,a594959f7ee4baab1d6b677eba4ec09aa5635ab03d8c4e709ea6275c082cafc2,6842,150,126,1180,
1.0,versemap-reference-d9969e023145ab13,walt-whitman,Walt Whitman,walt-whitman-6a6609cca624928c,Song of the Banner at Daybreak,Walt Whitman/Song of the Banner at Daybreak.txt,9444,e34e95a6bcf64776d3060507379c9b6546cb02c7716cb33633caba42c7f8af3f,e34e95a6bcf64776d3060507379c9b6546cb02c7716cb33633caba42c7f8af3f,9394,207,191,1681,
1.0,versemap-reference-d9969e023145ab13,walt-whitman,Walt Whitman,walt-whitman-6969d1dafa0dc495,Song of the Broad-Axe,Walt Whitman/Song of the Broad-Axe.txt,17410,de27a02ec4d34ddb0736da5750ed7698015ba8d69e4eacca6c376af6dc528c4e,de27a02ec4d34ddb0736da5750ed7698015ba8d69e4eacca6c376af6dc528c4e,17293,373,343,2868,
1.0,versemap-reference-d9969e023145ab13,walt-whitman,Walt Whitman,walt-whitman-42a523bd858ba2f8,Song of the Exposition,Walt Whitman/Song of the Exposition.txt,14501,d8067c26c91cb66f956fd95a24e52c2bbff69af4e36683bee5769d6c89add325,d8067c26c91cb66f956fd95a24e52c2bbff69af4e36683bee5769d6c89add325,14343,327,286,2352,
1.0,versemap-reference-d9969e023145ab13,walt-whitman,Walt Whitman,walt-whitman-8ca19a3ca183b3ba,Song of the Open Road,Walt Whitman/Song of the Open Road.txt,15509,45d4db1c003fb580683193aff016145422b70a89870438695e97112cb31da3ca,45d4db1c003fb580683193aff016145422b70a89870438695e97112cb31da3ca,15437,355,305,2686,
1.0,versemap-reference-d9969e023145ab13,walt-whitman,Walt Whitman,walt-whitman-d19391c4eac385d2,Song of the Redwood-Tree,Walt Whitman/Song of the Redwood-Tree.txt,6437,5bb1209dd4f8744a918e1e7174ba0645bed58c14a3f6cf93974ee949956ad9ae,5bb1209dd4f8744a918e1e7174ba0645bed58c14a3f6cf93974ee949956ad9ae,6391,145,129,1058,
1.0,versemap-reference-d9969e023145ab13,walt-whitman,Walt Whitman,walt-whitman-66f482a70c4362c4,Song of the Universal,Walt Whitman/Song of the Universal.txt,2805,d391f6da1a16cea90b6813835e39ed25e58445d1ab540f7eeab20ddf8d26c8cb,d391f6da1a16cea90b6813835e39ed25e58445d1ab540f7eeab20ddf8d26c8cb,2783,87,69,464,
1.0,versemap-reference-d9969e023145ab13,walt-whitman,Walt Whitman,walt-whitman-bd276f4185652a42,Soon Shall the Winter’s Foil Be Here,Walt Whitman/Soon Shall the Winter’s Foil Be Here.txt,746,5e865fd1a37b4f1798e5598d7d2d852a2ccd66128bbc53ca8d2edeef7457726a,5e865fd1a37b4f1798e5598d7d2d852a2ccd66128bbc53ca8d2edeef7457726a,742,16,15,119,
1.0,versemap-reference-d9969e023145ab13,walt-whitman,Walt Whitman,walt-whitman-d56b6bfb3aa9db42,Sounds of the Winter,Walt Whitman/Sounds of the Winter.txt,402,99ffbfa76b7e5bf210be2160411f2ae3c2d8bbcf0a5e2f7f52cc5f3b81b20084,99ffbfa76b7e5bf210be2160411f2ae3c2d8bbcf0a5e2f7f52cc5f3b81b20084,394,7,7,69,
1.0,versemap-reference-d9969e023145ab13,walt-whitman,Walt Whitman,walt-whitman-4a76e1094f6ab039,"Spain, 1873-74","Walt Whitman/Spain, 1873-74.txt",687,bd6d5a8c06304c6b212e2c910ba15ecaa76bbf3d44b1f8794446234282985389,bd6d5a8c06304c6b212e2c910ba15ecaa76bbf3d44b1f8794446234282985389,669,15,14,113,
1.0,versemap-reference-d9969e023145ab13,walt-whitman,Walt Whitman,walt-whitman-ae54ffaaf7445fa6,Sparkles from the Wheel,Walt Whitman/Sparkles from the Wheel.txt,1002,9b1d1bbc01ce26bec95044e07e9967fe2e8595237d21e102f792846ab99f6833,9b1d1bbc01ce26bec95044e07e9967fe2e8595237d21e102f792846ab99f6833,992,21,19,163,
1.0,versemap-reference-d9969e023145ab13,walt-whitman,Walt Whitman,walt-whitman-b598b7a27632ce2c,Spirit That Form’d This Scene,Walt Whitman/Spirit That Form’d This Scene.txt,684,bd3aecd1e067b535f4c557c400700191ed711b3cb803f77ce21b0de010735080,bd3aecd1e067b535f4c557c400700191ed711b3cb803f77ce21b0de010735080,670,15,14,100,
1.0,versemap-reference-d9969e023145ab13,walt-whitman,Walt Whitman,walt-whitman-36c7e27dc7b6f4de,"Spirit Whose Work Is Done [Washington City, 1865]","Walt Whitman/Spirit Whose Work Is Done [Washington City, 1865].txt",1289,fc18fd0945a37a79e9a5a56ed3203691ba74408c7e4286af121cbad665aee7a7,fc18fd0945a37a79e9a5a56ed3203691ba74408c7e4286af121cbad665aee7a7,1289,23,23,225,
1.0,versemap-reference-d9969e023145ab13,walt-whitman,Walt Whitman,walt-whitman-fc4a60eed503693c,Spontaneous Me,Walt Whitman/Spontaneous Me.txt,3851,de64583adb70d0674c821084e419c4977dcabe30086fc74bdaafbd09ad97c571,de64583adb70d0674c821084e419c4977dcabe30086fc74bdaafbd09ad97c571,3825,70,70,647,
1.0,versemap-reference-d9969e023145ab13,walt-whitman,Walt Whitman,walt-whitman-3a9d86eb37f0a24b,Starting from Paumanok,Walt Whitman/Starting from Paumanok.txt,18323,a86995d4093a46c2468382f2b846aa76d48753dcf27d3ba775d66788d3360ce8,a86995d4093a46c2468382f2b846aa76d48753dcf27d3ba775d66788d3360ce8,18229,434,378,3099,
1.0,versemap-reference-d9969e023145ab13,walt-whitman,Walt Whitman,walt-whitman-865f31bc740207c8,Still Though the One I Sing,Walt Whitman/Still Though the One I Sing.txt,186,9ea3dcb5007e71cc75de94d291322e14a5d887ed5e3d8ca0e4b62d7affe39823,9ea3dcb5007e71cc75de94d291322e14a5d887ed5e3d8ca0e4b62d7affe39823,186,4,4,29,
1.0,versemap-reference-d9969e023145ab13,walt-whitman,Walt Whitman,walt-whitman-f0c21c0033b06668,Stronger Lessons,Walt Whitman/Stronger Lessons.txt,284,31aa90cbedcf12709b45fc5de14a7afa522f7df3df7d3d9d64cbc93295da648d,31aa90cbedcf12709b45fc5de14a7afa522f7df3df7d3d9d64cbc93295da648d,280,5,5,48,
1.0,versemap-reference-d9969e023145ab13,walt-whitman,Walt Whitman,walt-whitman-9b554697d239aa27,Tears,Walt Whitman/Tears.txt,722,9af91739a9300a6a504fbe15e3f1626d4e51d71b63435420b2085f39415be02a,9af91739a9300a6a504fbe15e3f1626d4e51d71b63435420b2085f39415be02a,716,14,14,125,
1.0,versemap-reference-d9969e023145ab13,walt-whitman,Walt Whitman,walt-whitman-f6867993290cb9a3,Tests,Walt Whitman/Tests.txt,415,6d95b52c6eeb8ece6e7905547f3c629d52add372aeb5d6d39e44beb11d9c91d4,6d95b52c6eeb8ece6e7905547f3c629d52add372aeb5d6d39e44beb11d9c91d4,415,8,8,64,
1.0,versemap-reference-d9969e023145ab13,walt-whitman,Walt Whitman,walt-whitman-e0f0259c7aca899e,Thanks in Old Age,Walt Whitman/Thanks in Old Age.txt,1144,0768253b92f6d56a88499b439a1229b15ec90202eea6b5978299f4c1672eaa3a,0768253b92f6d56a88499b439a1229b15ec90202eea6b5978299f4c1672eaa3a,1128,21,21,180,
1.0,versemap-reference-d9969e023145ab13,walt-whitman,Walt Whitman,walt-whitman-f4bd9aaa55e4449b,That Music Always Round Me,Walt Whitman/That Music Always Round Me.txt,775,b43fc33abebb46ca3cc83ad6bee5f95bc5a63d239c846ed80ca592d1088ffc1e,b43fc33abebb46ca3cc83ad6bee5f95bc5a63d239c846ed80ca592d1088ffc1e,775,15,15,129,
1.0,versemap-reference-d9969e023145ab13,walt-whitman,Walt Whitman,walt-whitman-84fff1943ebfb554,That Shadow My Likeness,Walt Whitman/That Shadow My Likeness.txt,309,7d33ebf7742ee62659d77c2bd1e8300fbe175a78736c0d91d8f558976146c19d,7d33ebf7742ee62659d77c2bd1e8300fbe175a78736c0d91d8f558976146c19d,309,6,6,55,
1.0,versemap-reference-d9969e023145ab13,walt-whitman,Walt Whitman,walt-whitman-4fbae0b6d8c0a0f8,The Artilleryman’s Vision,Walt Whitman/The Artilleryman’s Vision.txt,2197,a888f31a4087aede443ffbe94cdfc728bca4bb16f4a8b3836e674950be5959c5,a888f31a4087aede443ffbe94cdfc728bca4bb16f4a8b3836e674950be5959c5,2189,40,40,384,
1.0,versemap-reference-d9969e023145ab13,walt-whitman,Walt Whitman,walt-whitman-8a601c4e30578516,The Base of All Metaphysics,Walt Whitman/The Base of All Metaphysics.txt,838,128fe1fe050fcb65a80687e01b1a7f2aad39266c6d76940bc11c3153dc486491,128fe1fe050fcb65a80687e01b1a7f2aad39266c6d76940bc11c3153dc486491,838,18,16,141,
1.0,versemap-reference-d9969e023145ab13,walt-whitman,Walt Whitman,walt-whitman-75c5aef18f43f444,The Bravest Soldiers,Walt Whitman/The Bravest Soldiers.txt,151,d5b332c445a5ce5753e488f6c1bbbc50d61fe59e1f18fd574cceaf2bbd45b2d8,d5b332c445a5ce5753e488f6c1bbbc50d61fe59e1f18fd574cceaf2bbd45b2d8,149,3,3,24,suspiciously_short
1.0,versemap-reference-d9969e023145ab13,walt-whitman,Walt Whitman,walt-whitman-e371b6279f1cd26f,The Calming Thought of All,Walt Whitman/The Calming Thought of All.txt,210,5bd9c791f1dc2709dcc39ec9b5d64611274a82a2be7f52e7167c2bbaa12f176e,5bd9c791f1dc2709dcc39ec9b5d64611274a82a2be7f52e7167c2bbaa12f176e,204,4,4,28,
1.0,versemap-reference-d9969e023145ab13,walt-whitman,Walt Whitman,walt-whitman-80d930603814a594,The Centenarian’s Story,Walt Whitman/The Centenarian’s Story.txt,6931,10b1c2777986cb205f336a94b663d85c9461ff2da1222557621dc6ff7c6860c4,10b1c2777986cb205f336a94b663d85c9461ff2da1222557621dc6ff7c6860c4,6840,162,134,1190,
1.0,versemap-reference-d9969e023145ab13,walt-whitman,Walt Whitman,walt-whitman-b9d53be581ce9a27,The City Dead-House,Walt Whitman/The City Dead-House.txt,1172,024084a9feb07b0fc325228ea40a4c4eabacff2f30e61c6e816118bc77077b05,024084a9feb07b0fc325228ea40a4c4eabacff2f30e61c6e816118bc77077b05,1164,21,21,198,
1.0,versemap-reference-d9969e023145ab13,walt-whitman,Walt Whitman,walt-whitman-58699a7ff237e565,The Commonplace,Walt Whitman/The Commonplace.txt,381,44298a3d8e46bf477f9bf5a0fc569eb0dc2f6deb230e18e5d80717b8d6958d9a,44298a3d8e46bf477f9bf5a0fc569eb0dc2f6deb230e18e5d80717b8d6958d9a,381,8,8,61,
1.0,versemap-reference-d9969e023145ab13,walt-whitman,Walt Whitman,walt-whitman-e9bc19721c0afdbb,The Dalliance of the Eagles,Walt Whitman/The Dalliance of the Eagles.txt,613,45ae06614ba6d1c8ac3e0514695b7771fe7a6d8e108e4266627e54be82d50e57,45ae06614ba6d1c8ac3e0514695b7771fe7a6d8e108e4266627e54be82d50e57,607,10,10,94,
1.0,versemap-reference-d9969e023145ab13,walt-whitman,Walt Whitman,walt-whitman-f4ec557aad66722e,The Dead Emperor,Walt Whitman/The Dead Emperor.txt,252,82f827bf076640dd6d94719f54cbc0a9f1f6edea2cdd638cca80d0a993984724,82f827bf076640dd6d94719f54cbc0a9f1f6edea2cdd638cca80d0a993984724,250,4,4,43,
1.0,versemap-reference-d9969e023145ab13,walt-whitman,Walt Whitman,walt-whitman-1eb50c2ec29665ba,The Dead Tenor,Walt Whitman/The Dead Tenor.txt,871,1acf9381c49995775e44468453d9e7be73b51d33a86911777413dff2713b28d3,1acf9381c49995775e44468453d9e7be73b51d33a86911777413dff2713b28d3,841,16,16,136,
1.0,versemap-reference-d9969e023145ab13,walt-whitman,Walt Whitman,walt-whitman-49e24189d41bdf19,The Dismantled Ship,Walt Whitman/The Dismantled Ship.txt,277,f5903280590ba354aae4dfea4149038391c3dafb0d09fab7cdc06e3d9c4cdf5e,f5903280590ba354aae4dfea4149038391c3dafb0d09fab7cdc06e3d9c4cdf5e,269,6,6,43,
1.0,versemap-reference-d9969e023145ab13,walt-whitman,Walt Whitman,walt-whitman-c4680dcecc748701,The Dying Veteran,Walt Whitman/The Dying Veteran.txt,970,e93ba0e453e8a0f252f7191d5329a6a2ce3682142196c31563da9194174efebc,e93ba0e453e8a0f252f7191d5329a6a2ce3682142196c31563da9194174efebc,964,19,19,153,
1.0,versemap-reference-d9969e023145ab13,walt-whitman,Walt Whitman,walt-whitman-316bd6190d3cb277,The First Dandelion,Walt Whitman/The First Dandelion.txt,267,222fd97851437e8ca0955642a119583e94aa2605f1ab1464b32c71d607e145fa,222fd97851437e8ca0955642a119583e94aa2605f1ab1464b32c71d607e145fa,261,5,5,42,
1.0,versemap-reference-d9969e023145ab13,walt-whitman,Walt Whitman,walt-whitman-ead633fc1164ef67,The Last Invocation,Walt Whitman/The Last Invocation.txt,382,a63c7e4fa2fdeb82930fba5f0b9428b8836f7a9b7cfdb349ca90f21221fcfa39,a63c7e4fa2fdeb82930fba5f0b9428b8836f7a9b7cfdb349ca90f21221fcfa39,380,12,10,69,
1.0,versemap-reference-d9969e023145ab13,walt-whitman,Walt Whitman,walt-whitman-134d0bfa8d79b327,The Mystic Trumpeter,Walt Whitman/The Mystic Trumpeter.txt,4543,322c92b9eb64e3d603176af6878f99a5d9fbab5cbc2416d002cb2be66c5d555c,322c92b9eb64e3d603176af6878f99a5d9fbab5cbc2416d002cb2be66c5d555c,4513,107,95,766,
1.0,versemap-reference-d9969e023145ab13,walt-whitman,Walt Whitman,walt-whitman-d8780197657bea0e,The Ox-Tamer,Walt Whitman/The Ox-Tamer.txt,1542,d0bf7c2821c9835a4964b324bb55728e05c2b83d747b9893cee37023cd951dda,d0bf7c2821c9835a4964b324bb55728e05c2b83d747b9893cee37023cd951dda,1538,27,27,273,
1.0,versemap-reference-d9969e023145ab13,walt-whitman,Walt Whitman,walt-whitman-940841bfa981bc2f,The Pallid Wreath,Walt Whitman/The Pallid Wreath.txt,608,4a91086ed671c261d57cbb73cfa4f70e08ccf8d3536e13ec672e48b16af042c3,4a91086ed671c261d57cbb73cfa4f70e08ccf8d3536e13ec672e48b16af042c3,604,11,11,114,
1.0,versemap-reference-d9969e023145ab13,walt-whitman,Walt Whitman,walt-whitman-2ad93ca512692bef,The Prairie States,Walt Whitman/The Prairie States.txt,326,b397998977373e1ea83888ee65c52d6f3e3f0f3c38088cb9346775198068be44,b397998977373e1ea83888ee65c52d6f3e3f0f3c38088cb9346775198068be44,318,6,6,49,
1.0,versemap-reference-d9969e023145ab13,walt-whitman,Walt Whitman,walt-whitman-9a625e434d18d55a,The Prairie-Grass Dividing,Walt Whitman/The Prairie-Grass Dividing.txt,657,11a806670da063e7a1f6eac6c93bc7ef375ec4cb6239a34ac27598b6872eaf9b,11a806670da063e7a1f6eac6c93bc7ef375ec4cb6239a34ac27598b6872eaf9b,653,13,13,100,
1.0,versemap-reference-d9969e023145ab13,walt-whitman,Walt Whitman,walt-whitman-647d8633ee00af9a,The Return of the Heroes,Walt Whitman/The Return of the Heroes.txt,7596,33cb01d89449990ede33eeb265d82b0e20239fa094c66edf697a97ac990ce24c,33cb01d89449990ede33eeb265d82b0e20239fa094c66edf697a97ac990ce24c,7554,186,158,1265,
1.0,versemap-reference-d9969e023145ab13,walt-whitman,Walt Whitman,walt-whitman-d7827df6090e6476,The Runner,Walt Whitman/The Runner.txt,195,0131fa1bd6c7fb483b5e803c557dc738fcddc4862443e362c85a6eb8d2ff9dbd,0131fa1bd6c7fb483b5e803c557dc738fcddc4862443e362c85a6eb8d2ff9dbd,191,4,4,34,
1.0,versemap-reference-d9969e023145ab13,walt-whitman,Walt Whitman,walt-whitman-80c0c362d9c363dd,The Ship Starting,Walt Whitman/The Ship Starting.txt,275,34646042a8fe755d83d0c616e1d94c149bf627114bff221afc9cb3412b04770c,34646042a8fe755d83d0c616e1d94c149bf627114bff221afc9cb3412b04770c,275,6,6,44,
1.0,versemap-reference-d9969e023145ab13,walt-whitman,Walt Whitman,walt-whitman-e0758c2e752c5822,The Singer in the Prison,Walt Whitman/The Singer in the Prison.txt,2888,e2de768e876b1aecd9e4960a13b072f5660c0b3fceae056c71b7136b3847816b,e2de768e876b1aecd9e4960a13b072f5660c0b3fceae056c71b7136b3847816b,2848,70,60,464,
1.0,versemap-reference-d9969e023145ab13,walt-whitman,Walt Whitman,walt-whitman-65500978d15d560e,The Sleepers,Walt Whitman/The Sleepers.txt,13288,045036f68f3ff6913ccef9b27f87e4ca7721a1537d8a7619628406c3689948be,045036f68f3ff6913ccef9b27f87e4ca7721a1537d8a7619628406c3689948be,13200,305,255,2364,
1.0,versemap-reference-d9969e023145ab13,walt-whitman,Walt Whitman,walt-whitman-6a2750b97820f04f,"The Sobbing of the Bells [Midnight, Sept. 19-20, 1881]","Walt Whitman/The Sobbing of the Bells [Midnight, Sept. 19-20, 1881].txt",368,0b748b5496dc971cd2305ec2b7738de08b2d8db44e3a15c73d6a685a92c19d83,0b748b5496dc971cd2305ec2b7738de08b2d8db44e3a15c73d6a685a92c19d83,368,7,7,57,
1.0,versemap-reference-d9969e023145ab13,walt-whitman,Walt Whitman,walt-whitman-474e1bb4f0162853,The Torch,Walt Whitman/The Torch.txt,259,1f5889c4b72a5620a78b612db1e1c638415a814793373ec7d567f946d8f8bcb1,1f5889c4b72a5620a78b612db1e1c638415a814793373ec7d567f946d8f8bcb1,257,5,5,45,
1.0,versemap-reference-d9969e023145ab13,walt-whitman,Walt Whitman,walt-whitman-60c0f89a6cade204,The Unexpress’d,Walt Whitman/The Unexpress’d.txt,623,b51fd1d6df1e325538d9e551ba0ed03e7121882d1dce0137d8a86ac9d0ae7754,b51fd1d6df1e325538d9e551ba0ed03e7121882d1dce0137d8a86ac9d0ae7754,605,11,11,92,
1.0,versemap-reference-d9969e023145ab13,walt-whitman,Walt Whitman,walt-whitman-9842ab77d8c79534,The United States to Old World Critics,Walt Whitman/The United States to Old World Critics.txt,292,b700c535e598baedacf7bacbc70cae06d6b3d8a7020c0cef70222eba03fe57b7,b700c535e598baedacf7bacbc70cae06d6b3d8a7020c0cef70222eba03fe57b7,292,5,5,46,
1.0,versemap-reference-d9969e023145ab13,walt-whitman,Walt Whitman,walt-whitman-706ec554872579a8,The Untold Want,Walt Whitman/The Untold Want.txt,96,bf0318d8c196fadcad055580ed71d6581777a4a505cc7fac62235bec39131f11,bf0318d8c196fadcad055580ed71d6581777a4a505cc7fac62235bec39131f11,94,2,2,18,suspiciously_short
1.0,versemap-reference-d9969e023145ab13,walt-whitman,Walt Whitman,walt-whitman-277808c24784a1a9,The Voice of the Rain,Walt Whitman/The Voice of the Rain.txt,671,8a2582718d7e9a3c4fcca545ce58b285e62e4183ff0ebe12341eb3908ca9012d,8a2582718d7e9a3c4fcca545ce58b285e62e4183ff0ebe12341eb3908ca9012d,665,12,12,116,
1.0,versemap-reference-d9969e023145ab13,walt-whitman,Walt Whitman,walt-whitman-9e2b792c5d19d55f,The Wallabout Martyrs,Walt Whitman/The Wallabout Martyrs.txt,285,c6b85ab12e21835cbc1b116a2f2864abb6127dfc7b2f54d20b5d27b206f6a06e,c6b85ab12e21835cbc1b116a2f2864abb6127dfc7b2f54d20b5d27b206f6a06e,285,5,5,47,
1.0,versemap-reference-d9969e023145ab13,walt-whitman,Walt Whitman,walt-whitman-008d1ca0cd181967,The World below the Brine,Walt Whitman/The World below the Brine.txt,972,5bee53d1a729da19a5c02408d76f4d1a4575ff090987a44dc3bb207645c6e491,5bee53d1a729da19a5c02408d76f4d1a4575ff090987a44dc3bb207645c6e491,972,19,19,153,
1.0,versemap-reference-d9969e023145ab13,walt-whitman,Walt Whitman,walt-whitman-15df689c94fae2fe,The Wound-Dresser,Walt Whitman/The Wound-Dresser.txt,4118,f8988290fc24eede23f6c5ad5c098f4f8c9c95d28b5af5ef8ced05fee319b329,f8988290fc24eede23f6c5ad5c098f4f8c9c95d28b5af5ef8ced05fee319b329,4074,86,76,733,
1.0,versemap-reference-d9969e023145ab13,walt-whitman,Walt Whitman,walt-whitman-53b7ae9a0aaca234,There Was a Child Went Forth,Walt Whitman/There Was a Child Went Forth.txt,3250,1960d0bb56d6712e4da88eeb0bb7d35cbd4118dc91b7fe6b5e2a35ab99b1546b,1960d0bb56d6712e4da88eeb0bb7d35cbd4118dc91b7fe6b5e2a35ab99b1546b,3216,61,57,544,
1.0,versemap-reference-d9969e023145ab13,walt-whitman,Walt Whitman,walt-whitman-809cb3414feb0800,These Carols,Walt Whitman/These Carols.txt,113,7f0ac4dc4c0c62f93c4949ffb15dc314722ad66583b51c390959a5472d3a01d3,7f0ac4dc4c0c62f93c4949ffb15dc314722ad66583b51c390959a5472d3a01d3,113,2,2,20,suspiciously_short
1.0,versemap-reference-d9969e023145ab13,walt-whitman,Walt Whitman,walt-whitman-6252b545a86c0a0a,These I Singing in Spring,Walt Whitman/These I Singing in Spring.txt,2035,7c077dfb6e591497e58d5175fe4785f56afee18dd6b1339d85b5aa838c2ec91e,7c077dfb6e591497e58d5175fe4785f56afee18dd6b1339d85b5aa838c2ec91e,2029,36,36,367,
1.0,versemap-reference-d9969e023145ab13,walt-whitman,Walt Whitman,walt-whitman-bae56190a4c04d57,Thick-Sprinkled Bunting,Walt Whitman/Thick-Sprinkled Bunting.txt,519,ccaa65532a09407357e63b07f111b21795f2153a5810654b970186ee27b717b5,ccaa65532a09407357e63b07f111b21795f2153a5810654b970186ee27b717b5,515,10,10,89,
1.0,versemap-reference-d9969e023145ab13,walt-whitman,Walt Whitman,walt-whitman-0d5763f110832020,This Compost,Walt Whitman/This Compost.txt,3061,9e15343401967864dfcb0bc2f31206e60c20e9000abb2730068b65f1d763b3a4,9e15343401967864dfcb0bc2f31206e60c20e9000abb2730068b65f1d763b3a4,3047,65,60,538,
1.0,versemap-reference-d9969e023145ab13,walt-whitman,Walt Whitman,walt-whitman-a86aa29c82b0c8e6,This Dust Was Once the Man,Walt Whitman/This Dust Was Once the Man.txt,189,e6c0cffc067c902bd4d2fc7a7a75ff0645ea6af53ed6488b7f68b7d601ce05fa,e6c0cffc067c902bd4d2fc7a7a75ff0645ea6af53ed6488b7f68b7d601ce05fa,189,4,4,34,
1.0,versemap-reference-d9969e023145ab13,walt-whitman,Walt Whitman,walt-whitman-5726f2e83e41ab36,This Moment Yearning and Thoughtful,Walt Whitman/This Moment Yearning and Thoughtful.txt,472,bd5beaa8ecaaf5d1b04920f8b0a8f4bc4368f086e570a8eacbc95d8c22e14b59,bd5beaa8ecaaf5d1b04920f8b0a8f4bc4368f086e570a8eacbc95d8c22e14b59,472,9,9,93,
1.0,versemap-reference-d9969e023145ab13,walt-whitman,Walt Whitman,walt-whitman-e14d093f8ae74b87,Thou Mother with Thy Equal Brood,Walt Whitman/Thou Mother with Thy Equal Brood.txt,8791,401c09c641042cce7963fbe0627b7bd7ab8fff65a1b35e7da8b446fcc8319ceb,401c09c641042cce7963fbe0627b7bd7ab8fff65a1b35e7da8b446fcc8319ceb,8727,192,176,1440,
1.0,versemap-reference-d9969e023145ab13,walt-whitman,Walt Whitman,walt-whitman-6c4cdd0cf42ef74b,Thou Orb Aloft Full-Dazzling,Walt Whitman/Thou Orb Aloft Full-Dazzling.txt,1509,169fa17dc8ae277664379ffc5e73e215da8871ec2c1e9ace0e93b594d3a8137a,169fa17dc8ae277664379ffc5e73e215da8871ec2c1e9ace0e93b594d3a8137a,1493,34,30,250,
1.0,versemap-reference-d9969e023145ab13,walt-whitman,Walt Whitman,walt-whitman-137682c16d177072,Thou Reader,Walt Whitman/Thou Reader.txt,102,34cec24330f6af8341319fffa7e8777d866493d1d519dcd3ae7661ee557834e3,34cec24330f6af8341319fffa7e8777d866493d1d519dcd3ae7661ee557834e3,102,2,2,18,suspiciously_short
1.0,versemap-reference-d9969e023145ab13,walt-whitman,Walt Whitman,walt-whitman-5962bfc2254b1128,"Thought - As I sit with others at a great feast, suddenly while the music is playing,","Walt Whitman/Thought - As I sit with others at a great feast, suddenly while the music is playing,.txt",880,cdac36a96041922edf1c98c0df027535de5b3f298ae9ac4d377885426b70d8cd,cdac36a96041922edf1c98c0df027535de5b3f298ae9ac4d377885426b70d8cd,870,18,17,152,
1.0,versemap-reference-d9969e023145ab13,walt-whitman,Walt Whitman,walt-whitman-0ee1943c7f478762,"Thought - Of Equality--as if it harm’d me, giving others the same chances and","Walt Whitman/Thought - Of Equality--as if it harm’d me, giving others the same chances and.txt",175,97c194e931a4ed02e46e42d2197cafb91da6a29e12a048133a76e9021608cdf1,97c194e931a4ed02e46e42d2197cafb91da6a29e12a048133a76e9021608cdf1,173,3,3,31,suspiciously_short
1.0,versemap-reference-d9969e023145ab13,walt-whitman,Walt Whitman,walt-whitman-81f05918efd9b673,"Thought - Of justice--as If could be any thing but the same ample law,","Walt Whitman/Thought - Of justice--as If could be any thing but the same ample law,.txt",174,8e03cca30e1ea697736207d7d74395b7d9023ac68ccbbcaed02223f0a4946c09,8e03cca30e1ea697736207d7d74395b7d9023ac68ccbbcaed02223f0a4946c09,174,3,3,32,suspiciously_short
1.0,versemap-reference-d9969e023145ab13,walt-whitman,Walt Whitman,walt-whitman-682231b971413987,"Thought - Of obedience, faith, adhesiveness;","Walt Whitman/Thought - Of obedience, faith, adhesiveness;.txt",193,a27530ac3cced493ffc5bf501a84f4f63bd69a4c0f9ef2ce7e85dacbaf4a7d6c,a27530ac3cced493ffc5bf501a84f4f63bd69a4c0f9ef2ce7e85dacbaf4a7d6c,193,4,4,33,
1.0,versemap-reference-d9969e023145ab13,walt-whitman,Walt Whitman,walt-whitman-2148f15198a2c56b,"Thought - Of persons arrived at high positions, ceremonies, wealth,","Walt Whitman/Thought - Of persons arrived at high positions, ceremonies, wealth,.txt",712,2e4f039f510ae3933acd010a5071c3d84c5e010d01cab2246accbb4942cbc97e,2e4f039f510ae3933acd010a5071c3d84c5e010d01cab2246accbb4942cbc97e,712,13,13,125,
1.0,versemap-reference-d9969e023145ab13,walt-whitman,Walt Whitman,walt-whitman-04f659258ed64427,Thoughts - 1,Walt Whitman/Thoughts - 1.txt,3050,5f4b74c85841ca903a93c4795015158226110f5729203405c7cd851484717796,5f4b74c85841ca903a93c4795015158226110f5729203405c7cd851484717796,3036,62,60,499,
1.0,versemap-reference-d9969e023145ab13,walt-whitman,Walt Whitman,walt-whitman-f4091dc788ed31cd,Thoughts - Of ownership--as if one fit to own things could not at pleasure enter,Walt Whitman/Thoughts - Of ownership--as if one fit to own things could not at pleasure enter.txt,541,2f44daaa1775bb7b3a6ba53708cee26fca7147cf15369ada6b92baeb1d6767d3,2f44daaa1775bb7b3a6ba53708cee26fca7147cf15369ada6b92baeb1d6767d3,539,9,9,95,
1.0,versemap-reference-d9969e023145ab13,walt-whitman,Walt Whitman,walt-whitman-860eb1362db49123,"Thoughts - Of public opinion,","Walt Whitman/Thoughts - Of public opinion,.txt",888,9d4c442215d176777b21535c06c6db57c58922b9ba0e4069e49583e0e84854d2,9d4c442215d176777b21535c06c6db57c58922b9ba0e4069e49583e0e84854d2,888,16,16,147,
1.0,versemap-reference-d9969e023145ab13,walt-whitman,Walt Whitman,walt-whitman-bd9c1fc911bb2620,To a Certain Cantatrice,Walt Whitman/To a Certain Cantatrice.txt,304,b8e15b8ec5c9a8be5f49aa6a0b86a849ab9e2a1b5e751c7f253a5a52751c340b,b8e15b8ec5c9a8be5f49aa6a0b86a849ab9e2a1b5e751c7f253a5a52751c340b,304,6,6,57,
1.0,versemap-reference-d9969e023145ab13,walt-whitman,Walt Whitman,walt-whitman-1bb14f64a7f0f3f5,To a Certain Civilian,Walt Whitman/To a Certain Civilian.txt,639,20f0464b1906f4745f3e33e8d88c341d0f2f847cd815a0b2f8f015ace13245cd,20f0464b1906f4745f3e33e8d88c341d0f2f847cd815a0b2f8f015ace13245cd,633,12,12,117,
1.0,versemap-reference-d9969e023145ab13,walt-whitman,Walt Whitman,walt-whitman-89f063d5fa7f25e9,To a Common Prostitute,Walt Whitman/To a Common Prostitute.txt,520,c83663bc807628d20c7ebda147087b2b1f36eb4cd426ee151d1d78b085ca1164,c83663bc807628d20c7ebda147087b2b1f36eb4cd426ee151d1d78b085ca1164,520,11,9,102,
1.0,versemap-reference-d9969e023145ab13,walt-whitman,Walt Whitman,walt-whitman-684b25f47e1c0b3c,To a Foil’d European Revolutionaire,Walt Whitman/To a Foil’d European Revolutionaire.txt,2307,d5976de6d9823008aaa2a08c4b412cde7bde32b96b87f41314023a8b7ef46979,d5976de6d9823008aaa2a08c4b412cde7bde32b96b87f41314023a8b7ef46979,2297,53,45,408,
1.0,versemap-reference-d9969e023145ab13,walt-whitman,Walt Whitman,walt-whitman-0f04f7781586d064,To a Historian,Walt Whitman/To a Historian.txt,500,ef5f533c0b49bfaa286517cf24ace1b847ae24b341353f7899bd02140b57c210,ef5f533c0b49bfaa286517cf24ace1b847ae24b341353f7899bd02140b57c210,500,11,11,85,
1.0,versemap-reference-d9969e023145ab13,walt-whitman,Walt Whitman,walt-whitman-bf7b30dcdfab0f53,To a Locomotive in Winter,Walt Whitman/To a Locomotive in Winter.txt,1549,0d5104ec35f87e83cc945d1e3cdc877d59a71f595cca0267637ee6cda122af05,0d5104ec35f87e83cc945d1e3cdc877d59a71f595cca0267637ee6cda122af05,1539,30,29,247,
1.0,versemap-reference-d9969e023145ab13,walt-whitman,Walt Whitman,walt-whitman-376663dbf12814ac,To a President,Walt Whitman/To a President.txt,341,a1c57d35f400b3cee3b4435c9973c5cde116c5b63c14aee5f3ee189715a95b88,a1c57d35f400b3cee3b4435c9973c5cde116c5b63c14aee5f3ee189715a95b88,337,6,6,60,
1.0,versemap-reference-d9969e023145ab13,walt-whitman,Walt Whitman,walt-whitman-3a342c75b6f1b8b1,To a Pupil,Walt Whitman/To a Pupil.txt,689,9d8acb7fd175a55d3f8ae9aeeb9ba37fa954f9e60379af9b5b0573eda216e00b,9d8acb7fd175a55d3f8ae9aeeb9ba37fa954f9e60379af9b5b0573eda216e00b,687,15,13,118,
1.0,versemap-reference-d9969e023145ab13,walt-whitman,Walt Whitman,walt-whitman-0630802537154941,To a Stranger,Walt Whitman/To a Stranger.txt,758,114c84339b0204ccbf648da231fbd6338074e7eafbe8effd9da680db02ab8af2,114c84339b0204ccbf648da231fbd6338074e7eafbe8effd9da680db02ab8af2,756,15,15,162,
1.0,versemap-reference-d9969e023145ab13,walt-whitman,Walt Whitman,walt-whitman-3d5b63e89e72d337,To a Western Boy,Walt Whitman/To a Western Boy.txt,247,bde1c297a86e361a7eba26950cf39c2f15f46833865d874bdf7e5eaf8cabe516,bde1c297a86e361a7eba26950cf39c2f15f46833865d874bdf7e5eaf8cabe516,247,4,4,50,
1.0,versemap-reference-d9969e023145ab13,walt-whitman,Walt Whitman,walt-whitman-2da7200bbba299f4,To Foreign Lands,Walt Whitman/To Foreign Lands.txt,193,2f18c5701e20803d0ed7a18705a5d4d8fa89dcb7b21606d91502d85b4a9b1e91,2f18c5701e20803d0ed7a18705a5d4d8fa89dcb7b21606d91502d85b4a9b1e91,191,3,3,35,suspiciously_short
1.0,versemap-reference-d9969e023145ab13,walt-whitman,Walt Whitman,walt-whitman-9112907f1c91653e,To Get the Final Lilt of Songs,Walt Whitman/To Get the Final Lilt of Songs.txt,372,878173dc06142cdfc147219733e58c804dab421036d68c897b7e0bd52e5cc5ba,878173dc06142cdfc147219733e58c804dab421036d68c897b7e0bd52e5cc5ba,372,7,7,60,
1.0,versemap-reference-d9969e023145ab13,walt-whitman,Walt Whitman,walt-whitman-6e7434dfb19192f8,To Him That Was Crucified,Walt Whitman/To Him That Was Crucified.txt,1077,71b947e4a7c73b00928d7620e9e0e4fa2ff7e26aad1dddfe82a8b82165aa7cd5,71b947e4a7c73b00928d7620e9e0e4fa2ff7e26aad1dddfe82a8b82165aa7cd5,1075,18,18,185,
1.0,versemap-reference-d9969e023145ab13,walt-whitman,Walt Whitman,walt-whitman-c1aae6578f9d4ec6,To Old Age,Walt Whitman/To Old Age.txt,100,4eef28970745224f92168efb76ae7171724d034c82c4fda24274ca9144691c70,4eef28970745224f92168efb76ae7171724d034c82c4fda24274ca9144691c70,100,2,2,19,suspiciously_short
1.0,versemap-reference-d9969e023145ab13,walt-whitman,Walt Whitman,walt-whitman-30c2a2c0f41d407d,To One Shortly to Die,Walt Whitman/To One Shortly to Die.txt,926,87e6b0577dde31c2ead274c55ec77625730cb02505a96e6d80d1e5806ba3e6aa,87e6b0577dde31c2ead274c55ec77625730cb02505a96e6d80d1e5806ba3e6aa,924,19,17,171,
1.0,versemap-reference-d9969e023145ab13,walt-whitman,Walt Whitman,walt-whitman-c38d7c5f2284456e,To Rich Givers,Walt Whitman/To Rich Givers.txt,422,59524eb49d24d8efbc5656c00848dc6f379dda24d85e6d4f541a1b5ba6b5829e,59524eb49d24d8efbc5656c00848dc6f379dda24d85e6d4f541a1b5ba6b5829e,420,8,8,77,
1.0,versemap-reference-d9969e023145ab13,walt-whitman,Walt Whitman,walt-whitman-4256fcc3851c4bc8,To the East and to the West,Walt Whitman/To the East and to the West.txt,399,c95a1dde618acaeffef6da839cb29b335d32455adc818bc8712de8409bbb412f,c95a1dde618acaeffef6da839cb29b335d32455adc818bc8712de8409bbb412f,399,7,7,74,
1.0,versemap-reference-d9969e023145ab13,walt-whitman,Walt Whitman,walt-whitman-c4e46b9cb7832479,To the Garden the World,Walt Whitman/To the Garden the World.txt,574,bb9a3e83c6c6d3c5c1cfc5982cdea57a783e1f040c64632f86812db03d39a6bb,bb9a3e83c6c6d3c5c1cfc5982cdea57a783e1f040c64632f86812db03d39a6bb,574,12,12,96,
1.0,versemap-reference-d9969e023145ab13,walt-whitman,Walt Whitman,walt-whitman-bb696d98e67db7a8,To the Leaven’d Soil They Trod,Walt Whitman/To the Leaven’d Soil They Trod.txt,970,a1b95c94ecece608de27ce6699287be13d6699bb85e9e618907c9c6c42d7da6e,a1b95c94ecece608de27ce6699287be13d6699bb85e9e618907c9c6c42d7da6e,966,16,16,174,
1.0,versemap-reference-d9969e023145ab13,walt-whitman,Walt Whitman,walt-whitman-8d754da8315bf1ac,To the Man-of-War-Bird,Walt Whitman/To the Man-of-War-Bird.txt,1012,8dc28446d2301f8dd34c681b7853bcb4b832cc66a3456c34e97ae14ad55d9dac,8dc28446d2301f8dd34c681b7853bcb4b832cc66a3456c34e97ae14ad55d9dac,998,23,21,174,
1.0,versemap-reference-d9969e023145ab13,walt-whitman,Walt Whitman,walt-whitman-91c434b1cb9d52ce,To the Pending Year,Walt Whitman/To the Pending Year.txt,392,d1e205e8b673ee8ac6d0a3883e9210e40a2198a7faeddf76fbaf043342293e49,d1e205e8b673ee8ac6d0a3883e9210e40a2198a7faeddf76fbaf043342293e49,392,8,7,65,
1.0,versemap-reference-d9969e023145ab13,walt-whitman,Walt Whitman,walt-whitman-8ec75be1db8c9304,"To The States [To Identify the 16th, 17th, or 18th Presidentiad]","Walt Whitman/To The States [To Identify the 16th, 17th, or 18th Presidentiad].txt",593,7370c2a034b13ff269fcc96e83712f228eb44cef64c9b63d556ded18fa5a568c,7370c2a034b13ff269fcc96e83712f228eb44cef64c9b63d556ded18fa5a568c,593,12,12,93,
1.0,versemap-reference-d9969e023145ab13,walt-whitman,Walt Whitman,walt-whitman-ce082ce17713b3a5,To the States,Walt Whitman/To the States.txt,241,3e75330d3d0bea26c99ea6eec310ad615efd0e24fb184a2642a5172a8728d09e,3e75330d3d0bea26c99ea6eec310ad615efd0e24fb184a2642a5172a8728d09e,241,5,5,39,
1.0,versemap-reference-d9969e023145ab13,walt-whitman,Walt Whitman,walt-whitman-c6c2aa1e763ffdaf,To the Sun-Set Breeze,Walt Whitman/To the Sun-Set Breeze.txt,1184,0a86cb6cefd7759e209cd0ca244e5dffd9e5c807c2b394c8cf126e02f9b9c3fb,0a86cb6cefd7759e209cd0ca244e5dffd9e5c807c2b394c8cf126e02f9b9c3fb,1176,23,23,189,
1.0,versemap-reference-d9969e023145ab13,walt-whitman,Walt Whitman,walt-whitman-e536d06a456617e5,To Thee Old Cause,Walt Whitman/To Thee Old Cause.txt,894,57bb97568d98bfb8de50769c8d5591a34a893dbb1835f60a122034669f8675d9,57bb97568d98bfb8de50769c8d5591a34a893dbb1835f60a122034669f8675d9,894,21,19,158,
1.0,versemap-reference-d9969e023145ab13,walt-whitman,Walt Whitman,walt-whitman-efb322b07a9b2774,To Think of Time,Walt Whitman/To Think of Time.txt,8948,79269d3876e925d25b7bc2fa2a80bb1d5a551827ecaa2fdb7ccef68a0f4d33c3,79269d3876e925d25b7bc2fa2a80bb1d5a551827ecaa2fdb7ccef68a0f4d33c3,8900,216,178,1545,
1.0,versemap-reference-d9969e023145ab13,walt-whitman,Walt Whitman,walt-whitman-d485eeb3bb5b478b,To Those Who’ve Fail’d,Walt Whitman/To Those Who’ve Fail’d.txt,414,99fba859e458a19b2cd6e3f0f6ccf70e4f5ae785d52f23e47365ba4597bffb4d,99fba859e458a19b2cd6e3f0f6ccf70e4f5ae785d52f23e47365ba4597bffb4d,400,9,9,65,
1.0,versemap-reference-d9969e023145ab13,walt-whitman,Walt Whitman,walt-whitman-7640c289bfcbc8e0,"To You - Stranger, if you passing meet me and desire to speak to me, why","Walt Whitman/To You - Stranger, if you passing meet me and desire to speak to me, why.txt",131,a418ba877b0aa49bb695d6ee9dba99cfcb02ac76ff1f880856592202bfeef737,a418ba877b0aa49bb695d6ee9dba99cfcb02ac76ff1f880856592202bfeef737,131,3,3,27,suspiciously_short
1.0,versemap-reference-d9969e023145ab13,walt-whitman,Walt Whitman,walt-whitman-3db33750b54a0af7,"To You - Whoever you are, I fear you are walking the walks of dreams,","Walt Whitman/To You - Whoever you are, I fear you are walking the walks of dreams,.txt",3674,ead2bfef58dd2d8e44a35a958301f33c1b8c434521173b74d2c9578ff3f3cbfe,ead2bfef58dd2d8e44a35a958301f33c1b8c434521173b74d2c9578ff3f3cbfe,3662,79,69,636,
1.0,versemap-reference-d9969e023145ab13,walt-whitman,Walt Whitman,walt-whitman-5eaffd6876dd1007,To-Day and Thee,Walt Whitman/To-Day and Thee.txt,319,ddf145d20ac7d20ee8d9faca56c4368b6949067ac0608fe181aab21c4f7373d8,ddf145d20ac7d20ee8d9faca56c4368b6949067ac0608fe181aab21c4f7373d8,315,6,6,51,
1.0,versemap-reference-d9969e023145ab13,walt-whitman,Walt Whitman,walt-whitman-c376ebadba30b237,Transpositions,Walt Whitman/Transpositions.txt,322,6e7a08339f35ffc7c0fba2fe48c8d890a54c5bf24cf8df9484a58c5a067df70f,6e7a08339f35ffc7c0fba2fe48c8d890a54c5bf24cf8df9484a58c5a067df70f,322,5,5,55,
1.0,versemap-reference-d9969e023145ab13,walt-whitman,Walt Whitman,walt-whitman-14c73ed6141f9e94,Trickle Drops,Walt Whitman/Trickle Drops.txt,602,6cdd6d405e80a372057fcef603190338258b7c695fcfa28b60d657aed68aee3e,6cdd6d405e80a372057fcef603190338258b7c695fcfa28b60d657aed68aee3e,598,12,12,105,
1.0,versemap-reference-d9969e023145ab13,walt-whitman,Walt Whitman,walt-whitman-a1b68b6adfac6d39,True Conquerors,Walt Whitman/True Conquerors.txt,394,e74161f84618ec62f64ac8ba8f7af9d4d31483e56a29acc8653464755ec74c18,e74161f84618ec62f64ac8ba8f7af9d4d31483e56a29acc8653464755ec74c18,388,7,7,62,
1.0,versemap-reference-d9969e023145ab13,walt-whitman,Walt Whitman,walt-whitman-cca6617139833c19,Turn O Libertad,Walt Whitman/Turn O Libertad.txt,803,8948c8f8ccd56c6b0d1c2aa146b4c6e29e0c02e82213187b574413b476131ca5,8948c8f8ccd56c6b0d1c2aa146b4c6e29e0c02e82213187b574413b476131ca5,799,15,15,141,
1.0,versemap-reference-d9969e023145ab13,walt-whitman,Walt Whitman,walt-whitman-337389907b911b6f,Twenty Years,Walt Whitman/Twenty Years.txt,885,e0058f28edf3cc1a01989aa850664f3c0daab25f11687f1bb540d57226437f36,e0058f28edf3cc1a01989aa850664f3c0daab25f11687f1bb540d57226437f36,875,14,14,157,
1.0,versemap-reference-d9969e023145ab13,walt-whitman,Walt Whitman,walt-whitman-26f8d78202f21b89,Twilight,Walt Whitman/Twilight.txt,170,10314eec1c832084ac6e5fcb7776df368241bb4959044bdf0d24afadf7ddb0db,10314eec1c832084ac6e5fcb7776df368241bb4959044bdf0d24afadf7ddb0db,166,4,4,27,
1.0,versemap-reference-d9969e023145ab13,walt-whitman,Walt Whitman,walt-whitman-d93a8e6aa652ef45,Unfolded out of the Folds,Walt Whitman/Unfolded out of the Folds.txt,1136,cbd46b23b505142130539f3f4ad066fd9fe37ab6cb98704963d5a47ac534ea37,cbd46b23b505142130539f3f4ad066fd9fe37ab6cb98704963d5a47ac534ea37,1130,20,20,207,
1.0,versemap-reference-d9969e023145ab13,walt-whitman,Walt Whitman,walt-whitman-7b6fe1bdf8522402,Unnamed Land,Walt Whitman/Unnamed Land.txt,2303,23bce170ba188af1880868422efff08698e0f347f23a70b141654c864722db56,23bce170ba188af1880868422efff08698e0f347f23a70b141654c864722db56,2289,46,42,379,
1.0,versemap-reference-d9969e023145ab13,walt-whitman,Walt Whitman,walt-whitman-77179db9be6eb195,Unseen Buds,Walt Whitman/Unseen Buds.txt,462,4bd7cc916445279cae1fad59f8e6cd5f4f88494fa9ea88e8d5a075b361de68d7,4bd7cc916445279cae1fad59f8e6cd5f4f88494fa9ea88e8d5a075b361de68d7,462,9,9,71,
1.0,versemap-reference-d9969e023145ab13,walt-whitman,Walt Whitman,walt-whitman-4fd8a2af816eb0bc,"Untitled - Come, said my soul,","Walt Whitman/Untitled - Come, said my soul,.txt",432,596b3d617917ad80b1c37693605a2f8bb949e7ae404ac2a33a34f1b6db50e620,596b3d617917ad80b1c37693605a2f8bb949e7ae404ac2a33a34f1b6db50e620,428,9,9,75,
1.0,versemap-reference-d9969e023145ab13,walt-whitman,Walt Whitman,walt-whitman-91ab42a273cd99e0,Vigil Strange I Kept on the Field One Night,Walt Whitman/Vigil Strange I Kept on the Field One Night.txt,1993,b8b787c1ce28120c74a78a089456cfc1d148096b1c4ce334cd870763babaaa04,b8b787c1ce28120c74a78a089456cfc1d148096b1c4ce334cd870763babaaa04,1981,36,36,357,
1.0,versemap-reference-d9969e023145ab13,walt-whitman,Walt Whitman,walt-whitman-59d72aa4bc2dbd8b,Virginia--The West,Walt Whitman/Virginia--The West.txt,680,305e38813f2056d5241ad1c38f9ed5c1c342cf3f0928f7203da44ddb4956df71,305e38813f2056d5241ad1c38f9ed5c1c342cf3f0928f7203da44ddb4956df71,678,15,13,119,
1.0,versemap-reference-d9969e023145ab13,walt-whitman,Walt Whitman,walt-whitman-e21cbce8e14247e6,Visor’d,Walt Whitman/Visor’d.txt,185,f53ce685b2fe0fe0b8a74482547810f3614e51ee5c1a67a9d4fca0e4203265ea,f53ce685b2fe0fe0b8a74482547810f3614e51ee5c1a67a9d4fca0e4203265ea,185,4,4,28,
1.0,versemap-reference-d9969e023145ab13,walt-whitman,Walt Whitman,walt-whitman-8d185f45d43cc31b,Vocalism,Walt Whitman/Vocalism.txt,1760,e611a80e2d43866d94f3042baa3287325adcdd17c4f3bfca5b5da11dcd47a5c3,e611a80e2d43866d94f3042baa3287325adcdd17c4f3bfca5b5da11dcd47a5c3,1748,39,36,274,
1.0,versemap-reference-d9969e023145ab13,walt-whitman,Walt Whitman,walt-whitman-bed7e037082dd27e,Wandering at Morn,Walt Whitman/Wandering at Morn.txt,800,90cfce9a07f217044f7a913e9e9160baf73b3b8e6e45de967b2d990038d7678e,90cfce9a07f217044f7a913e9e9160baf73b3b8e6e45de967b2d990038d7678e,788,16,15,136,
1.0,versemap-reference-d9969e023145ab13,walt-whitman,Walt Whitman,walt-whitman-69e94f46e01496e9,Warble for Lilac-Time,Walt Whitman/Warble for Lilac-Time.txt,1683,b6a314225d4ca330fe08e2be7a82c020f7ea814163e740c0d04cf026a4e7d7e7,b6a314225d4ca330fe08e2be7a82c020f7ea814163e740c0d04cf026a4e7d7e7,1675,30,30,286,
1.0,versemap-reference-d9969e023145ab13,walt-whitman,Walt Whitman,walt-whitman-547d91d3e6681e46,"Washington’s Monument February, 1885","Walt Whitman/Washington’s Monument February, 1885.txt",981,cac37da61e9a8a312460285aa380c3673c619a701acfb676fd4dc8b284ec69ac,cac37da61e9a8a312460285aa380c3673c619a701acfb676fd4dc8b284ec69ac,957,18,18,156,
1.0,versemap-reference-d9969e023145ab13,walt-whitman,Walt Whitman,walt-whitman-19e91018f12719a3,We Two Boys Together Clinging,Walt Whitman/We Two Boys Together Clinging.txt,520,b36f21c97d461de0602a1d7915105c4b53d41477d6734c4897ed64e3a378fa33,b36f21c97d461de0602a1d7915105c4b53d41477d6734c4897ed64e3a378fa33,518,11,11,70,
1.0,versemap-reference-d9969e023145ab13,walt-whitman,Walt Whitman,walt-whitman-6219ec609cdaa237,"We Two, How Long We Were Fool’d","Walt Whitman/We Two, How Long We Were Fool’d.txt",1242,cdf15cb9fcc55a3d090e0949a4ea8c0acf0fc5eebdd483ce22b47c8daf83fa39,cdf15cb9fcc55a3d090e0949a4ea8c0acf0fc5eebdd483ce22b47c8daf83fa39,1238,23,23,219,
1.0,versemap-reference-d9969e023145ab13,walt-whitman,Walt Whitman,walt-whitman-679fa47a72e865c9,"Weave in, My Hardy Life","Walt Whitman/Weave in, My Hardy Life.txt",592,0ce36a10143749ee7026eb02ebbaa63f17756fe7c65aa9cda4d8229db8b5f374,0ce36a10143749ee7026eb02ebbaa63f17756fe7c65aa9cda4d8229db8b5f374,590,11,11,112,
1.0,versemap-reference-d9969e023145ab13,walt-whitman,Walt Whitman,walt-whitman-c93e3a0821029d7e,What Am I After All,Walt Whitman/What Am I After All.txt,267,80fb7df7b2ad05d5e5e7feba06320f88e959df8c9109065b8ff9f374226076dc,80fb7df7b2ad05d5e5e7feba06320f88e959df8c9109065b8ff9f374226076dc,265,7,6,52,
1.0,versemap-reference-d9969e023145ab13,walt-whitman,Walt Whitman,walt-whitman-2768d031698f2d73,What Best I See in Thee,Walt Whitman/What Best I See in Thee.txt,725,871581e1215b3a73bbb385cb4d4b13146f8c31a2836edd9fcc88872cf6ddee85,871581e1215b3a73bbb385cb4d4b13146f8c31a2836edd9fcc88872cf6ddee85,699,14,13,115,
1.0,versemap-reference-d9969e023145ab13,walt-whitman,Walt Whitman,walt-whitman-f2526748aa84ba91,What Place Is Besieged,Walt Whitman/What Place Is Besieged.txt,230,e7719dd18999061e507df9b77262409afb2662c005fef64e82fa9a6b02592fa8,e7719dd18999061e507df9b77262409afb2662c005fef64e82fa9a6b02592fa8,230,4,4,40,
1.0,versemap-reference-d9969e023145ab13,walt-whitman,Walt Whitman,walt-whitman-c768bcc32b109794,What Ship Puzzled at Sea,Walt Whitman/What Ship Puzzled at Sea.txt,268,ec007aa159f7df2cb57b8244d05be75e1831229f7b03588852300416fc675de3,ec007aa159f7df2cb57b8244d05be75e1831229f7b03588852300416fc675de3,268,5,5,48,
1.0,versemap-reference-d9969e023145ab13,walt-whitman,Walt Whitman,walt-whitman-30a9ab80389463a2,What Think You I Take My Pen in Hand,Walt Whitman/What Think You I Take My Pen in Hand.txt,572,04aa0f9810917da545e0f80a779366a730ebb496056b7ec50bce5a92e8d93a6c,04aa0f9810917da545e0f80a779366a730ebb496056b7ec50bce5a92e8d93a6c,566,10,10,105,
1.0,versemap-reference-d9969e023145ab13,walt-whitman,Walt Whitman,walt-whitman-9097facfe40fa2e8,When I Heard at the Close of the Day,Walt Whitman/When I Heard at the Close of the Day.txt,1319,c5c5f58fd79debfe4c7b92ed09ef4fe7bdb6ad869ebe0d95447949df0df45266,c5c5f58fd79debfe4c7b92ed09ef4fe7bdb6ad869ebe0d95447949df0df45266,1303,25,25,243,
1.0,versemap-reference-d9969e023145ab13,walt-whitman,Walt Whitman,walt-whitman-853014f3efdd92b0,When I Heard the Learn’d Astronomer,Walt Whitman/When I Heard the Learn’d Astronomer.txt,482,8ab764db0cfb7a5c1cba507c8f1d57ae5660159d9f59e72d1f54b15f112704e8,8ab764db0cfb7a5c1cba507c8f1d57ae5660159d9f59e72d1f54b15f112704e8,476,9,9,82,
1.0,versemap-reference-d9969e023145ab13,walt-whitman,Walt Whitman,walt-whitman-6821cab4712cf409,When I Peruse the Conquer’d Fame,Walt Whitman/When I Peruse the Conquer’d Fame.txt,516,c0fad23e0169cea4a496041529bd4e93ddb66a9ff31157a51493409a97f56c3f,c0fad23e0169cea4a496041529bd4e93ddb66a9ff31157a51493409a97f56c3f,512,9,9,87,
1.0,versemap-reference-d9969e023145ab13,walt-whitman,Walt Whitman,walt-whitman-e833c890b2c3d22f,When I Read the Book,Walt Whitman/When I Read the Book.txt,389,fe884fdc54dd98efef2feec34b9c84e26f49b0dd337c47208cee486a438fe577,fe884fdc54dd98efef2feec34b9c84e26f49b0dd337c47208cee486a438fe577,387,7,7,81,
1.0,versemap-reference-d9969e023145ab13,walt-whitman,Walt Whitman,walt-whitman-fa7239d205675ba7,When Lilacs Last in the Dooryard Bloom’d,Walt Whitman/When Lilacs Last in the Dooryard Bloom’d.txt,12288,6685fb315bce7be23f1fb0ffe272a558de4e540c117b50603937db76489f17ed,6685fb315bce7be23f1fb0ffe272a558de4e540c117b50603937db76489f17ed,12192,292,252,2160,
1.0,versemap-reference-d9969e023145ab13,walt-whitman,Walt Whitman,walt-whitman-17e56490245d3605,When the Full-Grown Poet Came,Walt Whitman/When the Full-Grown Poet Came.txt,489,ab115793d3b033b79af6a761bdd41d594b3229665454cb9b8f7e3f2e2a869071,ab115793d3b033b79af6a761bdd41d594b3229665454cb9b8f7e3f2e2a869071,489,10,10,84,
1.0,versemap-reference-d9969e023145ab13,walt-whitman,Walt Whitman,walt-whitman-a60733e9066bdc4d,While Not the Past Forgetting,Walt Whitman/While Not the Past Forgetting.txt,300,3e1801f3441b980dfbe9c6b54dc32111d408cd3e5b85b0cdbf492a173641b6a9,3e1801f3441b980dfbe9c6b54dc32111d408cd3e5b85b0cdbf492a173641b6a9,300,6,6,49,
1.0,versemap-reference-d9969e023145ab13,walt-whitman,Walt Whitman,walt-whitman-3ee3a20529bda1e7,Whispers of Heavenly Death,Walt Whitman/Whispers of Heavenly Death.txt,608,58dd44d675486375c4eadeb770bb2dac95f5dcc5818fef5ccc933c5afe3720d4,58dd44d675486375c4eadeb770bb2dac95f5dcc5818fef5ccc933c5afe3720d4,602,14,12,90,
1.0,versemap-reference-d9969e023145ab13,walt-whitman,Walt Whitman,walt-whitman-6078225be73c25c1,Who Learns My Lesson Complete,Walt Whitman/Who Learns My Lesson Complete.txt,2150,8aaf0d4daa36d41b65779f3cc31051db239344e689fb1153c7b2cdfa6f3485da,8aaf0d4daa36d41b65779f3cc31051db239344e689fb1153c7b2cdfa6f3485da,2144,50,41,392,
1.0,versemap-reference-d9969e023145ab13,walt-whitman,Walt Whitman,walt-whitman-b3aab32911700976,Whoever You Are Holding Me Now in Hand,Walt Whitman/Whoever You Are Holding Me Now in Hand.txt,2408,b8d4590a69c30c2b08f3f3aeceb28d14932820ed58488c857cc9aa51591e9728,b8d4590a69c30c2b08f3f3aeceb28d14932820ed58488c857cc9aa51591e9728,2400,53,47,451,
1.0,versemap-reference-d9969e023145ab13,walt-whitman,Walt Whitman,walt-whitman-06bc8769f7ffd006,With All Thy Gifts,Walt Whitman/With All Thy Gifts.txt,444,e720e70b3e27fb555e7ff571804027bcb82b05f4ae1fbaa2c8033c5bb65fff45,e720e70b3e27fb555e7ff571804027bcb82b05f4ae1fbaa2c8033c5bb65fff45,444,9,9,72,
1.0,versemap-reference-d9969e023145ab13,walt-whitman,Walt Whitman,walt-whitman-6400927bd945b815,With Antecedents,Walt Whitman/With Antecedents.txt,2627,0b4dd3fd65abe91f2ec44bac52bdf50f3588097cf336ef5b3b205adba7741b7d,0b4dd3fd65abe91f2ec44bac52bdf50f3588097cf336ef5b3b205adba7741b7d,2625,56,50,481,
1.0,versemap-reference-d9969e023145ab13,walt-whitman,Walt Whitman,walt-whitman-b34a0445a27c0c0e,"With Husky-Haughty Lips, O Sea!","Walt Whitman/With Husky-Haughty Lips, O Sea!.txt",1338,2e0ec0d95e6f6c3e893b3596120e98331003322ac76820707ee3a305fb6437ea,2e0ec0d95e6f6c3e893b3596120e98331003322ac76820707ee3a305fb6437ea,1318,27,27,213,
1.0,versemap-reference-d9969e023145ab13,walt-whitman,Walt Whitman,walt-whitman-a3f70ba85296d427,World Take Good Notice,Walt Whitman/World Take Good Notice.txt,212,c4ee1fc2735974589eb30b9f48a5b34185b7acf3dc1eedd89d08006e3b67b68b,c4ee1fc2735974589eb30b9f48a5b34185b7acf3dc1eedd89d08006e3b67b68b,212,5,5,31,
1.0,versemap-reference-d9969e023145ab13,walt-whitman,Walt Whitman,walt-whitman-f1a95ba4e0558c13,Year of Meteors [1859-60,Walt Whitman/Year of Meteors [1859-60.txt,1977,450ee7fad83dd2ec16026909ed744d7128f41fa470f80db66971b176d05008e7,450ee7fad83dd2ec16026909ed744d7128f41fa470f80db66971b176d05008e7,1965,37,37,344,
1.0,versemap-reference-d9969e023145ab13,walt-whitman,Walt Whitman,walt-whitman-32455e0ae5976c45,Year That Trembled and Reel’d Beneath Me,Walt Whitman/Year That Trembled and Reel’d Beneath Me.txt,312,329464b2fdbc96c16f9fa85169c8a8088df897ec4067a5e841e387276e384d75,329464b2fdbc96c16f9fa85169c8a8088df897ec4067a5e841e387276e384d75,308,6,6,57,
1.0,versemap-reference-d9969e023145ab13,walt-whitman,Walt Whitman,walt-whitman-2214e088ef3a32ad,Years of the Modern,Walt Whitman/Years of the Modern.txt,2265,9f5a6b5811d737ba7d4e559fd209168b84d128ab626a495d45f1454676cabd35,9f5a6b5811d737ba7d4e559fd209168b84d128ab626a495d45f1454676cabd35,2251,41,41,375,
1.0,versemap-reference-d9969e023145ab13,walt-whitman,Walt Whitman,walt-whitman-01b5a464c9d91ced,"Yet, Yet, Ye Downcast Hours","Walt Whitman/Yet, Yet, Ye Downcast Hours.txt",790,8e01ba88dd74d3efbe7aab97e1e0a088414247f28bb4632c36f8e387da6e3e78,8e01ba88dd74d3efbe7aab97e1e0a088414247f28bb4632c36f8e387da6e3e78,780,18,16,136,
1.0,versemap-reference-d9969e023145ab13,walt-whitman,Walt Whitman,walt-whitman-3742533586b1bab1,Yonnondio,Walt Whitman/Yonnondio.txt,777,5423590cf1ceb5f8be3cf686fe349b4f3b768f96d3b1b1748b79ea5ab405d7ca,5423590cf1ceb5f8be3cf686fe349b4f3b768f96d3b1b1748b79ea5ab405d7ca,775,15,15,130,
1.0,versemap-reference-d9969e023145ab13,walt-whitman,Walt Whitman,walt-whitman-ce7a4355ce147bac,You Felons on Trial in Courts,Walt Whitman/You Felons on Trial in Courts.txt,921,08c3e60f89409b34669284fe88d3b44e9fceea4edb78fc5ac3ef9b640c25e95c,08c3e60f89409b34669284fe88d3b44e9fceea4edb78fc5ac3ef9b640c25e95c,911,20,17,163,
1.0,versemap-reference-d9969e023145ab13,walt-whitman,Walt Whitman,walt-whitman-105564c2870d8871,You Lingering Sparse Leaves of Me,Walt Whitman/You Lingering Sparse Leaves of Me.txt,381,6446ff6bffbc7a6d208346e8b8e70c95722c257f35bfbcdd1fcbce550cc7afb8,6446ff6bffbc7a6d208346e8b8e70c95722c257f35bfbcdd1fcbce550cc7afb8,379,7,7,59,
1.0,versemap-reference-d9969e023145ab13,walt-whitman,Walt Whitman,walt-whitman-ba2a3c4635600b35,"Youth, Day, Old Age and Night","Walt Whitman/Youth, Day, Old Age and Night.txt",326,4ca23d09f2a63ab88f9ccde5d0a37402e886775b0783e7e457d956a8aeb35d8a,4ca23d09f2a63ab88f9ccde5d0a37402e886775b0783e7e457d956a8aeb35d8a,326,8,7,49,
1.0,versemap-reference-d9969e023145ab13,walt-whitman,Walt Whitman,walt-whitman-8c894edd75f1dd97,“Going Somewhere”,Walt Whitman/“Going Somewhere”.txt,596,7f5ef26b3d51c47c9e251125638b7ab2569e412d7c51d7ec13c687a06f9dd001,7f5ef26b3d51c47c9e251125638b7ab2569e412d7c51d7ec13c687a06f9dd001,582,11,11,94,
1.0,versemap-reference-d9969e023145ab13,walt-whitman,Walt Whitman,walt-whitman-0522e0b6fe33903b,“The Rounded Catalogue Divine Complete”,Walt Whitman/“The Rounded Catalogue Divine Complete”.txt,449,12e245698100a4015f3f7b34b3fb7fdb391b0613ef45fdda068097c2429cec38,12e245698100a4015f3f7b34b3fb7fdb391b0613ef45fdda068097c2429cec38,445,8,8,70,
1.0,versemap-reference-d9969e023145ab13,william-shakespeare,William Shakespeare,william-shakespeare-b37eaf2b61998a59,"Sonnet 1 - From fairest creatures we desire increase,","William Shakespeare/Sonnet 1 - From fairest creatures we desire increase,.txt",630,3d93d68838ae55bb968500efcbeee784111673e00cb2a0ec26de3b461e56a939,3d93d68838ae55bb968500efcbeee784111673e00cb2a0ec26de3b461e56a939,618,14,14,105,
1.0,versemap-reference-d9969e023145ab13,william-shakespeare,William Shakespeare,william-shakespeare-66e4067e34df3835,"Sonnet 10 - For shame! deny that thou bear’st love to any,","William Shakespeare/Sonnet 10 - For shame! deny that thou bear’st love to any,.txt",643,aba6c303b4e3bff1d3e1da642b0a208391152755409b59f6ddecca364242a862,aba6c303b4e3bff1d3e1da642b0a208391152755409b59f6ddecca364242a862,629,14,14,112,
1.0,versemap-reference-d9969e023145ab13,william-shakespeare,William Shakespeare,william-shakespeare-1939cfa51d2710c7,"Sonnet 100 - Where art thou Muse that thou forget’st so long,","William Shakespeare/Sonnet 100 - Where art thou Muse that thou forget’st so long,.txt",637,f9fdd346d90bf73b4206e22eb59dbc61519bc5f46f97171b7ea2e6627247fcb3,f9fdd346d90bf73b4206e22eb59dbc61519bc5f46f97171b7ea2e6627247fcb3,627,14,14,111,
1.0,versemap-reference-d9969e023145ab13,william-shakespeare,William Shakespeare,william-shakespeare-9977d09c0610d411,Sonnet 101 - O truant Muse what shall be thy amends,William Shakespeare/Sonnet 101 - O truant Muse what shall be thy amends.txt,611,10cb8d3cdcc270126b01a71af8b1c2ae3b254004bdc4ce33ccb4e68180518055,10cb8d3cdcc270126b01a71af8b1c2ae3b254004bdc4ce33ccb4e68180518055,595,14,14,114,
1.0,versemap-reference-d9969e023145ab13,william-shakespeare,William Shakespeare,william-shakespeare-3d0332c9002425fc,"Sonnet 102 - My love is strengthen’d, though more weak in seeming;","William Shakespeare/Sonnet 102 - My love is strengthen’d, though more weak in seeming;.txt",654,e2cabb2e2f2fd1c629a72f6bbd0dca3a45a4c06709b9af788b8d7ffba2a74664,e2cabb2e2f2fd1c629a72f6bbd0dca3a45a4c06709b9af788b8d7ffba2a74664,646,14,14,117,
1.0,versemap-reference-d9969e023145ab13,william-shakespeare,William Shakespeare,william-shakespeare-6323d9b291b434a5,"Sonnet 103 - Alack! what poverty my Muse brings forth,","William Shakespeare/Sonnet 103 - Alack! what poverty my Muse brings forth,.txt",602,3b8bd6454f8f9853b9ebeff768d6eec0ff97ce5c92522e9bab6d311ca5e0619d,3b8bd6454f8f9853b9ebeff768d6eec0ff97ce5c92522e9bab6d311ca5e0619d,602,14,14,117,
1.0,versemap-reference-d9969e023145ab13,william-shakespeare,William Shakespeare,william-shakespeare-1497d9021cfdfefe,"Sonnet 104 - To me, fair friend, you never can be old,","William Shakespeare/Sonnet 104 - To me, fair friend, you never can be old,.txt",663,00de15743a8b7b72493faeab7f6fb78e424af5a4bbe7164e0f81f9071bc57a8f,00de15743a8b7b72493faeab7f6fb78e424af5a4bbe7164e0f81f9071bc57a8f,649,14,14,117,
1.0,versemap-reference-d9969e023145ab13,william-shakespeare,William Shakespeare,william-shakespeare-95557acbbb564b48,"Sonnet 105 - Let not my love be call’d idolatry,","William Shakespeare/Sonnet 105 - Let not my love be call’d idolatry,.txt",616,a3976633be19c00f08d6b8efe0767b03004432f58273ad488578d4c58c124166,a3976633be19c00f08d6b8efe0767b03004432f58273ad488578d4c58c124166,602,14,14,105,
1.0,versemap-reference-d9969e023145ab13,william-shakespeare,William Shakespeare,william-shakespeare-49fa14770d34a110,Sonnet 106 - When in the chronicle of wasted time,William Shakespeare/Sonnet 106 - When in the chronicle of wasted time.txt,607,2318ae34f5a673bdf53af8d0d520d7a0fded4f699d9e89f07c16a94b73729c1c,2318ae34f5a673bdf53af8d0d520d7a0fded4f699d9e89f07c16a94b73729c1c,603,14,14,110,
1.0,versemap-reference-d9969e023145ab13,william-shakespeare,William Shakespeare,william-shakespeare-7ccfb829cc56f49d,"Sonnet 107 - Not mine own fears, nor the prophetic soul","William Shakespeare/Sonnet 107 - Not mine own fears, nor the prophetic soul.txt",650,9e463db69fa0cd5341578f2c8b7de571161185f0f56cfc1ca1536d92f7c97006,9e463db69fa0cd5341578f2c8b7de571161185f0f56cfc1ca1536d92f7c97006,638,14,14,113,
1.0,versemap-reference-d9969e023145ab13,william-shakespeare,William Shakespeare,william-shakespeare-01afbb15e1324afa,"Sonnet 108 - What’s in the brain, that ink may character,","William Shakespeare/Sonnet 108 - What’s in the brain, that ink may character,.txt",635,1f346c1cfd7060f70c724ce49ed135961522de029d28ab260d3c42da3b1e9be0,1f346c1cfd7060f70c724ce49ed135961522de029d28ab260d3c42da3b1e9be0,623,14,14,115,
1.0,versemap-reference-d9969e023145ab13,william-shakespeare,William Shakespeare,william-shakespeare-6d4a831820617739,"Sonnet 109 - O! never say that I was false of heart,","William Shakespeare/Sonnet 109 - O! never say that I was false of heart,.txt",611,f570b84a28a745a8decbd88272187e762d0f38cbcf47fafe0d1b9b080b190db3,f570b84a28a745a8decbd88272187e762d0f38cbcf47fafe0d1b9b080b190db3,601,14,14,116,
1.0,versemap-reference-d9969e023145ab13,william-shakespeare,William Shakespeare,william-shakespeare-9dc38d34b7b78e30,"Sonnet 11 - As fast as thou shalt wane, so fast thou grow’st,","William Shakespeare/Sonnet 11 - As fast as thou shalt wane, so fast thou grow’st,.txt",693,406ce36ce161b91dd75d739d4dca46cb34bd448a08b49e1c8f79610ad5da55d4,406ce36ce161b91dd75d739d4dca46cb34bd448a08b49e1c8f79610ad5da55d4,685,14,14,116,
1.0,versemap-reference-d9969e023145ab13,william-shakespeare,William Shakespeare,william-shakespeare-17dbb75c6b8dd281,"Sonnet 110 - Alas! ’tis true, I have gone here and there,","William Shakespeare/Sonnet 110 - Alas! ’tis true, I have gone here and there,.txt",626,fb5f3a3bb3fa5e99c2c7ce7a1bfe75e10cab5e99ea39f9f287c7b3341b2c11b8,fb5f3a3bb3fa5e99c2c7ce7a1bfe75e10cab5e99ea39f9f287c7b3341b2c11b8,616,14,14,119,
1.0,versemap-reference-d9969e023145ab13,william-shakespeare,William Shakespeare,william-shakespeare-342a0ce1e8e7cfec,"Sonnet 111 - O! for my sake do you with Fortune chide,","William Shakespeare/Sonnet 111 - O! for my sake do you with Fortune chide,.txt",615,51277ae8f1e73d032196785399228036b0c45896ff4de4b75ad1bdd11f8ac8c2,51277ae8f1e73d032196785399228036b0c45896ff4de4b75ad1bdd11f8ac8c2,607,14,14,110,
1.0,versemap-reference-d9969e023145ab13,william-shakespeare,William Shakespeare,william-shakespeare-c5d6bd9a2f7d153f,"Sonnet 112 - Your love and pity doth the impression fill,","William Shakespeare/Sonnet 112 - Your love and pity doth the impression fill,.txt",613,ccda12d9acdc2ad47796aa4fa572dc1c37c6be765facbf4a5cc838dc97f4e961,ccda12d9acdc2ad47796aa4fa572dc1c37c6be765facbf4a5cc838dc97f4e961,603,14,14,114,
1.0,versemap-reference-d9969e023145ab13,william-shakespeare,William Shakespeare,william-shakespeare-e7273b6500dc40ca,"Sonnet 113 - Since I left you, mine eye is in my mind;","William Shakespeare/Sonnet 113 - Since I left you, mine eye is in my mind;.txt",615,ad9b4c3091d93761115ba504795f10463863b0e1d3c7b4ea628f3f2a392c261a,ad9b4c3091d93761115ba504795f10463863b0e1d3c7b4ea628f3f2a392c261a,611,14,14,117,
1.0,versemap-reference-d9969e023145ab13,william-shakespeare,William Shakespeare,william-shakespeare-48cd135b72e43f7b,"Sonnet 114 - Or whether doth my mind, being crown’d with you,","William Shakespeare/Sonnet 114 - Or whether doth my mind, being crown’d with you,.txt",633,1dcf9ea68dd7dfbae0bbe79de5fecfa0165d8f8f1f0b3df6dcbfc5e52e18434d,1dcf9ea68dd7dfbae0bbe79de5fecfa0165d8f8f1f0b3df6dcbfc5e52e18434d,619,14,14,114,
1.0,versemap-reference-d9969e023145ab13,william-shakespeare,William Shakespeare,william-shakespeare-9fdf579effa83370,"Sonnet 115 - Those lines that I before have writ do lie,","William Shakespeare/Sonnet 115 - Those lines that I before have writ do lie,.txt",661,3f85bdee783f162157164d8ff9812c7babd45618943029ea182a065780211476,3f85bdee783f162157164d8ff9812c7babd45618943029ea182a065780211476,647,14,14,115,
1.0,versemap-reference-d9969e023145ab13,william-shakespeare,William Shakespeare,william-shakespeare-fec853f7ee73b589,Sonnet 116 - Let me not to the marriage of true minds,William Shakespeare/Sonnet 116 - Let me not to the marriage of true minds.txt,602,03c864b6e773ba044067ca447ba9674d08d9f77ebf7e182170b49b8c0aae6389,03c864b6e773ba044067ca447ba9674d08d9f77ebf7e182170b49b8c0aae6389,590,14,14,109,
1.0,versemap-reference-d9969e023145ab13,william-shakespeare,William Shakespeare,william-shakespeare-d1d2f85c1c1fe90a,"Sonnet 117 - Accuse me thus that I have scanted all,","William Shakespeare/Sonnet 117 - Accuse me thus that I have scanted all,.txt",609,d79be6994ff78874a8a4394a13e66d8cbabf759b0d05c7cf51156babe85b560f,d79be6994ff78874a8a4394a13e66d8cbabf759b0d05c7cf51156babe85b560f,605,14,14,110,
1.0,versemap-reference-d9969e023145ab13,william-shakespeare,William Shakespeare,william-shakespeare-248ee14bf3467195,"Sonnet 118 - Like as, to make our appetite more keen,","William Shakespeare/Sonnet 118 - Like as, to make our appetite more keen,.txt",627,279f86343b984f663b6f6e5b0a5ae42bce34b24fada053553ca5f4a135a0b993,279f86343b984f663b6f6e5b0a5ae42bce34b24fada053553ca5f4a135a0b993,619,14,14,112,
1.0,versemap-reference-d9969e023145ab13,william-shakespeare,William Shakespeare,william-shakespeare-ca973e4676ecfd4d,"Sonnet 119 - What potions have I drunk of Siren tears,","William Shakespeare/Sonnet 119 - What potions have I drunk of Siren tears,.txt",627,7cd3935818240874e2a0f72f9725fa51e94cd55012732e01bc06ea2a3de00c01,7cd3935818240874e2a0f72f9725fa51e94cd55012732e01bc06ea2a3de00c01,621,14,14,113,
1.0,versemap-reference-d9969e023145ab13,william-shakespeare,William Shakespeare,william-shakespeare-f98df0e446ae74c2,"Sonnet 12 - When I do count the clock that tells the time,","William Shakespeare/Sonnet 12 - When I do count the clock that tells the time,.txt",642,b2ffe8ca8541daac3d91f67496221159c9fdc4ab897ed0fae52c3c33c2188171,b2ffe8ca8541daac3d91f67496221159c9fdc4ab897ed0fae52c3c33c2188171,634,14,14,118,
1.0,versemap-reference-d9969e023145ab13,william-shakespeare,William Shakespeare,william-shakespeare-11e15f53a3dc31bb,"Sonnet 120 - That you were once unkind befriends me now,","William Shakespeare/Sonnet 120 - That you were once unkind befriends me now,.txt",635,999d1bb7ebf9028fc71394d426eb25085714df86d9864bd0a09600bd2b7e85ec,999d1bb7ebf9028fc71394d426eb25085714df86d9864bd0a09600bd2b7e85ec,623,14,14,117,
1.0,versemap-reference-d9969e023145ab13,william-shakespeare,William Shakespeare,william-shakespeare-6261f728ad4cfc4f,"Sonnet 121 - ’Tis better to be vile than vile esteem’d,","William Shakespeare/Sonnet 121 - ’Tis better to be vile than vile esteem’d,.txt",630,a1a3ca8394e748f44a09631eee42e87470f61ca8a44605012b2a7d19530e15fd,a1a3ca8394e748f44a09631eee42e87470f61ca8a44605012b2a7d19530e15fd,620,14,14,115,
1.0,versemap-reference-d9969e023145ab13,william-shakespeare,William Shakespeare,william-shakespeare-097b6b567acfb5dc,"Sonnet 122 - Thy gift, thy tables, are within my brain","William Shakespeare/Sonnet 122 - Thy gift, thy tables, are within my brain.txt",582,dd4a149b9a772c506f3078b96be710b224582c2b9d27806fc28602d3cd75cf6d,dd4a149b9a772c506f3078b96be710b224582c2b9d27806fc28602d3cd75cf6d,576,14,14,105,
1.0,versemap-reference-d9969e023145ab13,william-shakespeare,William Shakespeare,william-shakespeare-6b1b382ba6a9f353,"Sonnet 123 - No, Time, thou shalt not boast that I do change","William Shakespeare/Sonnet 123 - No, Time, thou shalt not boast that I do change.txt",600,741afdaf8519647b2afae34a68e938476ad7b1ac2c69b3ebe5003c2fad6f71a1,741afdaf8519647b2afae34a68e938476ad7b1ac2c69b3ebe5003c2fad6f71a1,600,14,14,116,
1.0,versemap-reference-d9969e023145ab13,william-shakespeare,William Shakespeare,william-shakespeare-a54ee1ddfcefe3f5,"Sonnet 124 - If my dear love were but the child of state,","William Shakespeare/Sonnet 124 - If my dear love were but the child of state,.txt",640,642305802bd00904baee9dc73052a8a1083f6318e75a2d01c5bee062387918f9,642305802bd00904baee9dc73052a8a1083f6318e75a2d01c5bee062387918f9,626,14,14,109,
1.0,versemap-reference-d9969e023145ab13,william-shakespeare,William Shakespeare,william-shakespeare-c9a257c5ff9432ca,"Sonnet 125 - Were’t aught to me I bore the canopy,","William Shakespeare/Sonnet 125 - Were’t aught to me I bore the canopy,.txt",600,62d05c2b35e22acfba8f17fa079b7e2d9581b94c60cc5c8f69fe2d3a2ef380a6,62d05c2b35e22acfba8f17fa079b7e2d9581b94c60cc5c8f69fe2d3a2ef380a6,594,14,14,105,
1.0,versemap-reference-d9969e023145ab13,william-shakespeare,William Shakespeare,william-shakespeare-96d1b89b2ab1123d,"Sonnet 126 - O thou, my lovely boy, who in thy power","William Shakespeare/Sonnet 126 - O thou, my lovely boy, who in thy power.txt",557,b78c01ac89213f832cd93b18302b1306e4b83b4b3faa9087a5f2b341a33ef998,b78c01ac89213f832cd93b18302b1306e4b83b4b3faa9087a5f2b341a33ef998,551,12,12,96,
1.0,versemap-reference-d9969e023145ab13,william-shakespeare,William Shakespeare,william-shakespeare-c8a67c8562d28123,"Sonnet 127 - In the old age black was not counted fair,","William Shakespeare/Sonnet 127 - In the old age black was not counted fair,.txt",637,45cd8879ac0ee701683b37f910f5ccb164379af09544832a897d77ba34c61b74,45cd8879ac0ee701683b37f910f5ccb164379af09544832a897d77ba34c61b74,621,14,14,111,
1.0,versemap-reference-d9969e023145ab13,william-shakespeare,William Shakespeare,william-shakespeare-6e036b98b674f1d6,"Sonnet 128 - How oft when thou, my music, music play’st,","William Shakespeare/Sonnet 128 - How oft when thou, my music, music play’st,.txt",638,dc37c9f3e48584999bb7c4caf6831bbcb6daa4ca411ebd370b16d5b02acd5870,dc37c9f3e48584999bb7c4caf6831bbcb6daa4ca411ebd370b16d5b02acd5870,628,14,14,111,
1.0,versemap-reference-d9969e023145ab13,william-shakespeare,William Shakespeare,william-shakespeare-e3cd5b65e5d18c23,Sonnet 129 - The expense of spirit in a waste of shame,William Shakespeare/Sonnet 129 - The expense of spirit in a waste of shame.txt,611,25486d4f27ee53ccdfff980f0a7e7e7da4017d672f3345a8591642ce7d4060bb,25486d4f27ee53ccdfff980f0a7e7e7da4017d672f3345a8591642ce7d4060bb,603,14,14,110,
1.0,versemap-reference-d9969e023145ab13,william-shakespeare,William Shakespeare,william-shakespeare-1c04772212783a77,"Sonnet 13 - O! that you were your self; but, love you are","William Shakespeare/Sonnet 13 - O! that you were your self; but, love you are.txt",619,8872beb66bcd272b0e8c762df5f53af04a8222e6de1d5b4d4575cd87f51e1a97,8872beb66bcd272b0e8c762df5f53af04a8222e6de1d5b4d4575cd87f51e1a97,613,14,14,109,
1.0,versemap-reference-d9969e023145ab13,william-shakespeare,William Shakespeare,william-shakespeare-dd47bf08e3dc863e,Sonnet 130 - My mistress’ eyes are nothing like the sun;,William Shakespeare/Sonnet 130 - My mistress’ eyes are nothing like the sun;.txt,620,e3549bcc5224c607189d0ae05c20e43f6acb7f96ddedb330922590d7e0a4b92a,e3549bcc5224c607189d0ae05c20e43f6acb7f96ddedb330922590d7e0a4b92a,616,14,14,123,
1.0,versemap-reference-d9969e023145ab13,william-shakespeare,William Shakespeare,william-shakespeare-fe6ebb3030eb5f91,"Sonnet 131 - Thou art as tyrannous, so as thou art,","William Shakespeare/Sonnet 131 - Thou art as tyrannous, so as thou art,.txt",629,e96e49ae7783f4df9b25688f19f0f7726db2ce823b1e4e0cf1282086742d4c05,e96e49ae7783f4df9b25688f19f0f7726db2ce823b1e4e0cf1282086742d4c05,623,14,14,119,
1.0,versemap-reference-d9969e023145ab13,william-shakespeare,William Shakespeare,william-shakespeare-2cbebf17194d8213,"Sonnet 132 - Thine eyes I love, and they, as pitying me,","William Shakespeare/Sonnet 132 - Thine eyes I love, and they, as pitying me,.txt",601,a9d371fa2ccce69bf2d222042e2da8a62f1cc9716c77a6c38aa70e252baf58ed,a9d371fa2ccce69bf2d222042e2da8a62f1cc9716c77a6c38aa70e252baf58ed,601,14,14,114,
1.0,versemap-reference-d9969e023145ab13,william-shakespeare,William Shakespeare,william-shakespeare-a823f56f08fb68c5,Sonnet 133 - Beshrew that heart that makes my heart to groan,William Shakespeare/Sonnet 133 - Beshrew that heart that makes my heart to groan.txt,647,71221ed89119ca6d4d685df1dac487062ef082bbd2e8cad71a77b637cd95a911,71221ed89119ca6d4d685df1dac487062ef082bbd2e8cad71a77b637cd95a911,633,14,14,122,
1.0,versemap-reference-d9969e023145ab13,william-shakespeare,William Shakespeare,william-shakespeare-6a538950245c99ef,"Sonnet 134 - So, now I have confess’d that he is thine,","William Shakespeare/Sonnet 134 - So, now I have confess’d that he is thine,.txt",607,deba796cee37a47a75b4ef089e0e6d9314a2690ec9fdc369355a440f8e71dac2,deba796cee37a47a75b4ef089e0e6d9314a2690ec9fdc369355a440f8e71dac2,597,14,14,121,
1.0,versemap-reference-d9969e023145ab13,william-shakespeare,William Shakespeare,william-shakespeare-485f4c90d6fb1088,"Sonnet 135 - Whoever hath her wish, thou hast thy ‘Will,’","William Shakespeare/Sonnet 135 - Whoever hath her wish, thou hast thy ‘Will,’.txt",652,6f47948de91edc1365c73f0628c1bcb8c3a4b9826eb2ffad82d6f0d110106880,6f47948de91edc1365c73f0628c1bcb8c3a4b9826eb2ffad82d6f0d110106880,622,14,14,116,
1.0,versemap-reference-d9969e023145ab13,william-shakespeare,William Shakespeare,william-shakespeare-94bcd7c307102228,"Sonnet 136 - If thy soul check thee that I come so near,","William Shakespeare/Sonnet 136 - If thy soul check thee that I come so near,.txt",652,9d6a30a0ac526044f15feab1377ad54110860621b260b6e9b5180fdc65885b00,9d6a30a0ac526044f15feab1377ad54110860621b260b6e9b5180fdc65885b00,634,14,14,124,
1.0,versemap-reference-d9969e023145ab13,william-shakespeare,William Shakespeare,william-shakespeare-5f9a1cb86b199dbd,"Sonnet 137 - Thou blind fool, Love, what dost thou to mine eyes,","William Shakespeare/Sonnet 137 - Thou blind fool, Love, what dost thou to mine eyes,.txt",660,297ecdd4b532dabb6a9d810f805d27434af3e5d6fbe625afd127e1826a2e6aec,297ecdd4b532dabb6a9d810f805d27434af3e5d6fbe625afd127e1826a2e6aec,650,14,14,124,
1.0,versemap-reference-d9969e023145ab13,william-shakespeare,William Shakespeare,william-shakespeare-a951f00ba3a29cbe,"Sonnet 138 - When my love swears that she is made of truth,","William Shakespeare/Sonnet 138 - When my love swears that she is made of truth,.txt",632,cd6b77df73b03171a70e75debbcea27b1f15c52f3faec38f24d7aa5a73db4e25,cd6b77df73b03171a70e75debbcea27b1f15c52f3faec38f24d7aa5a73db4e25,624,14,14,117,
1.0,versemap-reference-d9969e023145ab13,william-shakespeare,William Shakespeare,william-shakespeare-d7010792297453ff,Sonnet 139 - O! call not me to justify the wrong,William Shakespeare/Sonnet 139 - O! call not me to justify the wrong.txt,647,94975ce5b8180cdd83035354b9ead9ee2f3c1499ad5cd3a22c05025155f40789,94975ce5b8180cdd83035354b9ead9ee2f3c1499ad5cd3a22c05025155f40789,639,14,14,120,
1.0,versemap-reference-d9969e023145ab13,william-shakespeare,William Shakespeare,william-shakespeare-be3531920a0e864b,Sonnet 14 - Not from the stars do I my judgement pluck;,William Shakespeare/Sonnet 14 - Not from the stars do I my judgement pluck;.txt,614,9be01efb4d005bd686b68bd29f9ccdd0219d541ed47560a8e79d814ba0197983,9be01efb4d005bd686b68bd29f9ccdd0219d541ed47560a8e79d814ba0197983,600,14,14,112,
1.0,versemap-reference-d9969e023145ab13,william-shakespeare,William Shakespeare,william-shakespeare-1104a80227fb760a,Sonnet 140 - Be wise as thou art cruel; do not press,William Shakespeare/Sonnet 140 - Be wise as thou art cruel; do not press.txt,626,df8925e3bc0f91a16085e687570264ac4ae917941d5118dfe9d282acecfba80a,df8925e3bc0f91a16085e687570264ac4ae917941d5118dfe9d282acecfba80a,626,14,14,118,
1.0,versemap-reference-d9969e023145ab13,william-shakespeare,William Shakespeare,william-shakespeare-b978a5e99b544135,"Sonnet 141 - In faith I do not love thee with mine eyes,","William Shakespeare/Sonnet 141 - In faith I do not love thee with mine eyes,.txt",632,ac8f345727397331b3da62b546cfe806adab7013303657b338dae5a945e65f79,ac8f345727397331b3da62b546cfe806adab7013303657b338dae5a945e65f79,624,14,14,118,
1.0,versemap-reference-d9969e023145ab13,william-shakespeare,William Shakespeare,william-shakespeare-4320852921ab232f,"Sonnet 142 - Love is my sin, and thy dear virtue hate,","William Shakespeare/Sonnet 142 - Love is my sin, and thy dear virtue hate,.txt",633,b9fe1e449562306e0907772f9b553d4aadaa8a2aa67bf6df56dcfb67ff263701,b9fe1e449562306e0907772f9b553d4aadaa8a2aa67bf6df56dcfb67ff263701,621,14,14,117,
1.0,versemap-reference-d9969e023145ab13,william-shakespeare,William Shakespeare,william-shakespeare-8b55982227571d8e,"Sonnet 143 - Lo, as a careful housewife runs to catch","William Shakespeare/Sonnet 143 - Lo, as a careful housewife runs to catch.txt",649,12243f136f3a71c6c8a4b53786939f72dfc5971d67941da61e1164518c3ef0bb,12243f136f3a71c6c8a4b53786939f72dfc5971d67941da61e1164518c3ef0bb,637,14,14,119,
1.0,versemap-reference-d9969e023145ab13,william-shakespeare,William Shakespeare,william-shakespeare-aad71caaa5aa1da2,"Sonnet 144 - Two loves I have of comfort and despair,","William Shakespeare/Sonnet 144 - Two loves I have of comfort and despair,.txt",590,09b533a538a96ffc697714a28cedf71804112e44155f58ba611e45d5287e83ca,09b533a538a96ffc697714a28cedf71804112e44155f58ba611e45d5287e83ca,582,14,14,113,
1.0,versemap-reference-d9969e023145ab13,william-shakespeare,William Shakespeare,william-shakespeare-cfab05047a4cb2a6,"Sonnet 145 - Those lips that Love’s own hand did make,","William Shakespeare/Sonnet 145 - Those lips that Love’s own hand did make,.txt",541,6a2e8f85028c8c285bd812023fa6ffec1e0fb6cd4c6d834d2ebab9951a3308e9,6a2e8f85028c8c285bd812023fa6ffec1e0fb6cd4c6d834d2ebab9951a3308e9,515,14,14,97,
1.0,versemap-reference-d9969e023145ab13,william-shakespeare,William Shakespeare,william-shakespeare-43b2b9214afc758c,"Sonnet 146 - Poor soul, the centre of my sinful earth,","William Shakespeare/Sonnet 146 - Poor soul, the centre of my sinful earth,.txt",622,16730c14a54e1bec7dde9be4740389160da57308bdb464338fcbb0e736300982,16730c14a54e1bec7dde9be4740389160da57308bdb464338fcbb0e736300982,616,14,14,112,
1.0,versemap-reference-d9969e023145ab13,william-shakespeare,William Shakespeare,william-shakespeare-c9cb3e166ccc8491,"Sonnet 147 - My love is as a fever longing still,","William Shakespeare/Sonnet 147 - My love is as a fever longing still,.txt",607,afc8ae17a19f4f9d65530f753aa45dc969f6befbdbe6c88280d1820c62f65ba9,afc8ae17a19f4f9d65530f753aa45dc969f6befbdbe6c88280d1820c62f65ba9,603,14,14,107,
1.0,versemap-reference-d9969e023145ab13,william-shakespeare,William Shakespeare,william-shakespeare-badb4dc001f434f7,"Sonnet 148 - O me! what eyes hath Love put in my head,","William Shakespeare/Sonnet 148 - O me! what eyes hath Love put in my head,.txt",643,dec3910d623899ea10b6ca8c9ffda6ae89410627a383dd34f8b91b943afb8e0b,dec3910d623899ea10b6ca8c9ffda6ae89410627a383dd34f8b91b943afb8e0b,635,14,14,123,
1.0,versemap-reference-d9969e023145ab13,william-shakespeare,William Shakespeare,william-shakespeare-df5a3e0c59344951,"Sonnet 149 - Canst thou, O cruel! say I love thee not,","William Shakespeare/Sonnet 149 - Canst thou, O cruel! say I love thee not,.txt",594,95a683b870425949762b214cc97390b86bd50654e32bac3e2004573bce444649,95a683b870425949762b214cc97390b86bd50654e32bac3e2004573bce444649,588,14,14,119,
1.0,versemap-reference-d9969e023145ab13,william-shakespeare,William Shakespeare,william-shakespeare-566cb3fa5e442f8d,Sonnet 15 - When I consider everything that grows,William Shakespeare/Sonnet 15 - When I consider everything that grows.txt,621,e29a4a243510e000aac9cf196692724d0c93a0bda83b333dcc967a2502faf522,e29a4a243510e000aac9cf196692724d0c93a0bda83b333dcc967a2502faf522,621,14,14,110,
1.0,versemap-reference-d9969e023145ab13,william-shakespeare,William Shakespeare,william-shakespeare-2e3124989accd8b7,"Sonnet 150 - O! from what power hast thou this powerful might,","William Shakespeare/Sonnet 150 - O! from what power hast thou this powerful might,.txt",620,1520319cb4368dada4129e02b97a49b04ca9c3f61f0c27316dc4ebd4c2a7d286,1520319cb4368dada4129e02b97a49b04ca9c3f61f0c27316dc4ebd4c2a7d286,616,14,14,118,
1.0,versemap-reference-d9969e023145ab13,william-shakespeare,William Shakespeare,william-shakespeare-548f120bf7fbc27e,"Sonnet 151 - Love is too young to know what conscience is,","William Shakespeare/Sonnet 151 - Love is too young to know what conscience is,.txt",622,9bd2c4539e5a9a91cf8a951b62ed0a97b91621d088a4a7b9d4c276ae54b28af1,9bd2c4539e5a9a91cf8a951b62ed0a97b91621d088a4a7b9d4c276ae54b28af1,616,14,14,119,
1.0,versemap-reference-d9969e023145ab13,william-shakespeare,William Shakespeare,william-shakespeare-f7db8d1e0e7a4d56,"Sonnet 152 - In loving thee thou know’st I am forsworn,","William Shakespeare/Sonnet 152 - In loving thee thou know’st I am forsworn,.txt",648,10d23e5fdc8cf7fb0fd804afdc75b26be3212711249f9fc0cad975301b8874ae,10d23e5fdc8cf7fb0fd804afdc75b26be3212711249f9fc0cad975301b8874ae,642,14,14,124,
1.0,versemap-reference-d9969e023145ab13,william-shakespeare,William Shakespeare,william-shakespeare-eccb7355f9faa46f,Sonnet 153 - Cupid laid by his brand and fell asleep,William Shakespeare/Sonnet 153 - Cupid laid by his brand and fell asleep.txt,631,7af211dd6091ee7d325afad5f8d12ca8433640b7965bb2a5286b938796a686d8,7af211dd6091ee7d325afad5f8d12ca8433640b7965bb2a5286b938796a686d8,619,14,14,109,
1.0,versemap-reference-d9969e023145ab13,william-shakespeare,William Shakespeare,william-shakespeare-c6e56117d4c3781f,"Sonnet 154 - The little Love-god lying once asleep,","William Shakespeare/Sonnet 154 - The little Love-god lying once asleep,.txt",615,1a8e270a0422c97fb1908a90a2047f575c398eeccc6bc0e2f2fb3b46efbb0c59,1a8e270a0422c97fb1908a90a2047f575c398eeccc6bc0e2f2fb3b46efbb0c59,603,14,14,107,
1.0,versemap-reference-d9969e023145ab13,william-shakespeare,William Shakespeare,william-shakespeare-6adf4a0268f9909c,Sonnet 16 - But wherefore do not you a mightier way,William Shakespeare/Sonnet 16 - But wherefore do not you a mightier way.txt,610,f90afbd9b76bf799027581dfae14649c95e0e406964997ed04bd0dfd6e64c684,f90afbd9b76bf799027581dfae14649c95e0e406964997ed04bd0dfd6e64c684,608,14,14,108,
1.0,versemap-reference-d9969e023145ab13,william-shakespeare,William Shakespeare,william-shakespeare-a6995c7662e0a970,"Sonnet 17 - Who will believe my verse in time to come,","William Shakespeare/Sonnet 17 - Who will believe my verse in time to come,.txt",674,b4ac15cc7a433d982f1cc04609ee39c14c3d2addb7b8ea51a822eb1e30a487f0,b4ac15cc7a433d982f1cc04609ee39c14c3d2addb7b8ea51a822eb1e30a487f0,654,14,14,124,
1.0,versemap-reference-d9969e023145ab13,william-shakespeare,William Shakespeare,william-shakespeare-d4c7b9834220f654,Sonnet 18 - Shall I compare thee to a summer’s day,William Shakespeare/Sonnet 18 - Shall I compare thee to a summer’s day.txt,647,2f33d9bc9dfa66f561f39f9bda361362752881d21bceb075e592dadce0a7784f,2f33d9bc9dfa66f561f39f9bda361362752881d21bceb075e592dadce0a7784f,631,14,14,114,
1.0,versemap-reference-d9969e023145ab13,william-shakespeare,William Shakespeare,william-shakespeare-3a8b16e14e2b13c7,"Sonnet 19 - Devouring Time, blunt thou the lion’s paws,","William Shakespeare/Sonnet 19 - Devouring Time, blunt thou the lion’s paws,.txt",650,5f857595db65124786cf177420fee81d49b74fae881bf9b70b64e153e6380d5c,5f857595db65124786cf177420fee81d49b74fae881bf9b70b64e153e6380d5c,638,14,14,115,
1.0,versemap-reference-d9969e023145ab13,william-shakespeare,William Shakespeare,william-shakespeare-393a06b2879a065b,"Sonnet 2 - When forty winters shall besiege thy brow,","William Shakespeare/Sonnet 2 - When forty winters shall besiege thy brow,.txt",653,e16dc83636a0ec2b57ddcf370d8b22c049f7ee182405ac35a4f68e5c13ad8a70,e16dc83636a0ec2b57ddcf370d8b22c049f7ee182405ac35a4f68e5c13ad8a70,637,14,14,115,
1.0,versemap-reference-d9969e023145ab13,william-shakespeare,William Shakespeare,william-shakespeare-a42f11037384dfe6,"Sonnet 20 - A woman’s face with nature’s own hand painted,","William Shakespeare/Sonnet 20 - A woman’s face with nature’s own hand painted,.txt",682,cde849fc6441b17e0586df17b75cb9c675c744e333b3e5c7a0c8be43729ab01b,cde849fc6441b17e0586df17b75cb9c675c744e333b3e5c7a0c8be43729ab01b,660,14,14,114,
1.0,versemap-reference-d9969e023145ab13,william-shakespeare,William Shakespeare,william-shakespeare-3e370b001e2315fb,"Sonnet 21 - So is it not with me as with that Muse,","William Shakespeare/Sonnet 21 - So is it not with me as with that Muse,.txt",636,172f1459d51628aa3cedabdae9d0273e9fbfdc7e13cc750b004972c31585b808,172f1459d51628aa3cedabdae9d0273e9fbfdc7e13cc750b004972c31585b808,622,14,14,117,
1.0,versemap-reference-d9969e023145ab13,william-shakespeare,William Shakespeare,william-shakespeare-86b4195a4b5f7890,"Sonnet 22 - My glass shall not persuade me I am old,","William Shakespeare/Sonnet 22 - My glass shall not persuade me I am old,.txt",607,f4fd8c163da93e0a8312c37b5c0835126d7cddff95f6b3edd13d79f409386f8e,f4fd8c163da93e0a8312c37b5c0835126d7cddff95f6b3edd13d79f409386f8e,603,14,14,122,
1.0,versemap-reference-d9969e023145ab13,william-shakespeare,William Shakespeare,william-shakespeare-fd51284828e1c2bb,"Sonnet 23 - As an unperfect actor on the stage,","William Shakespeare/Sonnet 23 - As an unperfect actor on the stage,.txt",644,6146da8c71881d34f79026b2ef5ce95af8ad2c8c02d2e23b56ef8408d7c2f441,6146da8c71881d34f79026b2ef5ce95af8ad2c8c02d2e23b56ef8408d7c2f441,628,14,14,114,
1.0,versemap-reference-d9969e023145ab13,william-shakespeare,William Shakespeare,william-shakespeare-1368da2fc6c7ef72,"Sonnet 24 - Mine eye hath play’d the painter and hath stell’d,","William Shakespeare/Sonnet 24 - Mine eye hath play’d the painter and hath stell’d,.txt",662,a8e12c2259b7456b7ad0a5f2141b1699b3a343c16515745973be4cb4fc8ce4c6,a8e12c2259b7456b7ad0a5f2141b1699b3a343c16515745973be4cb4fc8ce4c6,648,14,14,120,
1.0,versemap-reference-d9969e023145ab13,william-shakespeare,William Shakespeare,william-shakespeare-9c9e083b10a8b855,Sonnet 25 - Let those who are in favour with their stars,William Shakespeare/Sonnet 25 - Let those who are in favour with their stars.txt,608,7a78fbda47b7c82f689f12474f21e89ac05912e05cc38a1a35791aaee4fc03d0,7a78fbda47b7c82f689f12474f21e89ac05912e05cc38a1a35791aaee4fc03d0,594,14,14,108,
1.0,versemap-reference-d9969e023145ab13,william-shakespeare,William Shakespeare,william-shakespeare-884328d2537eb2a0,"Sonnet 26 - Lord of my love, to whom in vassalage","William Shakespeare/Sonnet 26 - Lord of my love, to whom in vassalage.txt",613,7d72aeeeb62a0a6e316810318c758f407d2345f4fd1209e3d9fe85bbb3cca2b0,7d72aeeeb62a0a6e316810318c758f407d2345f4fd1209e3d9fe85bbb3cca2b0,609,14,14,118,
1.0,versemap-reference-d9969e023145ab13,william-shakespeare,William Shakespeare,william-shakespeare-44e035f9f13ed2e7,"Sonnet 27 - Weary with toil, I haste me to my bed,","William Shakespeare/Sonnet 27 - Weary with toil, I haste me to my bed,.txt",608,9ffb6474fcbde0fe66bee7cd8102cbc7deab191141fd80f40f5ef3591a4d1909,9ffb6474fcbde0fe66bee7cd8102cbc7deab191141fd80f40f5ef3591a4d1909,600,14,14,111,
1.0,versemap-reference-d9969e023145ab13,william-shakespeare,William Shakespeare,william-shakespeare-ef5d729e6af442ef,"Sonnet 28 - How can I then return in happy plight,","William Shakespeare/Sonnet 28 - How can I then return in happy plight,.txt",657,4751430afa099357b45836058f119c7845c4f5aa511139ef34228574d05a2c99,4751430afa099357b45836058f119c7845c4f5aa511139ef34228574d05a2c99,641,14,14,116,
1.0,versemap-reference-d9969e023145ab13,william-shakespeare,William Shakespeare,william-shakespeare-6e5b1d8cfd0bfa33,Sonnet 29 - When in disgrace with fortune and men’s eyes,William Shakespeare/Sonnet 29 - When in disgrace with fortune and men’s eyes.txt,652,f05777c8f95c1dff20395ae5ee8325c688f64984394dcbb5cd55cdeb807f6fa5,f05777c8f95c1dff20395ae5ee8325c688f64984394dcbb5cd55cdeb807f6fa5,638,14,14,115,
1.0,versemap-reference-d9969e023145ab13,william-shakespeare,William Shakespeare,william-shakespeare-d124f6ab3b7996b5,Sonnet 3 - Look in thy glass and tell the face thou viewest,William Shakespeare/Sonnet 3 - Look in thy glass and tell the face thou viewest.txt,622,eff1bdac426b15ef858cfa616716f7b5456147791fbdd0ee2cb463db22fe6d22,eff1bdac426b15ef858cfa616716f7b5456147791fbdd0ee2cb463db22fe6d22,616,14,14,115,
1.0,versemap-reference-d9969e023145ab13,william-shakespeare,William Shakespeare,william-shakespeare-5d72705f0a043e03,Sonnet 30 - When to the sessions of sweet silent thought,William Shakespeare/Sonnet 30 - When to the sessions of sweet silent thought.txt,633,390853163dda087ab23fb2fccd517393fede1f64ac9a89da46ae87238d3cee59,390853163dda087ab23fb2fccd517393fede1f64ac9a89da46ae87238d3cee59,619,14,14,116,
1.0,versemap-reference-d9969e023145ab13,william-shakespeare,William Shakespeare,william-shakespeare-ee6ec757c5ec4f4c,"Sonnet 31 - Thy bosom is endeared with all hearts,","William Shakespeare/Sonnet 31 - Thy bosom is endeared with all hearts,.txt",614,5c1f0f639d0dc1313bb55c7ff7bc31478787204a83b2b88c2de75bb5846c4afb,5c1f0f639d0dc1313bb55c7ff7bc31478787204a83b2b88c2de75bb5846c4afb,606,14,14,115,
1.0,versemap-reference-d9969e023145ab13,william-shakespeare,William Shakespeare,william-shakespeare-2f5ffc0da5c3b681,"Sonnet 32 - If thou survive my well-contented day,","William Shakespeare/Sonnet 32 - If thou survive my well-contented day,.txt",651,03539ece62c4d1a51dc473a7ae732dafd37225aade6bb6614dde91052c63021e,03539ece62c4d1a51dc473a7ae732dafd37225aade6bb6614dde91052c63021e,639,14,14,114,
1.0,versemap-reference-d9969e023145ab13,william-shakespeare,William Shakespeare,william-shakespeare-7d5151be6ededdc1,Sonnet 33 - Full many a glorious morning have I seen,William Shakespeare/Sonnet 33 - Full many a glorious morning have I seen.txt,623,490c826986b18769590847e6d775769b6f420b1d8729c4cdfecdd45735fa9a85,490c826986b18769590847e6d775769b6f420b1d8729c4cdfecdd45735fa9a85,619,14,14,110,
1.0,versemap-reference-d9969e023145ab13,william-shakespeare,William Shakespeare,william-shakespeare-41e50de3d68c5edc,"Sonnet 34 - Why didst thou promise such a beauteous day,","William Shakespeare/Sonnet 34 - Why didst thou promise such a beauteous day,.txt",649,f52156127be9b2c105e7aacfd225890df42b4964a1ee128e41f776e9b3823229,f52156127be9b2c105e7aacfd225890df42b4964a1ee128e41f776e9b3823229,641,14,14,120,
1.0,versemap-reference-d9969e023145ab13,william-shakespeare,William Shakespeare,william-shakespeare-cf622389c96569e2,Sonnet 35 - No more be griev’d at that which thou hast done,William Shakespeare/Sonnet 35 - No more be griev’d at that which thou hast done.txt,597,83dc450f98bb05998b887db4382e51c624aa86fe4657b3e867bb25576f24613b,83dc450f98bb05998b887db4382e51c624aa86fe4657b3e867bb25576f24613b,593,14,14,106,
1.0,versemap-reference-d9969e023145ab13,william-shakespeare,William Shakespeare,william-shakespeare-55dc32d948a4bea0,"Sonnet 36 - Let me confess that we two must be twain,","William Shakespeare/Sonnet 36 - Let me confess that we two must be twain,.txt",609,cdc7ada7343b2eceaa4ba92a4610f18d3146c53131e8cb9a49a9dc52ae9eab82,cdc7ada7343b2eceaa4ba92a4610f18d3146c53131e8cb9a49a9dc52ae9eab82,605,14,14,113,
1.0,versemap-reference-d9969e023145ab13,william-shakespeare,William Shakespeare,william-shakespeare-643784021dfa236e,Sonnet 37 - As a decrepit father takes delight,William Shakespeare/Sonnet 37 - As a decrepit father takes delight.txt,598,ca887ec1474d0425365261e12ec82b0c41609df7808bdca98d2944716d3895c8,ca887ec1474d0425365261e12ec82b0c41609df7808bdca98d2944716d3895c8,592,14,14,116,
1.0,versemap-reference-d9969e023145ab13,william-shakespeare,William Shakespeare,william-shakespeare-5579f88b09eb7b24,"Sonnet 38 - How can my Muse want subject to invent,","William Shakespeare/Sonnet 38 - How can my Muse want subject to invent,.txt",627,d78811623e56265c6047da1c13b2fd806b7785f5d62c470387d65b8fcd94b823,d78811623e56265c6047da1c13b2fd806b7785f5d62c470387d65b8fcd94b823,623,14,14,112,
1.0,versemap-reference-d9969e023145ab13,william-shakespeare,William Shakespeare,william-shakespeare-5f38a93366281a40,"Sonnet 39 - O! how thy worth with manners may I sing,","William Shakespeare/Sonnet 39 - O! how thy worth with manners may I sing,.txt",627,83d9a5e862bb613dd492b82591197ebd6317af9f73a877d5070d44ff8eaca06c,83d9a5e862bb613dd492b82591197ebd6317af9f73a877d5070d44ff8eaca06c,623,14,14,119,
1.0,versemap-reference-d9969e023145ab13,william-shakespeare,William Shakespeare,william-shakespeare-e60242d4c6a624ce,"Sonnet 4 - Unthrifty loveliness, why dost thou spend","William Shakespeare/Sonnet 4 - Unthrifty loveliness, why dost thou spend.txt",601,24063338c8ee35015bbac3f0eaf844575e2edfda0ec13b5caf1b048346bc8228,24063338c8ee35015bbac3f0eaf844575e2edfda0ec13b5caf1b048346bc8228,595,14,14,101,
1.0,versemap-reference-d9969e023145ab13,william-shakespeare,William Shakespeare,william-shakespeare-26b0424abc1fbf11,"Sonnet 40 - Take all my loves, my love, yea take them all;","William Shakespeare/Sonnet 40 - Take all my loves, my love, yea take them all;.txt",649,329d4bd1ca11d2610a09b290d894af4e3cd72197b2ce41f661f23a7057ff0ab4,329d4bd1ca11d2610a09b290d894af4e3cd72197b2ce41f661f23a7057ff0ab4,643,14,14,120,
1.0,versemap-reference-d9969e023145ab13,william-shakespeare,William Shakespeare,william-shakespeare-a48ce76ccab5b662,"Sonnet 41 - Those pretty wrongs that liberty commits,","William Shakespeare/Sonnet 41 - Those pretty wrongs that liberty commits,.txt",618,b3911e87ff13b2d1cdfbeca939495272d87f29738e90c218d6741a00e535c5ba,b3911e87ff13b2d1cdfbeca939495272d87f29738e90c218d6741a00e535c5ba,612,14,14,110,
1.0,versemap-reference-d9969e023145ab13,william-shakespeare,William Shakespeare,william-shakespeare-40a05c2adb1dc6e4,"Sonnet 42 - That thou hast her it is not all my grief,","William Shakespeare/Sonnet 42 - That thou hast her it is not all my grief,.txt",640,d8f74f3473c1c18caf0513ec616d08f9f0a6a42a38472b2295b9a4f560c6ed5d,d8f74f3473c1c18caf0513ec616d08f9f0a6a42a38472b2295b9a4f560c6ed5d,634,14,14,130,
1.0,versemap-reference-d9969e023145ab13,william-shakespeare,William Shakespeare,william-shakespeare-3364153cd20380c4,"Sonnet 43 - When most I wink, then do mine eyes best see,","William Shakespeare/Sonnet 43 - When most I wink, then do mine eyes best see,.txt",651,a41a607ec78eae625220a14ad3d5efbae050732766f652270030cf21a380535f,a41a607ec78eae625220a14ad3d5efbae050732766f652270030cf21a380535f,649,14,14,122,
1.0,versemap-reference-d9969e023145ab13,william-shakespeare,William Shakespeare,william-shakespeare-cf52469259872b22,"Sonnet 44 - If the dull substance of my flesh were thought,","William Shakespeare/Sonnet 44 - If the dull substance of my flesh were thought,.txt",641,d6a81df65101d9d8b550da07c0be4794852e527c2736f0ac735cca510c210b15,d6a81df65101d9d8b550da07c0be4794852e527c2736f0ac735cca510c210b15,635,14,14,117,
1.0,versemap-reference-d9969e023145ab13,william-shakespeare,William Shakespeare,william-shakespeare-35b80407b7600867,"Sonnet 45 - The other two, slight air, and purging fire","William Shakespeare/Sonnet 45 - The other two, slight air, and purging fire.txt",613,d5a84f6b239ab1629698877a24e2058155850341047c80136915df776a0220f5,d5a84f6b239ab1629698877a24e2058155850341047c80136915df776a0220f5,603,14,14,105,
1.0,versemap-reference-d9969e023145ab13,william-shakespeare,William Shakespeare,william-shakespeare-52e274c190bcd1ee,"Sonnet 46 - Mine eye and heart are at a mortal war,","William Shakespeare/Sonnet 46 - Mine eye and heart are at a mortal war,.txt",623,72569f599befa4ba61aa7f41a2304ca496b6073b1c65bd7bdd95a2cc3864c3cc,72569f599befa4ba61aa7f41a2304ca496b6073b1c65bd7bdd95a2cc3864c3cc,613,14,14,115,
1.0,versemap-reference-d9969e023145ab13,william-shakespeare,William Shakespeare,william-shakespeare-a1d00905e96c1801,"Sonnet 47 - Betwixt mine eye and heart a league is took,","William Shakespeare/Sonnet 47 - Betwixt mine eye and heart a league is took,.txt",645,3bd7ea75ad377cd318405f9a99f5403c6ba3962efd8f588814358590372ee4f5,3bd7ea75ad377cd318405f9a99f5403c6ba3962efd8f588814358590372ee4f5,635,14,14,122,
1.0,versemap-reference-d9969e023145ab13,william-shakespeare,William Shakespeare,william-shakespeare-f58171df6b4fcfe9,"Sonnet 48 - How careful was I when I took my way,","William Shakespeare/Sonnet 48 - How careful was I when I took my way,.txt",614,4d3499c604cd71a21e0822e5e02b7528815f8089ce2a060589038e5ea41c27d0,4d3499c604cd71a21e0822e5e02b7528815f8089ce2a060589038e5ea41c27d0,610,14,14,117,
1.0,versemap-reference-d9969e023145ab13,william-shakespeare,William Shakespeare,william-shakespeare-ad407df51afc1c49,"Sonnet 49 - Against that time, if ever that time come,","William Shakespeare/Sonnet 49 - Against that time, if ever that time come,.txt",619,1f867d61ee6053771f6271f1e352a5f40d582bfbe067f268c5f2143e3ee00396,1f867d61ee6053771f6271f1e352a5f40d582bfbe067f268c5f2143e3ee00396,615,14,14,114,
1.0,versemap-reference-d9969e023145ab13,william-shakespeare,William Shakespeare,william-shakespeare-85bc1a9f54c6c517,"Sonnet 5 - Those hours, that with gentle work did frame","William Shakespeare/Sonnet 5 - Those hours, that with gentle work did frame.txt",641,f7851c50020d150586aba342cf23644c1cc815827192982ef899c72bd519f1b4,f7851c50020d150586aba342cf23644c1cc815827192982ef899c72bd519f1b4,633,14,14,104,
1.0,versemap-reference-d9969e023145ab13,william-shakespeare,William Shakespeare,william-shakespeare-3a8899df3235d757,"Sonnet 50 - How heavy do I journey on the way,","William Shakespeare/Sonnet 50 - How heavy do I journey on the way,.txt",620,d706f36115bec2f33545c3471e9c8cb1a9e151b74fecca2bd1a7d8a350d7fbf0,d706f36115bec2f33545c3471e9c8cb1a9e151b74fecca2bd1a7d8a350d7fbf0,612,14,14,118,
1.0,versemap-reference-d9969e023145ab13,william-shakespeare,William Shakespeare,william-shakespeare-648ba7f3a947876c,Sonnet 51 - Thus can my love excuse the slow offence,William Shakespeare/Sonnet 51 - Thus can my love excuse the slow offence.txt,640,5ebc303fd9078c1834c60a92bb479223e66a7189d78629c670c4caf410732a1f,5ebc303fd9078c1834c60a92bb479223e66a7189d78629c670c4caf410732a1f,632,14,14,119,
1.0,versemap-reference-d9969e023145ab13,william-shakespeare,William Shakespeare,william-shakespeare-f87b50f353380fe0,"Sonnet 52 - So am I as the rich, whose blessed key,","William Shakespeare/Sonnet 52 - So am I as the rich, whose blessed key,.txt",617,7eecf9af4c4a66f58c21959e61a37237017a8d7c7295f01ffb6b0001fe04c8ac,7eecf9af4c4a66f58c21959e61a37237017a8d7c7295f01ffb6b0001fe04c8ac,615,14,14,109,
1.0,versemap-reference-d9969e023145ab13,william-shakespeare,William Shakespeare,william-shakespeare-3bbe3e79e2418eda,"Sonnet 53 - What is your substance, whereof are you made,","William Shakespeare/Sonnet 53 - What is your substance, whereof are you made,.txt",590,86cdd49587819adfc9df5a84aedb11b014c13f1f6cf6c3ac6c9f51a3a48a6bdb,86cdd49587819adfc9df5a84aedb11b014c13f1f6cf6c3ac6c9f51a3a48a6bdb,588,14,14,107,
1.0,versemap-reference-d9969e023145ab13,william-shakespeare,William Shakespeare,william-shakespeare-92ffa9bbf3e11826,Sonnet 54 - O! how much more doth beauty beauteous seem,William Shakespeare/Sonnet 54 - O! how much more doth beauty beauteous seem.txt,632,02a9165217ae3b6cabe496b98fa0142370f6043b458cec13dfe2cda0096b2feb,02a9165217ae3b6cabe496b98fa0142370f6043b458cec13dfe2cda0096b2feb,628,14,14,112,
1.0,versemap-reference-d9969e023145ab13,william-shakespeare,William Shakespeare,william-shakespeare-04f66133bbc914e0,"Sonnet 55 - Not marble, nor the gilded monuments","William Shakespeare/Sonnet 55 - Not marble, nor the gilded monuments.txt",633,fab77684bbad4471efccf151cac048e8c34ce0712d96aff7cdd2f2837cc35dcd,fab77684bbad4471efccf151cac048e8c34ce0712d96aff7cdd2f2837cc35dcd,625,14,14,106,
1.0,versemap-reference-d9969e023145ab13,william-shakespeare,William Shakespeare,william-shakespeare-eb5ab4ec477ab380,"Sonnet 56 - Sweet love, renew thy force; be it not said","William Shakespeare/Sonnet 56 - Sweet love, renew thy force; be it not said.txt",633,28ca199b520ae1b5b06daa42bd4c852402cd55a685ceda5b061589440cabef29,28ca199b520ae1b5b06daa42bd4c852402cd55a685ceda5b061589440cabef29,629,14,14,112,
1.0,versemap-reference-d9969e023145ab13,william-shakespeare,William Shakespeare,william-shakespeare-88e5b617b014a549,"Sonnet 57 - Being your slave what should I do but tend,","William Shakespeare/Sonnet 57 - Being your slave what should I do but tend,.txt",619,bbc77dd3388658c986c56f32bf228d64b4e63c09b48894341a2542ff46f44c90,bbc77dd3388658c986c56f32bf228d64b4e63c09b48894341a2542ff46f44c90,619,14,14,117,
1.0,versemap-reference-d9969e023145ab13,william-shakespeare,William Shakespeare,william-shakespeare-d63f621b5e27b492,"Sonnet 58 - That god forbid, that made me first your slave,","William Shakespeare/Sonnet 58 - That god forbid, that made me first your slave,.txt",616,69989016958f040ea0bbb75755e27be6dbdb4098fa5f82f01082421eb1879cbd,69989016958f040ea0bbb75755e27be6dbdb4098fa5f82f01082421eb1879cbd,614,14,14,112,
1.0,versemap-reference-d9969e023145ab13,william-shakespeare,William Shakespeare,william-shakespeare-1649b160a8ebea48,"Sonnet 59 - If there be nothing new, but that which is","William Shakespeare/Sonnet 59 - If there be nothing new, but that which is.txt",596,3897ca9c90c36bf4e5be0aa40fa8578d632addba0cdc18958af27402d6458206,3897ca9c90c36bf4e5be0aa40fa8578d632addba0cdc18958af27402d6458206,590,14,14,109,
1.0,versemap-reference-d9969e023145ab13,william-shakespeare,William Shakespeare,william-shakespeare-f38f99b24b6107cf,"Sonnet 6 - Then let not winter’s ragged hand deface,","William Shakespeare/Sonnet 6 - Then let not winter’s ragged hand deface,.txt",634,679124c21417492632a349850333fe3533b0f16e172577621000390cb19a959a,679124c21417492632a349850333fe3533b0f16e172577621000390cb19a959a,618,14,14,108,
1.0,versemap-reference-d9969e023145ab13,william-shakespeare,William Shakespeare,william-shakespeare-10054dedefa5956d,"Sonnet 60 - Like as the waves make towards the pebbled shore,","William Shakespeare/Sonnet 60 - Like as the waves make towards the pebbled shore,.txt",633,c195ff92e981d1e9b18bcca2196560058f40d4ff03d6c43fe96af74f5540986c,c195ff92e981d1e9b18bcca2196560058f40d4ff03d6c43fe96af74f5540986c,625,14,14,108,
1.0,versemap-reference-d9969e023145ab13,william-shakespeare,William Shakespeare,william-shakespeare-87f3dd8c24b2cbc5,"Sonnet 61 - Is it thy will, thy image should keep open","William Shakespeare/Sonnet 61 - Is it thy will, thy image should keep open.txt",612,ca19f6c37c7f35069f7aa70b02d1f59a48db26de30ac58e837a7790693c2d12e,ca19f6c37c7f35069f7aa70b02d1f59a48db26de30ac58e837a7790693c2d12e,610,14,14,121,
1.0,versemap-reference-d9969e023145ab13,william-shakespeare,William Shakespeare,william-shakespeare-de86c0da0622b3c5,Sonnet 62 - Sin of self-love possesseth all mine eye,William Shakespeare/Sonnet 62 - Sin of self-love possesseth all mine eye.txt,579,45e6a834a92113ba2dd2ad7eaacb761ccaee88b63cbed000640eae620821389f,45e6a834a92113ba2dd2ad7eaacb761ccaee88b63cbed000640eae620821389f,575,14,14,107,
1.0,versemap-reference-d9969e023145ab13,william-shakespeare,William Shakespeare,william-shakespeare-2f5cf1924dd3c972,"Sonnet 63 - Against my love shall be as I am now,","William Shakespeare/Sonnet 63 - Against my love shall be as I am now,.txt",640,97d2526fd0c27e06e47de477b1d19223592d162b3ddb92b23e128a731b8d038a,97d2526fd0c27e06e47de477b1d19223592d162b3ddb92b23e128a731b8d038a,618,14,14,110,
1.0,versemap-reference-d9969e023145ab13,william-shakespeare,William Shakespeare,william-shakespeare-ca83c3bbb60db405,Sonnet 64 - When I have seen by Time’s fell hand defac’d,William Shakespeare/Sonnet 64 - When I have seen by Time’s fell hand defac’d.txt,613,059d20ab37128d052de60033c76b0579f7c1bca37cc9f7d33fe9254c7c278b8a,059d20ab37128d052de60033c76b0579f7c1bca37cc9f7d33fe9254c7c278b8a,607,14,14,111,
1.0,versemap-reference-d9969e023145ab13,william-shakespeare,William Shakespeare,william-shakespeare-a2900825f37cf742,"Sonnet 65 - Since brass, nor stone, nor earth, nor boundless sea,","William Shakespeare/Sonnet 65 - Since brass, nor stone, nor earth, nor boundless sea,.txt",644,6a9a32b9900f798c17e139d37f1dc9e5cb8d2eabfa534af123fd630645b2f378,6a9a32b9900f798c17e139d37f1dc9e5cb8d2eabfa534af123fd630645b2f378,636,14,14,112,
1.0,versemap-reference-d9969e023145ab13,william-shakespeare,William Shakespeare,william-shakespeare-eef72b9f2cdf1da3,"Sonnet 66 - Tired with all these, for restful death I cry","William Shakespeare/Sonnet 66 - Tired with all these, for restful death I cry.txt",586,ef32b440c3cae95ba2bd8b0f9b803708f6f90537d586808615265fe79bd565ba,ef32b440c3cae95ba2bd8b0f9b803708f6f90537d586808615265fe79bd565ba,576,14,14,89,
1.0,versemap-reference-d9969e023145ab13,william-shakespeare,William Shakespeare,william-shakespeare-c53423c8bf431e38,"Sonnet 67 - Ah! wherefore with infection should he live,","William Shakespeare/Sonnet 67 - Ah! wherefore with infection should he live,.txt",601,8925fad04fe3b42557ea88d518fc8e49dd8257caa50ae5bd3badb618673fee20,8925fad04fe3b42557ea88d518fc8e49dd8257caa50ae5bd3badb618673fee20,599,14,14,106,
1.0,versemap-reference-d9969e023145ab13,william-shakespeare,William Shakespeare,william-shakespeare-f750246cdab4bdeb,"Sonnet 68 - Thus is his cheek the map of days outworn,","William Shakespeare/Sonnet 68 - Thus is his cheek the map of days outworn,.txt",585,0fc8c3125de03c7fe317b393d2eea7871fe2e2269c5e44f809cb76fa03c26f14,0fc8c3125de03c7fe317b393d2eea7871fe2e2269c5e44f809cb76fa03c26f14,581,14,14,108,
1.0,versemap-reference-d9969e023145ab13,william-shakespeare,William Shakespeare,william-shakespeare-a7771c382d4ee66e,Sonnet 69 - Those parts of thee that the world’s eye doth view,William Shakespeare/Sonnet 69 - Those parts of thee that the world’s eye doth view.txt,676,cae639c3facd46e9afe4c1843dc208538dc0203beb905a6cdddddaacefd69618,cae639c3facd46e9afe4c1843dc208538dc0203beb905a6cdddddaacefd69618,672,14,14,123,
1.0,versemap-reference-d9969e023145ab13,william-shakespeare,William Shakespeare,william-shakespeare-a95bab1b923d4132,Sonnet 7 - Lo! in the orient when the gracious light,William Shakespeare/Sonnet 7 - Lo! in the orient when the gracious light.txt,598,6ff271f043307f9a076c0656f07c160b5cc97c39745a990d9568bac77c6d579a,6ff271f043307f9a076c0656f07c160b5cc97c39745a990d9568bac77c6d579a,592,14,14,100,
1.0,versemap-reference-d9969e023145ab13,william-shakespeare,William Shakespeare,william-shakespeare-9a84cea7242a79ee,"Sonnet 70 - That thou art blam’d shall not be thy defect,","William Shakespeare/Sonnet 70 - That thou art blam’d shall not be thy defect,.txt",631,ee501b6b584c747f3e4e6ee2a3b0ad83448d4e80d8acbb9c44c1642423954678,ee501b6b584c747f3e4e6ee2a3b0ad83448d4e80d8acbb9c44c1642423954678,613,14,14,110,
1.0,versemap-reference-d9969e023145ab13,william-shakespeare,William Shakespeare,william-shakespeare-1da4b53e55e0c20f,Sonnet 71 - No longer mourn for me when I am dead,William Shakespeare/Sonnet 71 - No longer mourn for me when I am dead.txt,601,2cea7f58039959c5dd6319bfe8f82092e9af137f15ac9b273b0db18cbd2158a4,2cea7f58039959c5dd6319bfe8f82092e9af137f15ac9b273b0db18cbd2158a4,601,14,14,123,
1.0,versemap-reference-d9969e023145ab13,william-shakespeare,William Shakespeare,william-shakespeare-a3bfcf1516ce36d8,Sonnet 72 - O! lest the world should task you to recite,William Shakespeare/Sonnet 72 - O! lest the world should task you to recite.txt,605,5cad2236364e59b3b735e76fcc9e2cb13d9825d344985efde6e5626c53fe46f9,5cad2236364e59b3b735e76fcc9e2cb13d9825d344985efde6e5626c53fe46f9,605,14,14,119,
1.0,versemap-reference-d9969e023145ab13,william-shakespeare,William Shakespeare,william-shakespeare-3b2e5220ba8ce24b,Sonnet 73 - That time of year thou mayst in me behold,William Shakespeare/Sonnet 73 - That time of year thou mayst in me behold.txt,661,eba4fd029b06f60bf3063494593c01b794c73f90184d82e45fe753b30cad9010,eba4fd029b06f60bf3063494593c01b794c73f90184d82e45fe753b30cad9010,647,14,14,121,
1.0,versemap-reference-d9969e023145ab13,william-shakespeare,William Shakespeare,william-shakespeare-7bac43c83ca25881,Sonnet 74 - But be contented when that fell arrest,William Shakespeare/Sonnet 74 - But be contented when that fell arrest.txt,600,d9c8d2c3d216aec6637af1275a864d79af45d9782168931b569394c21af34573,d9c8d2c3d216aec6637af1275a864d79af45d9782168931b569394c21af34573,598,14,14,113,
1.0,versemap-reference-d9969e023145ab13,william-shakespeare,William Shakespeare,william-shakespeare-3bdf049ee6f834a0,"Sonnet 75 - So are you to my thoughts as food to life,","William Shakespeare/Sonnet 75 - So are you to my thoughts as food to life,.txt",607,e1ad2a5f336f5ea180b08c434dc0c5ec9280511a3b62301d1ab99cb2513c37ce,e1ad2a5f336f5ea180b08c434dc0c5ec9280511a3b62301d1ab99cb2513c37ce,601,14,14,117,
1.0,versemap-reference-d9969e023145ab13,william-shakespeare,William Shakespeare,william-shakespeare-b3120b7a21bf00d0,"Sonnet 76 - Why is my verse so barren of new pride,","William Shakespeare/Sonnet 76 - Why is my verse so barren of new pride,.txt",585,88a49ef14bfb591ab2617c5bbe9d1acf59f99e99930d0c6d408db19035608f4d,88a49ef14bfb591ab2617c5bbe9d1acf59f99e99930d0c6d408db19035608f4d,585,14,14,114,
1.0,versemap-reference-d9969e023145ab13,william-shakespeare,William Shakespeare,william-shakespeare-62acb1b5a1c874a9,"Sonnet 77 - Thy glass will show thee how thy beauties wear,","William Shakespeare/Sonnet 77 - Thy glass will show thee how thy beauties wear,.txt",635,e77ab206e9699d30e504a8ea2d01fb9981013e4559fbf0aa148bbaef49b42180,e77ab206e9699d30e504a8ea2d01fb9981013e4559fbf0aa148bbaef49b42180,627,14,14,107,
1.0,versemap-reference-d9969e023145ab13,william-shakespeare,William Shakespeare,william-shakespeare-0c89f956aaac4e54,"Sonnet 78 - So oft have I invoked thee for my Muse,","William Shakespeare/Sonnet 78 - So oft have I invoked thee for my Muse,.txt",584,264cf47f5e80af0048c32d92b86e5291295a91aaa18bdf13f4af18accbc6926c,264cf47f5e80af0048c32d92b86e5291295a91aaa18bdf13f4af18accbc6926c,580,14,14,110,
1.0,versemap-reference-d9969e023145ab13,william-shakespeare,William Shakespeare,william-shakespeare-67b9f1376ff89494,"Sonnet 79 - Whilst I alone did call upon thy aid,","William Shakespeare/Sonnet 79 - Whilst I alone did call upon thy aid,.txt",602,b1fc8f0351b48b44423bf45053c7bd4bd51eae0a2caf162c250a10de1677f46d,b1fc8f0351b48b44423bf45053c7bd4bd51eae0a2caf162c250a10de1677f46d,600,14,14,117,
1.0,versemap-reference-d9969e023145ab13,william-shakespeare,William Shakespeare,william-shakespeare-0c83aec412e1451c,"Sonnet 8 - Music to hear, why hear’st thou music sadly","William Shakespeare/Sonnet 8 - Music to hear, why hear’st thou music sadly.txt",664,e65a4dc50eac126ec19bb43d9aeed722b0c043c96c0586ab7c6e3ef5f4a47bad,e65a4dc50eac126ec19bb43d9aeed722b0c043c96c0586ab7c6e3ef5f4a47bad,652,14,14,110,
1.0,versemap-reference-d9969e023145ab13,william-shakespeare,William Shakespeare,william-shakespeare-461695acd64bff7d,"Sonnet 80 - O how I faint when I of you do write,","William Shakespeare/Sonnet 80 - O how I faint when I of you do write,.txt",605,e46da4362e4b9acb7b21883be1ada1194d51713b653dbd85f81b47e99808c9c6,e46da4362e4b9acb7b21883be1ada1194d51713b653dbd85f81b47e99808c9c6,603,14,14,116,
1.0,versemap-reference-d9969e023145ab13,william-shakespeare,William Shakespeare,william-shakespeare-290b0ff8bfea8c3e,"Sonnet 81 - Or I shall live your epitaph to make,","William Shakespeare/Sonnet 81 - Or I shall live your epitaph to make,.txt",638,404fbd75f170a76b8f489bb2ca8bc907638170804c0dd7aa24a6759d58808752,404fbd75f170a76b8f489bb2ca8bc907638170804c0dd7aa24a6759d58808752,634,14,14,117,
1.0,versemap-reference-d9969e023145ab13,william-shakespeare,William Shakespeare,william-shakespeare-751c033abfc5f83d,"Sonnet 82 - I grant thou wert not married to my Muse,","William Shakespeare/Sonnet 82 - I grant thou wert not married to my Muse,.txt",625,548d792dbc08f738eea6c84378a04e3ec890031c3ece3cef2af6f797d2ddbb6a,548d792dbc08f738eea6c84378a04e3ec890031c3ece3cef2af6f797d2ddbb6a,615,14,14,105,
1.0,versemap-reference-d9969e023145ab13,william-shakespeare,William Shakespeare,william-shakespeare-9e1c1ff576f822a3,"Sonnet 83 - I never saw that you did painting need,","William Shakespeare/Sonnet 83 - I never saw that you did painting need,.txt",613,c5c775913eda89bcab969814eb1d9077cf0cd1559ece15eb7c609be26b2c0606,c5c775913eda89bcab969814eb1d9077cf0cd1559ece15eb7c609be26b2c0606,611,14,14,116,
1.0,versemap-reference-d9969e023145ab13,william-shakespeare,William Shakespeare,william-shakespeare-decf294e1e3ef83b,"Sonnet 84 - Who is it that says most, which can say more,","William Shakespeare/Sonnet 84 - Who is it that says most, which can say more,.txt",616,5579dd04711a05861076bf9d2b725c8ce0e5920741093453fea17a4e14a9c7bb,5579dd04711a05861076bf9d2b725c8ce0e5920741093453fea17a4e14a9c7bb,616,14,14,115,
1.0,versemap-reference-d9969e023145ab13,william-shakespeare,William Shakespeare,william-shakespeare-aeeb3bc90c53c3f5,"Sonnet 85 - My tongue-tied Muse in manners holds her still,","William Shakespeare/Sonnet 85 - My tongue-tied Muse in manners holds her still,.txt",667,a96e4f96a6bc9a8ff349b1e959ba8b92fb61db440aae1a1e10b54dfccdae6906,a96e4f96a6bc9a8ff349b1e959ba8b92fb61db440aae1a1e10b54dfccdae6906,649,14,14,110,
1.0,versemap-reference-d9969e023145ab13,william-shakespeare,William Shakespeare,william-shakespeare-a18caa71eb6d6a40,"Sonnet 86 - Was it the proud full sail of his great verse,","William Shakespeare/Sonnet 86 - Was it the proud full sail of his great verse,.txt",612,166d173971b13c3a2391d07ae24a26a462374c35a4c816c2f74773057cfe1809,166d173971b13c3a2391d07ae24a26a462374c35a4c816c2f74773057cfe1809,610,14,14,110,
1.0,versemap-reference-d9969e023145ab13,william-shakespeare,William Shakespeare,william-shakespeare-51438994be3452f7,"Sonnet 87 - Farewell! thou art too dear for my possessing,","William Shakespeare/Sonnet 87 - Farewell! thou art too dear for my possessing,.txt",643,6138d6ce50ff71aa7d3077c66f5d11394d0bda1a67aec3d222146da9c7d540bc,6138d6ce50ff71aa7d3077c66f5d11394d0bda1a67aec3d222146da9c7d540bc,637,14,14,117,
1.0,versemap-reference-d9969e023145ab13,william-shakespeare,William Shakespeare,william-shakespeare-429107e9f0c3af0e,"Sonnet 88 - When thou shalt be dispos’d to set me light,","William Shakespeare/Sonnet 88 - When thou shalt be dispos’d to set me light,.txt",605,99814963e90f85a8df0259eb5e576bb6351b5d239a99ac617ae805d0030a29b6,99814963e90f85a8df0259eb5e576bb6351b5d239a99ac617ae805d0030a29b6,599,14,14,112,
1.0,versemap-reference-d9969e023145ab13,william-shakespeare,William Shakespeare,william-shakespeare-d838450af244e33f,"Sonnet 89 - Say that thou didst forsake me for some fault,","William Shakespeare/Sonnet 89 - Say that thou didst forsake me for some fault,.txt",620,4b587d822beb06e6b92e1478c6d49391bf9661fdbd6edc60686102bb0b265fea,4b587d822beb06e6b92e1478c6d49391bf9661fdbd6edc60686102bb0b265fea,614,14,14,112,
1.0,versemap-reference-d9969e023145ab13,william-shakespeare,William Shakespeare,william-shakespeare-6b01be838f51ec1e,"Sonnet 9 - Is it for fear to wet a widow’s eye,","William Shakespeare/Sonnet 9 - Is it for fear to wet a widow’s eye,.txt",636,7491ef7078635afb0c8ee498329342c725c6755627b7d2f76318fc6ee7172e99,7491ef7078635afb0c8ee498329342c725c6755627b7d2f76318fc6ee7172e99,624,14,14,117,
1.0,versemap-reference-d9969e023145ab13,william-shakespeare,William Shakespeare,william-shakespeare-3b3fcf4e91f3cc62,"Sonnet 90 - Then hate me when thou wilt; if ever, now;","William Shakespeare/Sonnet 90 - Then hate me when thou wilt; if ever, now;.txt",630,99ea8ecbaefa98ac8f3c67df74725f1c0f9a840cca4d1dd26bde73f949d29b05,99ea8ecbaefa98ac8f3c67df74725f1c0f9a840cca4d1dd26bde73f949d29b05,618,14,14,121,
1.0,versemap-reference-d9969e023145ab13,william-shakespeare,William Shakespeare,william-shakespeare-8e9217e3a15a8458,"Sonnet 91 - Some glory in their birth, some in their skill,","William Shakespeare/Sonnet 91 - Some glory in their birth, some in their skill,.txt",643,6205e8f34d71668113eb26fe7d022d07b36869329dd34f134bc67c8578420454,6205e8f34d71668113eb26fe7d022d07b36869329dd34f134bc67c8578420454,637,14,14,114,
1.0,versemap-reference-d9969e023145ab13,william-shakespeare,William Shakespeare,william-shakespeare-d58b403fd5129992,"Sonnet 92 - But do thy worst to steal thyself away,","William Shakespeare/Sonnet 92 - But do thy worst to steal thyself away,.txt",590,54966198b1671801c34ded6cc11d217f2b6079c1e33863792b5b98af2de7c611,54966198b1671801c34ded6cc11d217f2b6079c1e33863792b5b98af2de7c611,588,14,14,120,
1.0,versemap-reference-d9969e023145ab13,william-shakespeare,William Shakespeare,william-shakespeare-2a550f3228dc7171,"Sonnet 93 - So shall I live, supposing thou art true,","William Shakespeare/Sonnet 93 - So shall I live, supposing thou art true,.txt",651,4fb2ccc3f2b1fc93eeb5b61f315bb08fc1348263da51a2d050614e95fac94a6d,4fb2ccc3f2b1fc93eeb5b61f315bb08fc1348263da51a2d050614e95fac94a6d,637,14,14,114,
1.0,versemap-reference-d9969e023145ab13,william-shakespeare,William Shakespeare,william-shakespeare-5e428ed1721ece8a,"Sonnet 94 - They that have power to hurt, and will do none,","William Shakespeare/Sonnet 94 - They that have power to hurt, and will do none,.txt",626,da3e9c3a44c5e724aa4e7f1c15ef989af1f67361d5b01a9b43db55fb91a39956,da3e9c3a44c5e724aa4e7f1c15ef989af1f67361d5b01a9b43db55fb91a39956,620,14,14,106,
1.0,versemap-reference-d9969e023145ab13,william-shakespeare,William Shakespeare,william-shakespeare-f547be8d2b04840f,Sonnet 95 - How sweet and lovely dost thou make the shame,William Shakespeare/Sonnet 95 - How sweet and lovely dost thou make the shame.txt,626,ac9e48fb66a6ee103a4284a6008859faeb78e6057c22eafa6118f94042351213,ac9e48fb66a6ee103a4284a6008859faeb78e6057c22eafa6118f94042351213,622,14,14,112,
1.0,versemap-reference-d9969e023145ab13,william-shakespeare,William Shakespeare,william-shakespeare-2499fb9da3845088,"Sonnet 96 - Some say thy fault is youth, some wantonness;","William Shakespeare/Sonnet 96 - Some say thy fault is youth, some wantonness;.txt",640,a6de1df163d179ada5f2655a2a76468855feaceb67b27d303de6517d34cfea2b,a6de1df163d179ada5f2655a2a76468855feaceb67b27d303de6517d34cfea2b,632,14,14,120,
1.0,versemap-reference-d9969e023145ab13,william-shakespeare,William Shakespeare,william-shakespeare-301a75dbf6a3c16f,Sonnet 97 - How like a winter hath my absence been,William Shakespeare/Sonnet 97 - How like a winter hath my absence been.txt,635,4589ad528f8e38d1559ca4dcee03c333c85eb78afab56350a3e6ff09b1fe5814,4589ad528f8e38d1559ca4dcee03c333c85eb78afab56350a3e6ff09b1fe5814,619,14,14,107,
1.0,versemap-reference-d9969e023145ab13,william-shakespeare,William Shakespeare,william-shakespeare-13a6b87db465fcd2,"Sonnet 98 - From you have I been absent in the spring,","William Shakespeare/Sonnet 98 - From you have I been absent in the spring,.txt",635,80b6533bac81dbf390ea545012c5eaedf2afdf75742034ceea733d3ecb6cd9e4,80b6533bac81dbf390ea545012c5eaedf2afdf75742034ceea733d3ecb6cd9e4,623,14,14,118,
1.0,versemap-reference-d9969e023145ab13,william-shakespeare,William Shakespeare,william-shakespeare-e5c7772835653de6,Sonnet 99 - The forward violet thus did I chide,William Shakespeare/Sonnet 99 - The forward violet thus did I chide.txt,687,d5c098358a947e402ec099ee1fec2647483445a195ff790465ea223ca8e5195a,d5c098358a947e402ec099ee1fec2647483445a195ff790465ea223ca8e5195a,673,15,15,125,
